group	target	artifact	query	rc	result
corpus	boxed_bool__df	/home/af/Documenti/a-phd/repro-results/pre-must-final118-20260919T120729Z/main/raw/boxed_bool__df/annotated_icfg_v2.json	allocator_mismatch_ub	0	ff
corpus	boxed_bool__df	/home/af/Documenti/a-phd/repro-results/pre-must-final118-20260919T120729Z/main/raw/boxed_bool__df/annotated_icfg_v2.json	allocator_mismatch_ub_v2	0	ff
corpus	boxed_bool__df	/home/af/Documenti/a-phd/repro-results/pre-must-final118-20260919T120729Z/main/raw/boxed_bool__df/annotated_icfg_v2.json	double_free_alloc	0	unk
corpus	boxed_bool__df	/home/af/Documenti/a-phd/repro-results/pre-must-final118-20260919T120729Z/main/raw/boxed_bool__df/annotated_icfg_v2.json	double_free_alloc_state	0	unk
corpus	boxed_bool__df	/home/af/Documenti/a-phd/repro-results/pre-must-final118-20260919T120729Z/main/raw/boxed_bool__df/annotated_icfg_v2.json	leak_alloc	0	unk
corpus	boxed_bool__df	/home/af/Documenti/a-phd/repro-results/pre-must-final118-20260919T120729Z/main/raw/boxed_bool__df/annotated_icfg_v2.json	leak_alloc_state	0	unk
corpus	boxed_bool__df	/home/af/Documenti/a-phd/repro-results/pre-must-final118-20260919T120729Z/main/raw/boxed_bool__df/annotated_icfg_v2.json	mir_rvalue_presence	0	ff
corpus	boxed_bool__df	/home/af/Documenti/a-phd/repro-results/pre-must-final118-20260919T120729Z/main/raw/boxed_bool__df/annotated_icfg_v2.json	mir_statement_presence	0	tt
corpus	boxed_bool__df	/home/af/Documenti/a-phd/repro-results/pre-must-final118-20260919T120729Z/main/raw/boxed_bool__df/annotated_icfg_v2.json	mir_structural_allocator_example	0	ff
corpus	boxed_bool__df	/home/af/Documenti/a-phd/repro-results/pre-must-final118-20260919T120729Z/main/raw/boxed_bool__df/annotated_icfg_v2.json	mir_terminator_presence	0	tt
corpus	boxed_bool__df	/home/af/Documenti/a-phd/repro-results/pre-must-final118-20260919T120729Z/main/raw/boxed_bool__df/annotated_icfg_v2.json	use_after_free_alloc	0	ff
corpus	boxed_bool__df	/home/af/Documenti/a-phd/repro-results/pre-must-final118-20260919T120729Z/main/raw/boxed_bool__df/annotated_icfg_v2.json	use_after_free_alloc_state	0	ff
corpus	boxed_bool__ml	/home/af/Documenti/a-phd/repro-results/pre-must-final118-20260919T120729Z/main/raw/boxed_bool__ml/annotated_icfg_v2.json	allocator_mismatch_ub	0	ff
corpus	boxed_bool__ml	/home/af/Documenti/a-phd/repro-results/pre-must-final118-20260919T120729Z/main/raw/boxed_bool__ml/annotated_icfg_v2.json	allocator_mismatch_ub_v2	0	ff
corpus	boxed_bool__ml	/home/af/Documenti/a-phd/repro-results/pre-must-final118-20260919T120729Z/main/raw/boxed_bool__ml/annotated_icfg_v2.json	double_free_alloc	0	ff
corpus	boxed_bool__ml	/home/af/Documenti/a-phd/repro-results/pre-must-final118-20260919T120729Z/main/raw/boxed_bool__ml/annotated_icfg_v2.json	double_free_alloc_state	0	ff
corpus	boxed_bool__ml	/home/af/Documenti/a-phd/repro-results/pre-must-final118-20260919T120729Z/main/raw/boxed_bool__ml/annotated_icfg_v2.json	leak_alloc	0	unk
corpus	boxed_bool__ml	/home/af/Documenti/a-phd/repro-results/pre-must-final118-20260919T120729Z/main/raw/boxed_bool__ml/annotated_icfg_v2.json	leak_alloc_state	0	unk
corpus	boxed_bool__ml	/home/af/Documenti/a-phd/repro-results/pre-must-final118-20260919T120729Z/main/raw/boxed_bool__ml/annotated_icfg_v2.json	mir_rvalue_presence	0	ff
corpus	boxed_bool__ml	/home/af/Documenti/a-phd/repro-results/pre-must-final118-20260919T120729Z/main/raw/boxed_bool__ml/annotated_icfg_v2.json	mir_statement_presence	0	tt
corpus	boxed_bool__ml	/home/af/Documenti/a-phd/repro-results/pre-must-final118-20260919T120729Z/main/raw/boxed_bool__ml/annotated_icfg_v2.json	mir_structural_allocator_example	0	ff
corpus	boxed_bool__ml	/home/af/Documenti/a-phd/repro-results/pre-must-final118-20260919T120729Z/main/raw/boxed_bool__ml/annotated_icfg_v2.json	mir_terminator_presence	0	tt
corpus	boxed_bool__ml	/home/af/Documenti/a-phd/repro-results/pre-must-final118-20260919T120729Z/main/raw/boxed_bool__ml/annotated_icfg_v2.json	use_after_free_alloc	0	ff
corpus	boxed_bool__ml	/home/af/Documenti/a-phd/repro-results/pre-must-final118-20260919T120729Z/main/raw/boxed_bool__ml/annotated_icfg_v2.json	use_after_free_alloc_state	0	ff
corpus	boxed_bool__uaf	/home/af/Documenti/a-phd/repro-results/pre-must-final118-20260919T120729Z/main/raw/boxed_bool__uaf/annotated_icfg_v2.json	allocator_mismatch_ub	0	ff
corpus	boxed_bool__uaf	/home/af/Documenti/a-phd/repro-results/pre-must-final118-20260919T120729Z/main/raw/boxed_bool__uaf/annotated_icfg_v2.json	allocator_mismatch_ub_v2	0	ff
corpus	boxed_bool__uaf	/home/af/Documenti/a-phd/repro-results/pre-must-final118-20260919T120729Z/main/raw/boxed_bool__uaf/annotated_icfg_v2.json	double_free_alloc	0	unk
corpus	boxed_bool__uaf	/home/af/Documenti/a-phd/repro-results/pre-must-final118-20260919T120729Z/main/raw/boxed_bool__uaf/annotated_icfg_v2.json	double_free_alloc_state	0	unk
corpus	boxed_bool__uaf	/home/af/Documenti/a-phd/repro-results/pre-must-final118-20260919T120729Z/main/raw/boxed_bool__uaf/annotated_icfg_v2.json	leak_alloc	0	unk
corpus	boxed_bool__uaf	/home/af/Documenti/a-phd/repro-results/pre-must-final118-20260919T120729Z/main/raw/boxed_bool__uaf/annotated_icfg_v2.json	leak_alloc_state	0	unk
corpus	boxed_bool__uaf	/home/af/Documenti/a-phd/repro-results/pre-must-final118-20260919T120729Z/main/raw/boxed_bool__uaf/annotated_icfg_v2.json	mir_rvalue_presence	0	ff
corpus	boxed_bool__uaf	/home/af/Documenti/a-phd/repro-results/pre-must-final118-20260919T120729Z/main/raw/boxed_bool__uaf/annotated_icfg_v2.json	mir_statement_presence	0	tt
corpus	boxed_bool__uaf	/home/af/Documenti/a-phd/repro-results/pre-must-final118-20260919T120729Z/main/raw/boxed_bool__uaf/annotated_icfg_v2.json	mir_structural_allocator_example	0	ff
corpus	boxed_bool__uaf	/home/af/Documenti/a-phd/repro-results/pre-must-final118-20260919T120729Z/main/raw/boxed_bool__uaf/annotated_icfg_v2.json	mir_terminator_presence	0	tt
corpus	boxed_bool__uaf	/home/af/Documenti/a-phd/repro-results/pre-must-final118-20260919T120729Z/main/raw/boxed_bool__uaf/annotated_icfg_v2.json	use_after_free_alloc	0	unk
corpus	boxed_bool__uaf	/home/af/Documenti/a-phd/repro-results/pre-must-final118-20260919T120729Z/main/raw/boxed_bool__uaf/annotated_icfg_v2.json	use_after_free_alloc_state	0	unk
corpus	boxed_char__df	/home/af/Documenti/a-phd/repro-results/pre-must-final118-20260919T120729Z/main/raw/boxed_char__df/annotated_icfg_v2.json	allocator_mismatch_ub	0	ff
corpus	boxed_char__df	/home/af/Documenti/a-phd/repro-results/pre-must-final118-20260919T120729Z/main/raw/boxed_char__df/annotated_icfg_v2.json	allocator_mismatch_ub_v2	0	ff
corpus	boxed_char__df	/home/af/Documenti/a-phd/repro-results/pre-must-final118-20260919T120729Z/main/raw/boxed_char__df/annotated_icfg_v2.json	double_free_alloc	0	unk
corpus	boxed_char__df	/home/af/Documenti/a-phd/repro-results/pre-must-final118-20260919T120729Z/main/raw/boxed_char__df/annotated_icfg_v2.json	double_free_alloc_state	0	unk
corpus	boxed_char__df	/home/af/Documenti/a-phd/repro-results/pre-must-final118-20260919T120729Z/main/raw/boxed_char__df/annotated_icfg_v2.json	leak_alloc	0	unk
corpus	boxed_char__df	/home/af/Documenti/a-phd/repro-results/pre-must-final118-20260919T120729Z/main/raw/boxed_char__df/annotated_icfg_v2.json	leak_alloc_state	0	unk
corpus	boxed_char__df	/home/af/Documenti/a-phd/repro-results/pre-must-final118-20260919T120729Z/main/raw/boxed_char__df/annotated_icfg_v2.json	mir_rvalue_presence	0	ff
corpus	boxed_char__df	/home/af/Documenti/a-phd/repro-results/pre-must-final118-20260919T120729Z/main/raw/boxed_char__df/annotated_icfg_v2.json	mir_statement_presence	0	tt
corpus	boxed_char__df	/home/af/Documenti/a-phd/repro-results/pre-must-final118-20260919T120729Z/main/raw/boxed_char__df/annotated_icfg_v2.json	mir_structural_allocator_example	0	ff
corpus	boxed_char__df	/home/af/Documenti/a-phd/repro-results/pre-must-final118-20260919T120729Z/main/raw/boxed_char__df/annotated_icfg_v2.json	mir_terminator_presence	0	tt
corpus	boxed_char__df	/home/af/Documenti/a-phd/repro-results/pre-must-final118-20260919T120729Z/main/raw/boxed_char__df/annotated_icfg_v2.json	use_after_free_alloc	0	ff
corpus	boxed_char__df	/home/af/Documenti/a-phd/repro-results/pre-must-final118-20260919T120729Z/main/raw/boxed_char__df/annotated_icfg_v2.json	use_after_free_alloc_state	0	ff
corpus	boxed_char__ml	/home/af/Documenti/a-phd/repro-results/pre-must-final118-20260919T120729Z/main/raw/boxed_char__ml/annotated_icfg_v2.json	allocator_mismatch_ub	0	ff
corpus	boxed_char__ml	/home/af/Documenti/a-phd/repro-results/pre-must-final118-20260919T120729Z/main/raw/boxed_char__ml/annotated_icfg_v2.json	allocator_mismatch_ub_v2	0	ff
corpus	boxed_char__ml	/home/af/Documenti/a-phd/repro-results/pre-must-final118-20260919T120729Z/main/raw/boxed_char__ml/annotated_icfg_v2.json	double_free_alloc	0	ff
corpus	boxed_char__ml	/home/af/Documenti/a-phd/repro-results/pre-must-final118-20260919T120729Z/main/raw/boxed_char__ml/annotated_icfg_v2.json	double_free_alloc_state	0	ff
corpus	boxed_char__ml	/home/af/Documenti/a-phd/repro-results/pre-must-final118-20260919T120729Z/main/raw/boxed_char__ml/annotated_icfg_v2.json	leak_alloc	0	unk
corpus	boxed_char__ml	/home/af/Documenti/a-phd/repro-results/pre-must-final118-20260919T120729Z/main/raw/boxed_char__ml/annotated_icfg_v2.json	leak_alloc_state	0	unk
corpus	boxed_char__ml	/home/af/Documenti/a-phd/repro-results/pre-must-final118-20260919T120729Z/main/raw/boxed_char__ml/annotated_icfg_v2.json	mir_rvalue_presence	0	ff
corpus	boxed_char__ml	/home/af/Documenti/a-phd/repro-results/pre-must-final118-20260919T120729Z/main/raw/boxed_char__ml/annotated_icfg_v2.json	mir_statement_presence	0	tt
corpus	boxed_char__ml	/home/af/Documenti/a-phd/repro-results/pre-must-final118-20260919T120729Z/main/raw/boxed_char__ml/annotated_icfg_v2.json	mir_structural_allocator_example	0	ff
corpus	boxed_char__ml	/home/af/Documenti/a-phd/repro-results/pre-must-final118-20260919T120729Z/main/raw/boxed_char__ml/annotated_icfg_v2.json	mir_terminator_presence	0	tt
corpus	boxed_char__ml	/home/af/Documenti/a-phd/repro-results/pre-must-final118-20260919T120729Z/main/raw/boxed_char__ml/annotated_icfg_v2.json	use_after_free_alloc	0	ff
corpus	boxed_char__ml	/home/af/Documenti/a-phd/repro-results/pre-must-final118-20260919T120729Z/main/raw/boxed_char__ml/annotated_icfg_v2.json	use_after_free_alloc_state	0	ff
corpus	boxed_char__uaf	/home/af/Documenti/a-phd/repro-results/pre-must-final118-20260919T120729Z/main/raw/boxed_char__uaf/annotated_icfg_v2.json	allocator_mismatch_ub	0	ff
corpus	boxed_char__uaf	/home/af/Documenti/a-phd/repro-results/pre-must-final118-20260919T120729Z/main/raw/boxed_char__uaf/annotated_icfg_v2.json	allocator_mismatch_ub_v2	0	ff
corpus	boxed_char__uaf	/home/af/Documenti/a-phd/repro-results/pre-must-final118-20260919T120729Z/main/raw/boxed_char__uaf/annotated_icfg_v2.json	double_free_alloc	0	unk
corpus	boxed_char__uaf	/home/af/Documenti/a-phd/repro-results/pre-must-final118-20260919T120729Z/main/raw/boxed_char__uaf/annotated_icfg_v2.json	double_free_alloc_state	0	unk
corpus	boxed_char__uaf	/home/af/Documenti/a-phd/repro-results/pre-must-final118-20260919T120729Z/main/raw/boxed_char__uaf/annotated_icfg_v2.json	leak_alloc	0	unk
corpus	boxed_char__uaf	/home/af/Documenti/a-phd/repro-results/pre-must-final118-20260919T120729Z/main/raw/boxed_char__uaf/annotated_icfg_v2.json	leak_alloc_state	0	unk
corpus	boxed_char__uaf	/home/af/Documenti/a-phd/repro-results/pre-must-final118-20260919T120729Z/main/raw/boxed_char__uaf/annotated_icfg_v2.json	mir_rvalue_presence	0	ff
corpus	boxed_char__uaf	/home/af/Documenti/a-phd/repro-results/pre-must-final118-20260919T120729Z/main/raw/boxed_char__uaf/annotated_icfg_v2.json	mir_statement_presence	0	tt
corpus	boxed_char__uaf	/home/af/Documenti/a-phd/repro-results/pre-must-final118-20260919T120729Z/main/raw/boxed_char__uaf/annotated_icfg_v2.json	mir_structural_allocator_example	0	ff
corpus	boxed_char__uaf	/home/af/Documenti/a-phd/repro-results/pre-must-final118-20260919T120729Z/main/raw/boxed_char__uaf/annotated_icfg_v2.json	mir_terminator_presence	0	tt
corpus	boxed_char__uaf	/home/af/Documenti/a-phd/repro-results/pre-must-final118-20260919T120729Z/main/raw/boxed_char__uaf/annotated_icfg_v2.json	use_after_free_alloc	0	unk
corpus	boxed_char__uaf	/home/af/Documenti/a-phd/repro-results/pre-must-final118-20260919T120729Z/main/raw/boxed_char__uaf/annotated_icfg_v2.json	use_after_free_alloc_state	0	unk
corpus	boxed_f32__df	/home/af/Documenti/a-phd/repro-results/pre-must-final118-20260919T120729Z/main/raw/boxed_f32__df/annotated_icfg_v2.json	allocator_mismatch_ub	0	ff
corpus	boxed_f32__df	/home/af/Documenti/a-phd/repro-results/pre-must-final118-20260919T120729Z/main/raw/boxed_f32__df/annotated_icfg_v2.json	allocator_mismatch_ub_v2	0	ff
corpus	boxed_f32__df	/home/af/Documenti/a-phd/repro-results/pre-must-final118-20260919T120729Z/main/raw/boxed_f32__df/annotated_icfg_v2.json	double_free_alloc	0	unk
corpus	boxed_f32__df	/home/af/Documenti/a-phd/repro-results/pre-must-final118-20260919T120729Z/main/raw/boxed_f32__df/annotated_icfg_v2.json	double_free_alloc_state	0	unk
corpus	boxed_f32__df	/home/af/Documenti/a-phd/repro-results/pre-must-final118-20260919T120729Z/main/raw/boxed_f32__df/annotated_icfg_v2.json	leak_alloc	0	unk
corpus	boxed_f32__df	/home/af/Documenti/a-phd/repro-results/pre-must-final118-20260919T120729Z/main/raw/boxed_f32__df/annotated_icfg_v2.json	leak_alloc_state	0	unk
corpus	boxed_f32__df	/home/af/Documenti/a-phd/repro-results/pre-must-final118-20260919T120729Z/main/raw/boxed_f32__df/annotated_icfg_v2.json	mir_rvalue_presence	0	ff
corpus	boxed_f32__df	/home/af/Documenti/a-phd/repro-results/pre-must-final118-20260919T120729Z/main/raw/boxed_f32__df/annotated_icfg_v2.json	mir_statement_presence	0	tt
corpus	boxed_f32__df	/home/af/Documenti/a-phd/repro-results/pre-must-final118-20260919T120729Z/main/raw/boxed_f32__df/annotated_icfg_v2.json	mir_structural_allocator_example	0	ff
corpus	boxed_f32__df	/home/af/Documenti/a-phd/repro-results/pre-must-final118-20260919T120729Z/main/raw/boxed_f32__df/annotated_icfg_v2.json	mir_terminator_presence	0	tt
corpus	boxed_f32__df	/home/af/Documenti/a-phd/repro-results/pre-must-final118-20260919T120729Z/main/raw/boxed_f32__df/annotated_icfg_v2.json	use_after_free_alloc	0	ff
corpus	boxed_f32__df	/home/af/Documenti/a-phd/repro-results/pre-must-final118-20260919T120729Z/main/raw/boxed_f32__df/annotated_icfg_v2.json	use_after_free_alloc_state	0	ff
corpus	boxed_f32__ml	/home/af/Documenti/a-phd/repro-results/pre-must-final118-20260919T120729Z/main/raw/boxed_f32__ml/annotated_icfg_v2.json	allocator_mismatch_ub	0	ff
corpus	boxed_f32__ml	/home/af/Documenti/a-phd/repro-results/pre-must-final118-20260919T120729Z/main/raw/boxed_f32__ml/annotated_icfg_v2.json	allocator_mismatch_ub_v2	0	ff
corpus	boxed_f32__ml	/home/af/Documenti/a-phd/repro-results/pre-must-final118-20260919T120729Z/main/raw/boxed_f32__ml/annotated_icfg_v2.json	double_free_alloc	0	ff
corpus	boxed_f32__ml	/home/af/Documenti/a-phd/repro-results/pre-must-final118-20260919T120729Z/main/raw/boxed_f32__ml/annotated_icfg_v2.json	double_free_alloc_state	0	ff
corpus	boxed_f32__ml	/home/af/Documenti/a-phd/repro-results/pre-must-final118-20260919T120729Z/main/raw/boxed_f32__ml/annotated_icfg_v2.json	leak_alloc	0	unk
corpus	boxed_f32__ml	/home/af/Documenti/a-phd/repro-results/pre-must-final118-20260919T120729Z/main/raw/boxed_f32__ml/annotated_icfg_v2.json	leak_alloc_state	0	unk
corpus	boxed_f32__ml	/home/af/Documenti/a-phd/repro-results/pre-must-final118-20260919T120729Z/main/raw/boxed_f32__ml/annotated_icfg_v2.json	mir_rvalue_presence	0	ff
corpus	boxed_f32__ml	/home/af/Documenti/a-phd/repro-results/pre-must-final118-20260919T120729Z/main/raw/boxed_f32__ml/annotated_icfg_v2.json	mir_statement_presence	0	tt
corpus	boxed_f32__ml	/home/af/Documenti/a-phd/repro-results/pre-must-final118-20260919T120729Z/main/raw/boxed_f32__ml/annotated_icfg_v2.json	mir_structural_allocator_example	0	ff
corpus	boxed_f32__ml	/home/af/Documenti/a-phd/repro-results/pre-must-final118-20260919T120729Z/main/raw/boxed_f32__ml/annotated_icfg_v2.json	mir_terminator_presence	0	tt
corpus	boxed_f32__ml	/home/af/Documenti/a-phd/repro-results/pre-must-final118-20260919T120729Z/main/raw/boxed_f32__ml/annotated_icfg_v2.json	use_after_free_alloc	0	ff
corpus	boxed_f32__ml	/home/af/Documenti/a-phd/repro-results/pre-must-final118-20260919T120729Z/main/raw/boxed_f32__ml/annotated_icfg_v2.json	use_after_free_alloc_state	0	ff
corpus	boxed_f32__uaf	/home/af/Documenti/a-phd/repro-results/pre-must-final118-20260919T120729Z/main/raw/boxed_f32__uaf/annotated_icfg_v2.json	allocator_mismatch_ub	0	ff
corpus	boxed_f32__uaf	/home/af/Documenti/a-phd/repro-results/pre-must-final118-20260919T120729Z/main/raw/boxed_f32__uaf/annotated_icfg_v2.json	allocator_mismatch_ub_v2	0	ff
corpus	boxed_f32__uaf	/home/af/Documenti/a-phd/repro-results/pre-must-final118-20260919T120729Z/main/raw/boxed_f32__uaf/annotated_icfg_v2.json	double_free_alloc	0	unk
corpus	boxed_f32__uaf	/home/af/Documenti/a-phd/repro-results/pre-must-final118-20260919T120729Z/main/raw/boxed_f32__uaf/annotated_icfg_v2.json	double_free_alloc_state	0	unk
corpus	boxed_f32__uaf	/home/af/Documenti/a-phd/repro-results/pre-must-final118-20260919T120729Z/main/raw/boxed_f32__uaf/annotated_icfg_v2.json	leak_alloc	0	unk
corpus	boxed_f32__uaf	/home/af/Documenti/a-phd/repro-results/pre-must-final118-20260919T120729Z/main/raw/boxed_f32__uaf/annotated_icfg_v2.json	leak_alloc_state	0	unk
corpus	boxed_f32__uaf	/home/af/Documenti/a-phd/repro-results/pre-must-final118-20260919T120729Z/main/raw/boxed_f32__uaf/annotated_icfg_v2.json	mir_rvalue_presence	0	ff
corpus	boxed_f32__uaf	/home/af/Documenti/a-phd/repro-results/pre-must-final118-20260919T120729Z/main/raw/boxed_f32__uaf/annotated_icfg_v2.json	mir_statement_presence	0	tt
corpus	boxed_f32__uaf	/home/af/Documenti/a-phd/repro-results/pre-must-final118-20260919T120729Z/main/raw/boxed_f32__uaf/annotated_icfg_v2.json	mir_structural_allocator_example	0	ff
corpus	boxed_f32__uaf	/home/af/Documenti/a-phd/repro-results/pre-must-final118-20260919T120729Z/main/raw/boxed_f32__uaf/annotated_icfg_v2.json	mir_terminator_presence	0	tt
corpus	boxed_f32__uaf	/home/af/Documenti/a-phd/repro-results/pre-must-final118-20260919T120729Z/main/raw/boxed_f32__uaf/annotated_icfg_v2.json	use_after_free_alloc	0	unk
corpus	boxed_f32__uaf	/home/af/Documenti/a-phd/repro-results/pre-must-final118-20260919T120729Z/main/raw/boxed_f32__uaf/annotated_icfg_v2.json	use_after_free_alloc_state	0	unk
corpus	boxed_f64__df	/home/af/Documenti/a-phd/repro-results/pre-must-final118-20260919T120729Z/main/raw/boxed_f64__df/annotated_icfg_v2.json	allocator_mismatch_ub	0	ff
corpus	boxed_f64__df	/home/af/Documenti/a-phd/repro-results/pre-must-final118-20260919T120729Z/main/raw/boxed_f64__df/annotated_icfg_v2.json	allocator_mismatch_ub_v2	0	ff
corpus	boxed_f64__df	/home/af/Documenti/a-phd/repro-results/pre-must-final118-20260919T120729Z/main/raw/boxed_f64__df/annotated_icfg_v2.json	double_free_alloc	0	unk
corpus	boxed_f64__df	/home/af/Documenti/a-phd/repro-results/pre-must-final118-20260919T120729Z/main/raw/boxed_f64__df/annotated_icfg_v2.json	double_free_alloc_state	0	unk
corpus	boxed_f64__df	/home/af/Documenti/a-phd/repro-results/pre-must-final118-20260919T120729Z/main/raw/boxed_f64__df/annotated_icfg_v2.json	leak_alloc	0	unk
corpus	boxed_f64__df	/home/af/Documenti/a-phd/repro-results/pre-must-final118-20260919T120729Z/main/raw/boxed_f64__df/annotated_icfg_v2.json	leak_alloc_state	0	unk
corpus	boxed_f64__df	/home/af/Documenti/a-phd/repro-results/pre-must-final118-20260919T120729Z/main/raw/boxed_f64__df/annotated_icfg_v2.json	mir_rvalue_presence	0	ff
corpus	boxed_f64__df	/home/af/Documenti/a-phd/repro-results/pre-must-final118-20260919T120729Z/main/raw/boxed_f64__df/annotated_icfg_v2.json	mir_statement_presence	0	tt
corpus	boxed_f64__df	/home/af/Documenti/a-phd/repro-results/pre-must-final118-20260919T120729Z/main/raw/boxed_f64__df/annotated_icfg_v2.json	mir_structural_allocator_example	0	ff
corpus	boxed_f64__df	/home/af/Documenti/a-phd/repro-results/pre-must-final118-20260919T120729Z/main/raw/boxed_f64__df/annotated_icfg_v2.json	mir_terminator_presence	0	tt
corpus	boxed_f64__df	/home/af/Documenti/a-phd/repro-results/pre-must-final118-20260919T120729Z/main/raw/boxed_f64__df/annotated_icfg_v2.json	use_after_free_alloc	0	ff
corpus	boxed_f64__df	/home/af/Documenti/a-phd/repro-results/pre-must-final118-20260919T120729Z/main/raw/boxed_f64__df/annotated_icfg_v2.json	use_after_free_alloc_state	0	ff
corpus	boxed_f64__ml	/home/af/Documenti/a-phd/repro-results/pre-must-final118-20260919T120729Z/main/raw/boxed_f64__ml/annotated_icfg_v2.json	allocator_mismatch_ub	0	ff
corpus	boxed_f64__ml	/home/af/Documenti/a-phd/repro-results/pre-must-final118-20260919T120729Z/main/raw/boxed_f64__ml/annotated_icfg_v2.json	allocator_mismatch_ub_v2	0	ff
corpus	boxed_f64__ml	/home/af/Documenti/a-phd/repro-results/pre-must-final118-20260919T120729Z/main/raw/boxed_f64__ml/annotated_icfg_v2.json	double_free_alloc	0	ff
corpus	boxed_f64__ml	/home/af/Documenti/a-phd/repro-results/pre-must-final118-20260919T120729Z/main/raw/boxed_f64__ml/annotated_icfg_v2.json	double_free_alloc_state	0	ff
corpus	boxed_f64__ml	/home/af/Documenti/a-phd/repro-results/pre-must-final118-20260919T120729Z/main/raw/boxed_f64__ml/annotated_icfg_v2.json	leak_alloc	0	unk
corpus	boxed_f64__ml	/home/af/Documenti/a-phd/repro-results/pre-must-final118-20260919T120729Z/main/raw/boxed_f64__ml/annotated_icfg_v2.json	leak_alloc_state	0	unk
corpus	boxed_f64__ml	/home/af/Documenti/a-phd/repro-results/pre-must-final118-20260919T120729Z/main/raw/boxed_f64__ml/annotated_icfg_v2.json	mir_rvalue_presence	0	ff
corpus	boxed_f64__ml	/home/af/Documenti/a-phd/repro-results/pre-must-final118-20260919T120729Z/main/raw/boxed_f64__ml/annotated_icfg_v2.json	mir_statement_presence	0	tt
corpus	boxed_f64__ml	/home/af/Documenti/a-phd/repro-results/pre-must-final118-20260919T120729Z/main/raw/boxed_f64__ml/annotated_icfg_v2.json	mir_structural_allocator_example	0	ff
corpus	boxed_f64__ml	/home/af/Documenti/a-phd/repro-results/pre-must-final118-20260919T120729Z/main/raw/boxed_f64__ml/annotated_icfg_v2.json	mir_terminator_presence	0	tt
corpus	boxed_f64__ml	/home/af/Documenti/a-phd/repro-results/pre-must-final118-20260919T120729Z/main/raw/boxed_f64__ml/annotated_icfg_v2.json	use_after_free_alloc	0	ff
corpus	boxed_f64__ml	/home/af/Documenti/a-phd/repro-results/pre-must-final118-20260919T120729Z/main/raw/boxed_f64__ml/annotated_icfg_v2.json	use_after_free_alloc_state	0	ff
corpus	boxed_f64__uaf	/home/af/Documenti/a-phd/repro-results/pre-must-final118-20260919T120729Z/main/raw/boxed_f64__uaf/annotated_icfg_v2.json	allocator_mismatch_ub	0	ff
corpus	boxed_f64__uaf	/home/af/Documenti/a-phd/repro-results/pre-must-final118-20260919T120729Z/main/raw/boxed_f64__uaf/annotated_icfg_v2.json	allocator_mismatch_ub_v2	0	ff
corpus	boxed_f64__uaf	/home/af/Documenti/a-phd/repro-results/pre-must-final118-20260919T120729Z/main/raw/boxed_f64__uaf/annotated_icfg_v2.json	double_free_alloc	0	unk
corpus	boxed_f64__uaf	/home/af/Documenti/a-phd/repro-results/pre-must-final118-20260919T120729Z/main/raw/boxed_f64__uaf/annotated_icfg_v2.json	double_free_alloc_state	0	unk
corpus	boxed_f64__uaf	/home/af/Documenti/a-phd/repro-results/pre-must-final118-20260919T120729Z/main/raw/boxed_f64__uaf/annotated_icfg_v2.json	leak_alloc	0	unk
corpus	boxed_f64__uaf	/home/af/Documenti/a-phd/repro-results/pre-must-final118-20260919T120729Z/main/raw/boxed_f64__uaf/annotated_icfg_v2.json	leak_alloc_state	0	unk
corpus	boxed_f64__uaf	/home/af/Documenti/a-phd/repro-results/pre-must-final118-20260919T120729Z/main/raw/boxed_f64__uaf/annotated_icfg_v2.json	mir_rvalue_presence	0	ff
corpus	boxed_f64__uaf	/home/af/Documenti/a-phd/repro-results/pre-must-final118-20260919T120729Z/main/raw/boxed_f64__uaf/annotated_icfg_v2.json	mir_statement_presence	0	tt
corpus	boxed_f64__uaf	/home/af/Documenti/a-phd/repro-results/pre-must-final118-20260919T120729Z/main/raw/boxed_f64__uaf/annotated_icfg_v2.json	mir_structural_allocator_example	0	ff
corpus	boxed_f64__uaf	/home/af/Documenti/a-phd/repro-results/pre-must-final118-20260919T120729Z/main/raw/boxed_f64__uaf/annotated_icfg_v2.json	mir_terminator_presence	0	tt
corpus	boxed_f64__uaf	/home/af/Documenti/a-phd/repro-results/pre-must-final118-20260919T120729Z/main/raw/boxed_f64__uaf/annotated_icfg_v2.json	use_after_free_alloc	0	unk
corpus	boxed_f64__uaf	/home/af/Documenti/a-phd/repro-results/pre-must-final118-20260919T120729Z/main/raw/boxed_f64__uaf/annotated_icfg_v2.json	use_after_free_alloc_state	0	unk
corpus	boxed_i128__df	/home/af/Documenti/a-phd/repro-results/pre-must-final118-20260919T120729Z/main/raw/boxed_i128__df/annotated_icfg_v2.json	allocator_mismatch_ub	0	ff
corpus	boxed_i128__df	/home/af/Documenti/a-phd/repro-results/pre-must-final118-20260919T120729Z/main/raw/boxed_i128__df/annotated_icfg_v2.json	allocator_mismatch_ub_v2	0	ff
corpus	boxed_i128__df	/home/af/Documenti/a-phd/repro-results/pre-must-final118-20260919T120729Z/main/raw/boxed_i128__df/annotated_icfg_v2.json	double_free_alloc	0	unk
corpus	boxed_i128__df	/home/af/Documenti/a-phd/repro-results/pre-must-final118-20260919T120729Z/main/raw/boxed_i128__df/annotated_icfg_v2.json	double_free_alloc_state	0	unk
corpus	boxed_i128__df	/home/af/Documenti/a-phd/repro-results/pre-must-final118-20260919T120729Z/main/raw/boxed_i128__df/annotated_icfg_v2.json	leak_alloc	0	unk
corpus	boxed_i128__df	/home/af/Documenti/a-phd/repro-results/pre-must-final118-20260919T120729Z/main/raw/boxed_i128__df/annotated_icfg_v2.json	leak_alloc_state	0	unk
corpus	boxed_i128__df	/home/af/Documenti/a-phd/repro-results/pre-must-final118-20260919T120729Z/main/raw/boxed_i128__df/annotated_icfg_v2.json	mir_rvalue_presence	0	ff
corpus	boxed_i128__df	/home/af/Documenti/a-phd/repro-results/pre-must-final118-20260919T120729Z/main/raw/boxed_i128__df/annotated_icfg_v2.json	mir_statement_presence	0	tt
corpus	boxed_i128__df	/home/af/Documenti/a-phd/repro-results/pre-must-final118-20260919T120729Z/main/raw/boxed_i128__df/annotated_icfg_v2.json	mir_structural_allocator_example	0	ff
corpus	boxed_i128__df	/home/af/Documenti/a-phd/repro-results/pre-must-final118-20260919T120729Z/main/raw/boxed_i128__df/annotated_icfg_v2.json	mir_terminator_presence	0	tt
corpus	boxed_i128__df	/home/af/Documenti/a-phd/repro-results/pre-must-final118-20260919T120729Z/main/raw/boxed_i128__df/annotated_icfg_v2.json	use_after_free_alloc	0	ff
corpus	boxed_i128__df	/home/af/Documenti/a-phd/repro-results/pre-must-final118-20260919T120729Z/main/raw/boxed_i128__df/annotated_icfg_v2.json	use_after_free_alloc_state	0	ff
corpus	boxed_i128__ml	/home/af/Documenti/a-phd/repro-results/pre-must-final118-20260919T120729Z/main/raw/boxed_i128__ml/annotated_icfg_v2.json	allocator_mismatch_ub	0	ff
corpus	boxed_i128__ml	/home/af/Documenti/a-phd/repro-results/pre-must-final118-20260919T120729Z/main/raw/boxed_i128__ml/annotated_icfg_v2.json	allocator_mismatch_ub_v2	0	ff
corpus	boxed_i128__ml	/home/af/Documenti/a-phd/repro-results/pre-must-final118-20260919T120729Z/main/raw/boxed_i128__ml/annotated_icfg_v2.json	double_free_alloc	0	ff
corpus	boxed_i128__ml	/home/af/Documenti/a-phd/repro-results/pre-must-final118-20260919T120729Z/main/raw/boxed_i128__ml/annotated_icfg_v2.json	double_free_alloc_state	0	ff
corpus	boxed_i128__ml	/home/af/Documenti/a-phd/repro-results/pre-must-final118-20260919T120729Z/main/raw/boxed_i128__ml/annotated_icfg_v2.json	leak_alloc	0	unk
corpus	boxed_i128__ml	/home/af/Documenti/a-phd/repro-results/pre-must-final118-20260919T120729Z/main/raw/boxed_i128__ml/annotated_icfg_v2.json	leak_alloc_state	0	unk
corpus	boxed_i128__ml	/home/af/Documenti/a-phd/repro-results/pre-must-final118-20260919T120729Z/main/raw/boxed_i128__ml/annotated_icfg_v2.json	mir_rvalue_presence	0	ff
corpus	boxed_i128__ml	/home/af/Documenti/a-phd/repro-results/pre-must-final118-20260919T120729Z/main/raw/boxed_i128__ml/annotated_icfg_v2.json	mir_statement_presence	0	tt
corpus	boxed_i128__ml	/home/af/Documenti/a-phd/repro-results/pre-must-final118-20260919T120729Z/main/raw/boxed_i128__ml/annotated_icfg_v2.json	mir_structural_allocator_example	0	ff
corpus	boxed_i128__ml	/home/af/Documenti/a-phd/repro-results/pre-must-final118-20260919T120729Z/main/raw/boxed_i128__ml/annotated_icfg_v2.json	mir_terminator_presence	0	tt
corpus	boxed_i128__ml	/home/af/Documenti/a-phd/repro-results/pre-must-final118-20260919T120729Z/main/raw/boxed_i128__ml/annotated_icfg_v2.json	use_after_free_alloc	0	ff
corpus	boxed_i128__ml	/home/af/Documenti/a-phd/repro-results/pre-must-final118-20260919T120729Z/main/raw/boxed_i128__ml/annotated_icfg_v2.json	use_after_free_alloc_state	0	ff
corpus	boxed_i128__uaf	/home/af/Documenti/a-phd/repro-results/pre-must-final118-20260919T120729Z/main/raw/boxed_i128__uaf/annotated_icfg_v2.json	allocator_mismatch_ub	0	ff
corpus	boxed_i128__uaf	/home/af/Documenti/a-phd/repro-results/pre-must-final118-20260919T120729Z/main/raw/boxed_i128__uaf/annotated_icfg_v2.json	allocator_mismatch_ub_v2	0	ff
corpus	boxed_i128__uaf	/home/af/Documenti/a-phd/repro-results/pre-must-final118-20260919T120729Z/main/raw/boxed_i128__uaf/annotated_icfg_v2.json	double_free_alloc	0	unk
corpus	boxed_i128__uaf	/home/af/Documenti/a-phd/repro-results/pre-must-final118-20260919T120729Z/main/raw/boxed_i128__uaf/annotated_icfg_v2.json	double_free_alloc_state	0	unk
corpus	boxed_i128__uaf	/home/af/Documenti/a-phd/repro-results/pre-must-final118-20260919T120729Z/main/raw/boxed_i128__uaf/annotated_icfg_v2.json	leak_alloc	0	unk
corpus	boxed_i128__uaf	/home/af/Documenti/a-phd/repro-results/pre-must-final118-20260919T120729Z/main/raw/boxed_i128__uaf/annotated_icfg_v2.json	leak_alloc_state	0	unk
corpus	boxed_i128__uaf	/home/af/Documenti/a-phd/repro-results/pre-must-final118-20260919T120729Z/main/raw/boxed_i128__uaf/annotated_icfg_v2.json	mir_rvalue_presence	0	ff
corpus	boxed_i128__uaf	/home/af/Documenti/a-phd/repro-results/pre-must-final118-20260919T120729Z/main/raw/boxed_i128__uaf/annotated_icfg_v2.json	mir_statement_presence	0	tt
corpus	boxed_i128__uaf	/home/af/Documenti/a-phd/repro-results/pre-must-final118-20260919T120729Z/main/raw/boxed_i128__uaf/annotated_icfg_v2.json	mir_structural_allocator_example	0	ff
corpus	boxed_i128__uaf	/home/af/Documenti/a-phd/repro-results/pre-must-final118-20260919T120729Z/main/raw/boxed_i128__uaf/annotated_icfg_v2.json	mir_terminator_presence	0	tt
corpus	boxed_i128__uaf	/home/af/Documenti/a-phd/repro-results/pre-must-final118-20260919T120729Z/main/raw/boxed_i128__uaf/annotated_icfg_v2.json	use_after_free_alloc	0	unk
corpus	boxed_i128__uaf	/home/af/Documenti/a-phd/repro-results/pre-must-final118-20260919T120729Z/main/raw/boxed_i128__uaf/annotated_icfg_v2.json	use_after_free_alloc_state	0	unk
corpus	boxed_i16__df	/home/af/Documenti/a-phd/repro-results/pre-must-final118-20260919T120729Z/main/raw/boxed_i16__df/annotated_icfg_v2.json	allocator_mismatch_ub	0	ff
corpus	boxed_i16__df	/home/af/Documenti/a-phd/repro-results/pre-must-final118-20260919T120729Z/main/raw/boxed_i16__df/annotated_icfg_v2.json	allocator_mismatch_ub_v2	0	ff
corpus	boxed_i16__df	/home/af/Documenti/a-phd/repro-results/pre-must-final118-20260919T120729Z/main/raw/boxed_i16__df/annotated_icfg_v2.json	double_free_alloc	0	unk
corpus	boxed_i16__df	/home/af/Documenti/a-phd/repro-results/pre-must-final118-20260919T120729Z/main/raw/boxed_i16__df/annotated_icfg_v2.json	double_free_alloc_state	0	unk
corpus	boxed_i16__df	/home/af/Documenti/a-phd/repro-results/pre-must-final118-20260919T120729Z/main/raw/boxed_i16__df/annotated_icfg_v2.json	leak_alloc	0	unk
corpus	boxed_i16__df	/home/af/Documenti/a-phd/repro-results/pre-must-final118-20260919T120729Z/main/raw/boxed_i16__df/annotated_icfg_v2.json	leak_alloc_state	0	unk
corpus	boxed_i16__df	/home/af/Documenti/a-phd/repro-results/pre-must-final118-20260919T120729Z/main/raw/boxed_i16__df/annotated_icfg_v2.json	mir_rvalue_presence	0	ff
corpus	boxed_i16__df	/home/af/Documenti/a-phd/repro-results/pre-must-final118-20260919T120729Z/main/raw/boxed_i16__df/annotated_icfg_v2.json	mir_statement_presence	0	tt
corpus	boxed_i16__df	/home/af/Documenti/a-phd/repro-results/pre-must-final118-20260919T120729Z/main/raw/boxed_i16__df/annotated_icfg_v2.json	mir_structural_allocator_example	0	ff
corpus	boxed_i16__df	/home/af/Documenti/a-phd/repro-results/pre-must-final118-20260919T120729Z/main/raw/boxed_i16__df/annotated_icfg_v2.json	mir_terminator_presence	0	tt
corpus	boxed_i16__df	/home/af/Documenti/a-phd/repro-results/pre-must-final118-20260919T120729Z/main/raw/boxed_i16__df/annotated_icfg_v2.json	use_after_free_alloc	0	ff
corpus	boxed_i16__df	/home/af/Documenti/a-phd/repro-results/pre-must-final118-20260919T120729Z/main/raw/boxed_i16__df/annotated_icfg_v2.json	use_after_free_alloc_state	0	ff
corpus	boxed_i16__ml	/home/af/Documenti/a-phd/repro-results/pre-must-final118-20260919T120729Z/main/raw/boxed_i16__ml/annotated_icfg_v2.json	allocator_mismatch_ub	0	ff
corpus	boxed_i16__ml	/home/af/Documenti/a-phd/repro-results/pre-must-final118-20260919T120729Z/main/raw/boxed_i16__ml/annotated_icfg_v2.json	allocator_mismatch_ub_v2	0	ff
corpus	boxed_i16__ml	/home/af/Documenti/a-phd/repro-results/pre-must-final118-20260919T120729Z/main/raw/boxed_i16__ml/annotated_icfg_v2.json	double_free_alloc	0	ff
corpus	boxed_i16__ml	/home/af/Documenti/a-phd/repro-results/pre-must-final118-20260919T120729Z/main/raw/boxed_i16__ml/annotated_icfg_v2.json	double_free_alloc_state	0	ff
corpus	boxed_i16__ml	/home/af/Documenti/a-phd/repro-results/pre-must-final118-20260919T120729Z/main/raw/boxed_i16__ml/annotated_icfg_v2.json	leak_alloc	0	unk
corpus	boxed_i16__ml	/home/af/Documenti/a-phd/repro-results/pre-must-final118-20260919T120729Z/main/raw/boxed_i16__ml/annotated_icfg_v2.json	leak_alloc_state	0	unk
corpus	boxed_i16__ml	/home/af/Documenti/a-phd/repro-results/pre-must-final118-20260919T120729Z/main/raw/boxed_i16__ml/annotated_icfg_v2.json	mir_rvalue_presence	0	ff
corpus	boxed_i16__ml	/home/af/Documenti/a-phd/repro-results/pre-must-final118-20260919T120729Z/main/raw/boxed_i16__ml/annotated_icfg_v2.json	mir_statement_presence	0	tt
corpus	boxed_i16__ml	/home/af/Documenti/a-phd/repro-results/pre-must-final118-20260919T120729Z/main/raw/boxed_i16__ml/annotated_icfg_v2.json	mir_structural_allocator_example	0	ff
corpus	boxed_i16__ml	/home/af/Documenti/a-phd/repro-results/pre-must-final118-20260919T120729Z/main/raw/boxed_i16__ml/annotated_icfg_v2.json	mir_terminator_presence	0	tt
corpus	boxed_i16__ml	/home/af/Documenti/a-phd/repro-results/pre-must-final118-20260919T120729Z/main/raw/boxed_i16__ml/annotated_icfg_v2.json	use_after_free_alloc	0	ff
corpus	boxed_i16__ml	/home/af/Documenti/a-phd/repro-results/pre-must-final118-20260919T120729Z/main/raw/boxed_i16__ml/annotated_icfg_v2.json	use_after_free_alloc_state	0	ff
corpus	boxed_i16__uaf	/home/af/Documenti/a-phd/repro-results/pre-must-final118-20260919T120729Z/main/raw/boxed_i16__uaf/annotated_icfg_v2.json	allocator_mismatch_ub	0	ff
corpus	boxed_i16__uaf	/home/af/Documenti/a-phd/repro-results/pre-must-final118-20260919T120729Z/main/raw/boxed_i16__uaf/annotated_icfg_v2.json	allocator_mismatch_ub_v2	0	ff
corpus	boxed_i16__uaf	/home/af/Documenti/a-phd/repro-results/pre-must-final118-20260919T120729Z/main/raw/boxed_i16__uaf/annotated_icfg_v2.json	double_free_alloc	0	unk
corpus	boxed_i16__uaf	/home/af/Documenti/a-phd/repro-results/pre-must-final118-20260919T120729Z/main/raw/boxed_i16__uaf/annotated_icfg_v2.json	double_free_alloc_state	0	unk
corpus	boxed_i16__uaf	/home/af/Documenti/a-phd/repro-results/pre-must-final118-20260919T120729Z/main/raw/boxed_i16__uaf/annotated_icfg_v2.json	leak_alloc	0	unk
corpus	boxed_i16__uaf	/home/af/Documenti/a-phd/repro-results/pre-must-final118-20260919T120729Z/main/raw/boxed_i16__uaf/annotated_icfg_v2.json	leak_alloc_state	0	unk
corpus	boxed_i16__uaf	/home/af/Documenti/a-phd/repro-results/pre-must-final118-20260919T120729Z/main/raw/boxed_i16__uaf/annotated_icfg_v2.json	mir_rvalue_presence	0	ff
corpus	boxed_i16__uaf	/home/af/Documenti/a-phd/repro-results/pre-must-final118-20260919T120729Z/main/raw/boxed_i16__uaf/annotated_icfg_v2.json	mir_statement_presence	0	tt
corpus	boxed_i16__uaf	/home/af/Documenti/a-phd/repro-results/pre-must-final118-20260919T120729Z/main/raw/boxed_i16__uaf/annotated_icfg_v2.json	mir_structural_allocator_example	0	ff
corpus	boxed_i16__uaf	/home/af/Documenti/a-phd/repro-results/pre-must-final118-20260919T120729Z/main/raw/boxed_i16__uaf/annotated_icfg_v2.json	mir_terminator_presence	0	tt
corpus	boxed_i16__uaf	/home/af/Documenti/a-phd/repro-results/pre-must-final118-20260919T120729Z/main/raw/boxed_i16__uaf/annotated_icfg_v2.json	use_after_free_alloc	0	unk
corpus	boxed_i16__uaf	/home/af/Documenti/a-phd/repro-results/pre-must-final118-20260919T120729Z/main/raw/boxed_i16__uaf/annotated_icfg_v2.json	use_after_free_alloc_state	0	unk
corpus	boxed_i32__df	/home/af/Documenti/a-phd/repro-results/pre-must-final118-20260919T120729Z/main/raw/boxed_i32__df/annotated_icfg_v2.json	allocator_mismatch_ub	0	ff
corpus	boxed_i32__df	/home/af/Documenti/a-phd/repro-results/pre-must-final118-20260919T120729Z/main/raw/boxed_i32__df/annotated_icfg_v2.json	allocator_mismatch_ub_v2	0	ff
corpus	boxed_i32__df	/home/af/Documenti/a-phd/repro-results/pre-must-final118-20260919T120729Z/main/raw/boxed_i32__df/annotated_icfg_v2.json	double_free_alloc	0	unk
corpus	boxed_i32__df	/home/af/Documenti/a-phd/repro-results/pre-must-final118-20260919T120729Z/main/raw/boxed_i32__df/annotated_icfg_v2.json	double_free_alloc_state	0	unk
corpus	boxed_i32__df	/home/af/Documenti/a-phd/repro-results/pre-must-final118-20260919T120729Z/main/raw/boxed_i32__df/annotated_icfg_v2.json	leak_alloc	0	unk
corpus	boxed_i32__df	/home/af/Documenti/a-phd/repro-results/pre-must-final118-20260919T120729Z/main/raw/boxed_i32__df/annotated_icfg_v2.json	leak_alloc_state	0	unk
corpus	boxed_i32__df	/home/af/Documenti/a-phd/repro-results/pre-must-final118-20260919T120729Z/main/raw/boxed_i32__df/annotated_icfg_v2.json	mir_rvalue_presence	0	ff
corpus	boxed_i32__df	/home/af/Documenti/a-phd/repro-results/pre-must-final118-20260919T120729Z/main/raw/boxed_i32__df/annotated_icfg_v2.json	mir_statement_presence	0	tt
corpus	boxed_i32__df	/home/af/Documenti/a-phd/repro-results/pre-must-final118-20260919T120729Z/main/raw/boxed_i32__df/annotated_icfg_v2.json	mir_structural_allocator_example	0	ff
corpus	boxed_i32__df	/home/af/Documenti/a-phd/repro-results/pre-must-final118-20260919T120729Z/main/raw/boxed_i32__df/annotated_icfg_v2.json	mir_terminator_presence	0	tt
corpus	boxed_i32__df	/home/af/Documenti/a-phd/repro-results/pre-must-final118-20260919T120729Z/main/raw/boxed_i32__df/annotated_icfg_v2.json	use_after_free_alloc	0	ff
corpus	boxed_i32__df	/home/af/Documenti/a-phd/repro-results/pre-must-final118-20260919T120729Z/main/raw/boxed_i32__df/annotated_icfg_v2.json	use_after_free_alloc_state	0	ff
corpus	boxed_i32__ml	/home/af/Documenti/a-phd/repro-results/pre-must-final118-20260919T120729Z/main/raw/boxed_i32__ml/annotated_icfg_v2.json	allocator_mismatch_ub	0	ff
corpus	boxed_i32__ml	/home/af/Documenti/a-phd/repro-results/pre-must-final118-20260919T120729Z/main/raw/boxed_i32__ml/annotated_icfg_v2.json	allocator_mismatch_ub_v2	0	ff
corpus	boxed_i32__ml	/home/af/Documenti/a-phd/repro-results/pre-must-final118-20260919T120729Z/main/raw/boxed_i32__ml/annotated_icfg_v2.json	double_free_alloc	0	ff
corpus	boxed_i32__ml	/home/af/Documenti/a-phd/repro-results/pre-must-final118-20260919T120729Z/main/raw/boxed_i32__ml/annotated_icfg_v2.json	double_free_alloc_state	0	ff
corpus	boxed_i32__ml	/home/af/Documenti/a-phd/repro-results/pre-must-final118-20260919T120729Z/main/raw/boxed_i32__ml/annotated_icfg_v2.json	leak_alloc	0	unk
corpus	boxed_i32__ml	/home/af/Documenti/a-phd/repro-results/pre-must-final118-20260919T120729Z/main/raw/boxed_i32__ml/annotated_icfg_v2.json	leak_alloc_state	0	unk
corpus	boxed_i32__ml	/home/af/Documenti/a-phd/repro-results/pre-must-final118-20260919T120729Z/main/raw/boxed_i32__ml/annotated_icfg_v2.json	mir_rvalue_presence	0	ff
corpus	boxed_i32__ml	/home/af/Documenti/a-phd/repro-results/pre-must-final118-20260919T120729Z/main/raw/boxed_i32__ml/annotated_icfg_v2.json	mir_statement_presence	0	tt
corpus	boxed_i32__ml	/home/af/Documenti/a-phd/repro-results/pre-must-final118-20260919T120729Z/main/raw/boxed_i32__ml/annotated_icfg_v2.json	mir_structural_allocator_example	0	ff
corpus	boxed_i32__ml	/home/af/Documenti/a-phd/repro-results/pre-must-final118-20260919T120729Z/main/raw/boxed_i32__ml/annotated_icfg_v2.json	mir_terminator_presence	0	tt
corpus	boxed_i32__ml	/home/af/Documenti/a-phd/repro-results/pre-must-final118-20260919T120729Z/main/raw/boxed_i32__ml/annotated_icfg_v2.json	use_after_free_alloc	0	ff
corpus	boxed_i32__ml	/home/af/Documenti/a-phd/repro-results/pre-must-final118-20260919T120729Z/main/raw/boxed_i32__ml/annotated_icfg_v2.json	use_after_free_alloc_state	0	ff
corpus	boxed_i32__uaf	/home/af/Documenti/a-phd/repro-results/pre-must-final118-20260919T120729Z/main/raw/boxed_i32__uaf/annotated_icfg_v2.json	allocator_mismatch_ub	0	ff
corpus	boxed_i32__uaf	/home/af/Documenti/a-phd/repro-results/pre-must-final118-20260919T120729Z/main/raw/boxed_i32__uaf/annotated_icfg_v2.json	allocator_mismatch_ub_v2	0	ff
corpus	boxed_i32__uaf	/home/af/Documenti/a-phd/repro-results/pre-must-final118-20260919T120729Z/main/raw/boxed_i32__uaf/annotated_icfg_v2.json	double_free_alloc	0	unk
corpus	boxed_i32__uaf	/home/af/Documenti/a-phd/repro-results/pre-must-final118-20260919T120729Z/main/raw/boxed_i32__uaf/annotated_icfg_v2.json	double_free_alloc_state	0	unk
corpus	boxed_i32__uaf	/home/af/Documenti/a-phd/repro-results/pre-must-final118-20260919T120729Z/main/raw/boxed_i32__uaf/annotated_icfg_v2.json	leak_alloc	0	unk
corpus	boxed_i32__uaf	/home/af/Documenti/a-phd/repro-results/pre-must-final118-20260919T120729Z/main/raw/boxed_i32__uaf/annotated_icfg_v2.json	leak_alloc_state	0	unk
corpus	boxed_i32__uaf	/home/af/Documenti/a-phd/repro-results/pre-must-final118-20260919T120729Z/main/raw/boxed_i32__uaf/annotated_icfg_v2.json	mir_rvalue_presence	0	ff
corpus	boxed_i32__uaf	/home/af/Documenti/a-phd/repro-results/pre-must-final118-20260919T120729Z/main/raw/boxed_i32__uaf/annotated_icfg_v2.json	mir_statement_presence	0	tt
corpus	boxed_i32__uaf	/home/af/Documenti/a-phd/repro-results/pre-must-final118-20260919T120729Z/main/raw/boxed_i32__uaf/annotated_icfg_v2.json	mir_structural_allocator_example	0	ff
corpus	boxed_i32__uaf	/home/af/Documenti/a-phd/repro-results/pre-must-final118-20260919T120729Z/main/raw/boxed_i32__uaf/annotated_icfg_v2.json	mir_terminator_presence	0	tt
corpus	boxed_i32__uaf	/home/af/Documenti/a-phd/repro-results/pre-must-final118-20260919T120729Z/main/raw/boxed_i32__uaf/annotated_icfg_v2.json	use_after_free_alloc	0	unk
corpus	boxed_i32__uaf	/home/af/Documenti/a-phd/repro-results/pre-must-final118-20260919T120729Z/main/raw/boxed_i32__uaf/annotated_icfg_v2.json	use_after_free_alloc_state	0	unk
corpus	boxed_i64__df	/home/af/Documenti/a-phd/repro-results/pre-must-final118-20260919T120729Z/main/raw/boxed_i64__df/annotated_icfg_v2.json	allocator_mismatch_ub	0	ff
corpus	boxed_i64__df	/home/af/Documenti/a-phd/repro-results/pre-must-final118-20260919T120729Z/main/raw/boxed_i64__df/annotated_icfg_v2.json	allocator_mismatch_ub_v2	0	ff
corpus	boxed_i64__df	/home/af/Documenti/a-phd/repro-results/pre-must-final118-20260919T120729Z/main/raw/boxed_i64__df/annotated_icfg_v2.json	double_free_alloc	0	unk
corpus	boxed_i64__df	/home/af/Documenti/a-phd/repro-results/pre-must-final118-20260919T120729Z/main/raw/boxed_i64__df/annotated_icfg_v2.json	double_free_alloc_state	0	unk
corpus	boxed_i64__df	/home/af/Documenti/a-phd/repro-results/pre-must-final118-20260919T120729Z/main/raw/boxed_i64__df/annotated_icfg_v2.json	leak_alloc	0	unk
corpus	boxed_i64__df	/home/af/Documenti/a-phd/repro-results/pre-must-final118-20260919T120729Z/main/raw/boxed_i64__df/annotated_icfg_v2.json	leak_alloc_state	0	unk
corpus	boxed_i64__df	/home/af/Documenti/a-phd/repro-results/pre-must-final118-20260919T120729Z/main/raw/boxed_i64__df/annotated_icfg_v2.json	mir_rvalue_presence	0	ff
corpus	boxed_i64__df	/home/af/Documenti/a-phd/repro-results/pre-must-final118-20260919T120729Z/main/raw/boxed_i64__df/annotated_icfg_v2.json	mir_statement_presence	0	tt
corpus	boxed_i64__df	/home/af/Documenti/a-phd/repro-results/pre-must-final118-20260919T120729Z/main/raw/boxed_i64__df/annotated_icfg_v2.json	mir_structural_allocator_example	0	ff
corpus	boxed_i64__df	/home/af/Documenti/a-phd/repro-results/pre-must-final118-20260919T120729Z/main/raw/boxed_i64__df/annotated_icfg_v2.json	mir_terminator_presence	0	tt
corpus	boxed_i64__df	/home/af/Documenti/a-phd/repro-results/pre-must-final118-20260919T120729Z/main/raw/boxed_i64__df/annotated_icfg_v2.json	use_after_free_alloc	0	ff
corpus	boxed_i64__df	/home/af/Documenti/a-phd/repro-results/pre-must-final118-20260919T120729Z/main/raw/boxed_i64__df/annotated_icfg_v2.json	use_after_free_alloc_state	0	ff
corpus	boxed_i64__ml	/home/af/Documenti/a-phd/repro-results/pre-must-final118-20260919T120729Z/main/raw/boxed_i64__ml/annotated_icfg_v2.json	allocator_mismatch_ub	0	ff
corpus	boxed_i64__ml	/home/af/Documenti/a-phd/repro-results/pre-must-final118-20260919T120729Z/main/raw/boxed_i64__ml/annotated_icfg_v2.json	allocator_mismatch_ub_v2	0	ff
corpus	boxed_i64__ml	/home/af/Documenti/a-phd/repro-results/pre-must-final118-20260919T120729Z/main/raw/boxed_i64__ml/annotated_icfg_v2.json	double_free_alloc	0	ff
corpus	boxed_i64__ml	/home/af/Documenti/a-phd/repro-results/pre-must-final118-20260919T120729Z/main/raw/boxed_i64__ml/annotated_icfg_v2.json	double_free_alloc_state	0	ff
corpus	boxed_i64__ml	/home/af/Documenti/a-phd/repro-results/pre-must-final118-20260919T120729Z/main/raw/boxed_i64__ml/annotated_icfg_v2.json	leak_alloc	0	unk
corpus	boxed_i64__ml	/home/af/Documenti/a-phd/repro-results/pre-must-final118-20260919T120729Z/main/raw/boxed_i64__ml/annotated_icfg_v2.json	leak_alloc_state	0	unk
corpus	boxed_i64__ml	/home/af/Documenti/a-phd/repro-results/pre-must-final118-20260919T120729Z/main/raw/boxed_i64__ml/annotated_icfg_v2.json	mir_rvalue_presence	0	ff
corpus	boxed_i64__ml	/home/af/Documenti/a-phd/repro-results/pre-must-final118-20260919T120729Z/main/raw/boxed_i64__ml/annotated_icfg_v2.json	mir_statement_presence	0	tt
corpus	boxed_i64__ml	/home/af/Documenti/a-phd/repro-results/pre-must-final118-20260919T120729Z/main/raw/boxed_i64__ml/annotated_icfg_v2.json	mir_structural_allocator_example	0	ff
corpus	boxed_i64__ml	/home/af/Documenti/a-phd/repro-results/pre-must-final118-20260919T120729Z/main/raw/boxed_i64__ml/annotated_icfg_v2.json	mir_terminator_presence	0	tt
corpus	boxed_i64__ml	/home/af/Documenti/a-phd/repro-results/pre-must-final118-20260919T120729Z/main/raw/boxed_i64__ml/annotated_icfg_v2.json	use_after_free_alloc	0	ff
corpus	boxed_i64__ml	/home/af/Documenti/a-phd/repro-results/pre-must-final118-20260919T120729Z/main/raw/boxed_i64__ml/annotated_icfg_v2.json	use_after_free_alloc_state	0	ff
corpus	boxed_i64__uaf	/home/af/Documenti/a-phd/repro-results/pre-must-final118-20260919T120729Z/main/raw/boxed_i64__uaf/annotated_icfg_v2.json	allocator_mismatch_ub	0	ff
corpus	boxed_i64__uaf	/home/af/Documenti/a-phd/repro-results/pre-must-final118-20260919T120729Z/main/raw/boxed_i64__uaf/annotated_icfg_v2.json	allocator_mismatch_ub_v2	0	ff
corpus	boxed_i64__uaf	/home/af/Documenti/a-phd/repro-results/pre-must-final118-20260919T120729Z/main/raw/boxed_i64__uaf/annotated_icfg_v2.json	double_free_alloc	0	unk
corpus	boxed_i64__uaf	/home/af/Documenti/a-phd/repro-results/pre-must-final118-20260919T120729Z/main/raw/boxed_i64__uaf/annotated_icfg_v2.json	double_free_alloc_state	0	unk
corpus	boxed_i64__uaf	/home/af/Documenti/a-phd/repro-results/pre-must-final118-20260919T120729Z/main/raw/boxed_i64__uaf/annotated_icfg_v2.json	leak_alloc	0	unk
corpus	boxed_i64__uaf	/home/af/Documenti/a-phd/repro-results/pre-must-final118-20260919T120729Z/main/raw/boxed_i64__uaf/annotated_icfg_v2.json	leak_alloc_state	0	unk
corpus	boxed_i64__uaf	/home/af/Documenti/a-phd/repro-results/pre-must-final118-20260919T120729Z/main/raw/boxed_i64__uaf/annotated_icfg_v2.json	mir_rvalue_presence	0	ff
corpus	boxed_i64__uaf	/home/af/Documenti/a-phd/repro-results/pre-must-final118-20260919T120729Z/main/raw/boxed_i64__uaf/annotated_icfg_v2.json	mir_statement_presence	0	tt
corpus	boxed_i64__uaf	/home/af/Documenti/a-phd/repro-results/pre-must-final118-20260919T120729Z/main/raw/boxed_i64__uaf/annotated_icfg_v2.json	mir_structural_allocator_example	0	ff
corpus	boxed_i64__uaf	/home/af/Documenti/a-phd/repro-results/pre-must-final118-20260919T120729Z/main/raw/boxed_i64__uaf/annotated_icfg_v2.json	mir_terminator_presence	0	tt
corpus	boxed_i64__uaf	/home/af/Documenti/a-phd/repro-results/pre-must-final118-20260919T120729Z/main/raw/boxed_i64__uaf/annotated_icfg_v2.json	use_after_free_alloc	0	unk
corpus	boxed_i64__uaf	/home/af/Documenti/a-phd/repro-results/pre-must-final118-20260919T120729Z/main/raw/boxed_i64__uaf/annotated_icfg_v2.json	use_after_free_alloc_state	0	unk
corpus	boxed_i8__df	/home/af/Documenti/a-phd/repro-results/pre-must-final118-20260919T120729Z/main/raw/boxed_i8__df/annotated_icfg_v2.json	allocator_mismatch_ub	0	ff
corpus	boxed_i8__df	/home/af/Documenti/a-phd/repro-results/pre-must-final118-20260919T120729Z/main/raw/boxed_i8__df/annotated_icfg_v2.json	allocator_mismatch_ub_v2	0	ff
corpus	boxed_i8__df	/home/af/Documenti/a-phd/repro-results/pre-must-final118-20260919T120729Z/main/raw/boxed_i8__df/annotated_icfg_v2.json	double_free_alloc	0	unk
corpus	boxed_i8__df	/home/af/Documenti/a-phd/repro-results/pre-must-final118-20260919T120729Z/main/raw/boxed_i8__df/annotated_icfg_v2.json	double_free_alloc_state	0	unk
corpus	boxed_i8__df	/home/af/Documenti/a-phd/repro-results/pre-must-final118-20260919T120729Z/main/raw/boxed_i8__df/annotated_icfg_v2.json	leak_alloc	0	unk
corpus	boxed_i8__df	/home/af/Documenti/a-phd/repro-results/pre-must-final118-20260919T120729Z/main/raw/boxed_i8__df/annotated_icfg_v2.json	leak_alloc_state	0	unk
corpus	boxed_i8__df	/home/af/Documenti/a-phd/repro-results/pre-must-final118-20260919T120729Z/main/raw/boxed_i8__df/annotated_icfg_v2.json	mir_rvalue_presence	0	ff
corpus	boxed_i8__df	/home/af/Documenti/a-phd/repro-results/pre-must-final118-20260919T120729Z/main/raw/boxed_i8__df/annotated_icfg_v2.json	mir_statement_presence	0	tt
corpus	boxed_i8__df	/home/af/Documenti/a-phd/repro-results/pre-must-final118-20260919T120729Z/main/raw/boxed_i8__df/annotated_icfg_v2.json	mir_structural_allocator_example	0	ff
corpus	boxed_i8__df	/home/af/Documenti/a-phd/repro-results/pre-must-final118-20260919T120729Z/main/raw/boxed_i8__df/annotated_icfg_v2.json	mir_terminator_presence	0	tt
corpus	boxed_i8__df	/home/af/Documenti/a-phd/repro-results/pre-must-final118-20260919T120729Z/main/raw/boxed_i8__df/annotated_icfg_v2.json	use_after_free_alloc	0	ff
corpus	boxed_i8__df	/home/af/Documenti/a-phd/repro-results/pre-must-final118-20260919T120729Z/main/raw/boxed_i8__df/annotated_icfg_v2.json	use_after_free_alloc_state	0	ff
corpus	boxed_i8__ml	/home/af/Documenti/a-phd/repro-results/pre-must-final118-20260919T120729Z/main/raw/boxed_i8__ml/annotated_icfg_v2.json	allocator_mismatch_ub	0	ff
corpus	boxed_i8__ml	/home/af/Documenti/a-phd/repro-results/pre-must-final118-20260919T120729Z/main/raw/boxed_i8__ml/annotated_icfg_v2.json	allocator_mismatch_ub_v2	0	ff
corpus	boxed_i8__ml	/home/af/Documenti/a-phd/repro-results/pre-must-final118-20260919T120729Z/main/raw/boxed_i8__ml/annotated_icfg_v2.json	double_free_alloc	0	ff
corpus	boxed_i8__ml	/home/af/Documenti/a-phd/repro-results/pre-must-final118-20260919T120729Z/main/raw/boxed_i8__ml/annotated_icfg_v2.json	double_free_alloc_state	0	ff
corpus	boxed_i8__ml	/home/af/Documenti/a-phd/repro-results/pre-must-final118-20260919T120729Z/main/raw/boxed_i8__ml/annotated_icfg_v2.json	leak_alloc	0	unk
corpus	boxed_i8__ml	/home/af/Documenti/a-phd/repro-results/pre-must-final118-20260919T120729Z/main/raw/boxed_i8__ml/annotated_icfg_v2.json	leak_alloc_state	0	unk
corpus	boxed_i8__ml	/home/af/Documenti/a-phd/repro-results/pre-must-final118-20260919T120729Z/main/raw/boxed_i8__ml/annotated_icfg_v2.json	mir_rvalue_presence	0	ff
corpus	boxed_i8__ml	/home/af/Documenti/a-phd/repro-results/pre-must-final118-20260919T120729Z/main/raw/boxed_i8__ml/annotated_icfg_v2.json	mir_statement_presence	0	tt
corpus	boxed_i8__ml	/home/af/Documenti/a-phd/repro-results/pre-must-final118-20260919T120729Z/main/raw/boxed_i8__ml/annotated_icfg_v2.json	mir_structural_allocator_example	0	ff
corpus	boxed_i8__ml	/home/af/Documenti/a-phd/repro-results/pre-must-final118-20260919T120729Z/main/raw/boxed_i8__ml/annotated_icfg_v2.json	mir_terminator_presence	0	tt
corpus	boxed_i8__ml	/home/af/Documenti/a-phd/repro-results/pre-must-final118-20260919T120729Z/main/raw/boxed_i8__ml/annotated_icfg_v2.json	use_after_free_alloc	0	ff
corpus	boxed_i8__ml	/home/af/Documenti/a-phd/repro-results/pre-must-final118-20260919T120729Z/main/raw/boxed_i8__ml/annotated_icfg_v2.json	use_after_free_alloc_state	0	ff
corpus	boxed_i8__uaf	/home/af/Documenti/a-phd/repro-results/pre-must-final118-20260919T120729Z/main/raw/boxed_i8__uaf/annotated_icfg_v2.json	allocator_mismatch_ub	0	ff
corpus	boxed_i8__uaf	/home/af/Documenti/a-phd/repro-results/pre-must-final118-20260919T120729Z/main/raw/boxed_i8__uaf/annotated_icfg_v2.json	allocator_mismatch_ub_v2	0	ff
corpus	boxed_i8__uaf	/home/af/Documenti/a-phd/repro-results/pre-must-final118-20260919T120729Z/main/raw/boxed_i8__uaf/annotated_icfg_v2.json	double_free_alloc	0	unk
corpus	boxed_i8__uaf	/home/af/Documenti/a-phd/repro-results/pre-must-final118-20260919T120729Z/main/raw/boxed_i8__uaf/annotated_icfg_v2.json	double_free_alloc_state	0	unk
corpus	boxed_i8__uaf	/home/af/Documenti/a-phd/repro-results/pre-must-final118-20260919T120729Z/main/raw/boxed_i8__uaf/annotated_icfg_v2.json	leak_alloc	0	unk
corpus	boxed_i8__uaf	/home/af/Documenti/a-phd/repro-results/pre-must-final118-20260919T120729Z/main/raw/boxed_i8__uaf/annotated_icfg_v2.json	leak_alloc_state	0	unk
corpus	boxed_i8__uaf	/home/af/Documenti/a-phd/repro-results/pre-must-final118-20260919T120729Z/main/raw/boxed_i8__uaf/annotated_icfg_v2.json	mir_rvalue_presence	0	ff
corpus	boxed_i8__uaf	/home/af/Documenti/a-phd/repro-results/pre-must-final118-20260919T120729Z/main/raw/boxed_i8__uaf/annotated_icfg_v2.json	mir_statement_presence	0	tt
corpus	boxed_i8__uaf	/home/af/Documenti/a-phd/repro-results/pre-must-final118-20260919T120729Z/main/raw/boxed_i8__uaf/annotated_icfg_v2.json	mir_structural_allocator_example	0	ff
corpus	boxed_i8__uaf	/home/af/Documenti/a-phd/repro-results/pre-must-final118-20260919T120729Z/main/raw/boxed_i8__uaf/annotated_icfg_v2.json	mir_terminator_presence	0	tt
corpus	boxed_i8__uaf	/home/af/Documenti/a-phd/repro-results/pre-must-final118-20260919T120729Z/main/raw/boxed_i8__uaf/annotated_icfg_v2.json	use_after_free_alloc	0	unk
corpus	boxed_i8__uaf	/home/af/Documenti/a-phd/repro-results/pre-must-final118-20260919T120729Z/main/raw/boxed_i8__uaf/annotated_icfg_v2.json	use_after_free_alloc_state	0	unk
corpus	boxed_isize__df	/home/af/Documenti/a-phd/repro-results/pre-must-final118-20260919T120729Z/main/raw/boxed_isize__df/annotated_icfg_v2.json	allocator_mismatch_ub	0	ff
corpus	boxed_isize__df	/home/af/Documenti/a-phd/repro-results/pre-must-final118-20260919T120729Z/main/raw/boxed_isize__df/annotated_icfg_v2.json	allocator_mismatch_ub_v2	0	ff
corpus	boxed_isize__df	/home/af/Documenti/a-phd/repro-results/pre-must-final118-20260919T120729Z/main/raw/boxed_isize__df/annotated_icfg_v2.json	double_free_alloc	0	unk
corpus	boxed_isize__df	/home/af/Documenti/a-phd/repro-results/pre-must-final118-20260919T120729Z/main/raw/boxed_isize__df/annotated_icfg_v2.json	double_free_alloc_state	0	unk
corpus	boxed_isize__df	/home/af/Documenti/a-phd/repro-results/pre-must-final118-20260919T120729Z/main/raw/boxed_isize__df/annotated_icfg_v2.json	leak_alloc	0	unk
corpus	boxed_isize__df	/home/af/Documenti/a-phd/repro-results/pre-must-final118-20260919T120729Z/main/raw/boxed_isize__df/annotated_icfg_v2.json	leak_alloc_state	0	unk
corpus	boxed_isize__df	/home/af/Documenti/a-phd/repro-results/pre-must-final118-20260919T120729Z/main/raw/boxed_isize__df/annotated_icfg_v2.json	mir_rvalue_presence	0	ff
corpus	boxed_isize__df	/home/af/Documenti/a-phd/repro-results/pre-must-final118-20260919T120729Z/main/raw/boxed_isize__df/annotated_icfg_v2.json	mir_statement_presence	0	tt
corpus	boxed_isize__df	/home/af/Documenti/a-phd/repro-results/pre-must-final118-20260919T120729Z/main/raw/boxed_isize__df/annotated_icfg_v2.json	mir_structural_allocator_example	0	ff
corpus	boxed_isize__df	/home/af/Documenti/a-phd/repro-results/pre-must-final118-20260919T120729Z/main/raw/boxed_isize__df/annotated_icfg_v2.json	mir_terminator_presence	0	tt
corpus	boxed_isize__df	/home/af/Documenti/a-phd/repro-results/pre-must-final118-20260919T120729Z/main/raw/boxed_isize__df/annotated_icfg_v2.json	use_after_free_alloc	0	ff
corpus	boxed_isize__df	/home/af/Documenti/a-phd/repro-results/pre-must-final118-20260919T120729Z/main/raw/boxed_isize__df/annotated_icfg_v2.json	use_after_free_alloc_state	0	ff
corpus	boxed_isize__ml	/home/af/Documenti/a-phd/repro-results/pre-must-final118-20260919T120729Z/main/raw/boxed_isize__ml/annotated_icfg_v2.json	allocator_mismatch_ub	0	ff
corpus	boxed_isize__ml	/home/af/Documenti/a-phd/repro-results/pre-must-final118-20260919T120729Z/main/raw/boxed_isize__ml/annotated_icfg_v2.json	allocator_mismatch_ub_v2	0	ff
corpus	boxed_isize__ml	/home/af/Documenti/a-phd/repro-results/pre-must-final118-20260919T120729Z/main/raw/boxed_isize__ml/annotated_icfg_v2.json	double_free_alloc	0	ff
corpus	boxed_isize__ml	/home/af/Documenti/a-phd/repro-results/pre-must-final118-20260919T120729Z/main/raw/boxed_isize__ml/annotated_icfg_v2.json	double_free_alloc_state	0	ff
corpus	boxed_isize__ml	/home/af/Documenti/a-phd/repro-results/pre-must-final118-20260919T120729Z/main/raw/boxed_isize__ml/annotated_icfg_v2.json	leak_alloc	0	unk
corpus	boxed_isize__ml	/home/af/Documenti/a-phd/repro-results/pre-must-final118-20260919T120729Z/main/raw/boxed_isize__ml/annotated_icfg_v2.json	leak_alloc_state	0	unk
corpus	boxed_isize__ml	/home/af/Documenti/a-phd/repro-results/pre-must-final118-20260919T120729Z/main/raw/boxed_isize__ml/annotated_icfg_v2.json	mir_rvalue_presence	0	ff
corpus	boxed_isize__ml	/home/af/Documenti/a-phd/repro-results/pre-must-final118-20260919T120729Z/main/raw/boxed_isize__ml/annotated_icfg_v2.json	mir_statement_presence	0	tt
corpus	boxed_isize__ml	/home/af/Documenti/a-phd/repro-results/pre-must-final118-20260919T120729Z/main/raw/boxed_isize__ml/annotated_icfg_v2.json	mir_structural_allocator_example	0	ff
corpus	boxed_isize__ml	/home/af/Documenti/a-phd/repro-results/pre-must-final118-20260919T120729Z/main/raw/boxed_isize__ml/annotated_icfg_v2.json	mir_terminator_presence	0	tt
corpus	boxed_isize__ml	/home/af/Documenti/a-phd/repro-results/pre-must-final118-20260919T120729Z/main/raw/boxed_isize__ml/annotated_icfg_v2.json	use_after_free_alloc	0	ff
corpus	boxed_isize__ml	/home/af/Documenti/a-phd/repro-results/pre-must-final118-20260919T120729Z/main/raw/boxed_isize__ml/annotated_icfg_v2.json	use_after_free_alloc_state	0	ff
corpus	boxed_isize__uaf	/home/af/Documenti/a-phd/repro-results/pre-must-final118-20260919T120729Z/main/raw/boxed_isize__uaf/annotated_icfg_v2.json	allocator_mismatch_ub	0	ff
corpus	boxed_isize__uaf	/home/af/Documenti/a-phd/repro-results/pre-must-final118-20260919T120729Z/main/raw/boxed_isize__uaf/annotated_icfg_v2.json	allocator_mismatch_ub_v2	0	ff
corpus	boxed_isize__uaf	/home/af/Documenti/a-phd/repro-results/pre-must-final118-20260919T120729Z/main/raw/boxed_isize__uaf/annotated_icfg_v2.json	double_free_alloc	0	unk
corpus	boxed_isize__uaf	/home/af/Documenti/a-phd/repro-results/pre-must-final118-20260919T120729Z/main/raw/boxed_isize__uaf/annotated_icfg_v2.json	double_free_alloc_state	0	unk
corpus	boxed_isize__uaf	/home/af/Documenti/a-phd/repro-results/pre-must-final118-20260919T120729Z/main/raw/boxed_isize__uaf/annotated_icfg_v2.json	leak_alloc	0	unk
corpus	boxed_isize__uaf	/home/af/Documenti/a-phd/repro-results/pre-must-final118-20260919T120729Z/main/raw/boxed_isize__uaf/annotated_icfg_v2.json	leak_alloc_state	0	unk
corpus	boxed_isize__uaf	/home/af/Documenti/a-phd/repro-results/pre-must-final118-20260919T120729Z/main/raw/boxed_isize__uaf/annotated_icfg_v2.json	mir_rvalue_presence	0	ff
corpus	boxed_isize__uaf	/home/af/Documenti/a-phd/repro-results/pre-must-final118-20260919T120729Z/main/raw/boxed_isize__uaf/annotated_icfg_v2.json	mir_statement_presence	0	tt
corpus	boxed_isize__uaf	/home/af/Documenti/a-phd/repro-results/pre-must-final118-20260919T120729Z/main/raw/boxed_isize__uaf/annotated_icfg_v2.json	mir_structural_allocator_example	0	ff
corpus	boxed_isize__uaf	/home/af/Documenti/a-phd/repro-results/pre-must-final118-20260919T120729Z/main/raw/boxed_isize__uaf/annotated_icfg_v2.json	mir_terminator_presence	0	tt
corpus	boxed_isize__uaf	/home/af/Documenti/a-phd/repro-results/pre-must-final118-20260919T120729Z/main/raw/boxed_isize__uaf/annotated_icfg_v2.json	use_after_free_alloc	0	unk
corpus	boxed_isize__uaf	/home/af/Documenti/a-phd/repro-results/pre-must-final118-20260919T120729Z/main/raw/boxed_isize__uaf/annotated_icfg_v2.json	use_after_free_alloc_state	0	unk
corpus	boxed_u128__df	/home/af/Documenti/a-phd/repro-results/pre-must-final118-20260919T120729Z/main/raw/boxed_u128__df/annotated_icfg_v2.json	allocator_mismatch_ub	0	ff
corpus	boxed_u128__df	/home/af/Documenti/a-phd/repro-results/pre-must-final118-20260919T120729Z/main/raw/boxed_u128__df/annotated_icfg_v2.json	allocator_mismatch_ub_v2	0	ff
corpus	boxed_u128__df	/home/af/Documenti/a-phd/repro-results/pre-must-final118-20260919T120729Z/main/raw/boxed_u128__df/annotated_icfg_v2.json	double_free_alloc	0	unk
corpus	boxed_u128__df	/home/af/Documenti/a-phd/repro-results/pre-must-final118-20260919T120729Z/main/raw/boxed_u128__df/annotated_icfg_v2.json	double_free_alloc_state	0	unk
corpus	boxed_u128__df	/home/af/Documenti/a-phd/repro-results/pre-must-final118-20260919T120729Z/main/raw/boxed_u128__df/annotated_icfg_v2.json	leak_alloc	0	unk
corpus	boxed_u128__df	/home/af/Documenti/a-phd/repro-results/pre-must-final118-20260919T120729Z/main/raw/boxed_u128__df/annotated_icfg_v2.json	leak_alloc_state	0	unk
corpus	boxed_u128__df	/home/af/Documenti/a-phd/repro-results/pre-must-final118-20260919T120729Z/main/raw/boxed_u128__df/annotated_icfg_v2.json	mir_rvalue_presence	0	ff
corpus	boxed_u128__df	/home/af/Documenti/a-phd/repro-results/pre-must-final118-20260919T120729Z/main/raw/boxed_u128__df/annotated_icfg_v2.json	mir_statement_presence	0	tt
corpus	boxed_u128__df	/home/af/Documenti/a-phd/repro-results/pre-must-final118-20260919T120729Z/main/raw/boxed_u128__df/annotated_icfg_v2.json	mir_structural_allocator_example	0	ff
corpus	boxed_u128__df	/home/af/Documenti/a-phd/repro-results/pre-must-final118-20260919T120729Z/main/raw/boxed_u128__df/annotated_icfg_v2.json	mir_terminator_presence	0	tt
corpus	boxed_u128__df	/home/af/Documenti/a-phd/repro-results/pre-must-final118-20260919T120729Z/main/raw/boxed_u128__df/annotated_icfg_v2.json	use_after_free_alloc	0	ff
corpus	boxed_u128__df	/home/af/Documenti/a-phd/repro-results/pre-must-final118-20260919T120729Z/main/raw/boxed_u128__df/annotated_icfg_v2.json	use_after_free_alloc_state	0	ff
corpus	boxed_u128__ml	/home/af/Documenti/a-phd/repro-results/pre-must-final118-20260919T120729Z/main/raw/boxed_u128__ml/annotated_icfg_v2.json	allocator_mismatch_ub	0	ff
corpus	boxed_u128__ml	/home/af/Documenti/a-phd/repro-results/pre-must-final118-20260919T120729Z/main/raw/boxed_u128__ml/annotated_icfg_v2.json	allocator_mismatch_ub_v2	0	ff
corpus	boxed_u128__ml	/home/af/Documenti/a-phd/repro-results/pre-must-final118-20260919T120729Z/main/raw/boxed_u128__ml/annotated_icfg_v2.json	double_free_alloc	0	ff
corpus	boxed_u128__ml	/home/af/Documenti/a-phd/repro-results/pre-must-final118-20260919T120729Z/main/raw/boxed_u128__ml/annotated_icfg_v2.json	double_free_alloc_state	0	ff
corpus	boxed_u128__ml	/home/af/Documenti/a-phd/repro-results/pre-must-final118-20260919T120729Z/main/raw/boxed_u128__ml/annotated_icfg_v2.json	leak_alloc	0	unk
corpus	boxed_u128__ml	/home/af/Documenti/a-phd/repro-results/pre-must-final118-20260919T120729Z/main/raw/boxed_u128__ml/annotated_icfg_v2.json	leak_alloc_state	0	unk
corpus	boxed_u128__ml	/home/af/Documenti/a-phd/repro-results/pre-must-final118-20260919T120729Z/main/raw/boxed_u128__ml/annotated_icfg_v2.json	mir_rvalue_presence	0	ff
corpus	boxed_u128__ml	/home/af/Documenti/a-phd/repro-results/pre-must-final118-20260919T120729Z/main/raw/boxed_u128__ml/annotated_icfg_v2.json	mir_statement_presence	0	tt
corpus	boxed_u128__ml	/home/af/Documenti/a-phd/repro-results/pre-must-final118-20260919T120729Z/main/raw/boxed_u128__ml/annotated_icfg_v2.json	mir_structural_allocator_example	0	ff
corpus	boxed_u128__ml	/home/af/Documenti/a-phd/repro-results/pre-must-final118-20260919T120729Z/main/raw/boxed_u128__ml/annotated_icfg_v2.json	mir_terminator_presence	0	tt
corpus	boxed_u128__ml	/home/af/Documenti/a-phd/repro-results/pre-must-final118-20260919T120729Z/main/raw/boxed_u128__ml/annotated_icfg_v2.json	use_after_free_alloc	0	ff
corpus	boxed_u128__ml	/home/af/Documenti/a-phd/repro-results/pre-must-final118-20260919T120729Z/main/raw/boxed_u128__ml/annotated_icfg_v2.json	use_after_free_alloc_state	0	ff
corpus	boxed_u128__uaf	/home/af/Documenti/a-phd/repro-results/pre-must-final118-20260919T120729Z/main/raw/boxed_u128__uaf/annotated_icfg_v2.json	allocator_mismatch_ub	0	ff
corpus	boxed_u128__uaf	/home/af/Documenti/a-phd/repro-results/pre-must-final118-20260919T120729Z/main/raw/boxed_u128__uaf/annotated_icfg_v2.json	allocator_mismatch_ub_v2	0	ff
corpus	boxed_u128__uaf	/home/af/Documenti/a-phd/repro-results/pre-must-final118-20260919T120729Z/main/raw/boxed_u128__uaf/annotated_icfg_v2.json	double_free_alloc	0	unk
corpus	boxed_u128__uaf	/home/af/Documenti/a-phd/repro-results/pre-must-final118-20260919T120729Z/main/raw/boxed_u128__uaf/annotated_icfg_v2.json	double_free_alloc_state	0	unk
corpus	boxed_u128__uaf	/home/af/Documenti/a-phd/repro-results/pre-must-final118-20260919T120729Z/main/raw/boxed_u128__uaf/annotated_icfg_v2.json	leak_alloc	0	unk
corpus	boxed_u128__uaf	/home/af/Documenti/a-phd/repro-results/pre-must-final118-20260919T120729Z/main/raw/boxed_u128__uaf/annotated_icfg_v2.json	leak_alloc_state	0	unk
corpus	boxed_u128__uaf	/home/af/Documenti/a-phd/repro-results/pre-must-final118-20260919T120729Z/main/raw/boxed_u128__uaf/annotated_icfg_v2.json	mir_rvalue_presence	0	ff
corpus	boxed_u128__uaf	/home/af/Documenti/a-phd/repro-results/pre-must-final118-20260919T120729Z/main/raw/boxed_u128__uaf/annotated_icfg_v2.json	mir_statement_presence	0	tt
corpus	boxed_u128__uaf	/home/af/Documenti/a-phd/repro-results/pre-must-final118-20260919T120729Z/main/raw/boxed_u128__uaf/annotated_icfg_v2.json	mir_structural_allocator_example	0	ff
corpus	boxed_u128__uaf	/home/af/Documenti/a-phd/repro-results/pre-must-final118-20260919T120729Z/main/raw/boxed_u128__uaf/annotated_icfg_v2.json	mir_terminator_presence	0	tt
corpus	boxed_u128__uaf	/home/af/Documenti/a-phd/repro-results/pre-must-final118-20260919T120729Z/main/raw/boxed_u128__uaf/annotated_icfg_v2.json	use_after_free_alloc	0	unk
corpus	boxed_u128__uaf	/home/af/Documenti/a-phd/repro-results/pre-must-final118-20260919T120729Z/main/raw/boxed_u128__uaf/annotated_icfg_v2.json	use_after_free_alloc_state	0	unk
corpus	boxed_u16__df	/home/af/Documenti/a-phd/repro-results/pre-must-final118-20260919T120729Z/main/raw/boxed_u16__df/annotated_icfg_v2.json	allocator_mismatch_ub	0	ff
corpus	boxed_u16__df	/home/af/Documenti/a-phd/repro-results/pre-must-final118-20260919T120729Z/main/raw/boxed_u16__df/annotated_icfg_v2.json	allocator_mismatch_ub_v2	0	ff
corpus	boxed_u16__df	/home/af/Documenti/a-phd/repro-results/pre-must-final118-20260919T120729Z/main/raw/boxed_u16__df/annotated_icfg_v2.json	double_free_alloc	0	unk
corpus	boxed_u16__df	/home/af/Documenti/a-phd/repro-results/pre-must-final118-20260919T120729Z/main/raw/boxed_u16__df/annotated_icfg_v2.json	double_free_alloc_state	0	unk
corpus	boxed_u16__df	/home/af/Documenti/a-phd/repro-results/pre-must-final118-20260919T120729Z/main/raw/boxed_u16__df/annotated_icfg_v2.json	leak_alloc	0	unk
corpus	boxed_u16__df	/home/af/Documenti/a-phd/repro-results/pre-must-final118-20260919T120729Z/main/raw/boxed_u16__df/annotated_icfg_v2.json	leak_alloc_state	0	unk
corpus	boxed_u16__df	/home/af/Documenti/a-phd/repro-results/pre-must-final118-20260919T120729Z/main/raw/boxed_u16__df/annotated_icfg_v2.json	mir_rvalue_presence	0	ff
corpus	boxed_u16__df	/home/af/Documenti/a-phd/repro-results/pre-must-final118-20260919T120729Z/main/raw/boxed_u16__df/annotated_icfg_v2.json	mir_statement_presence	0	tt
corpus	boxed_u16__df	/home/af/Documenti/a-phd/repro-results/pre-must-final118-20260919T120729Z/main/raw/boxed_u16__df/annotated_icfg_v2.json	mir_structural_allocator_example	0	ff
corpus	boxed_u16__df	/home/af/Documenti/a-phd/repro-results/pre-must-final118-20260919T120729Z/main/raw/boxed_u16__df/annotated_icfg_v2.json	mir_terminator_presence	0	tt
corpus	boxed_u16__df	/home/af/Documenti/a-phd/repro-results/pre-must-final118-20260919T120729Z/main/raw/boxed_u16__df/annotated_icfg_v2.json	use_after_free_alloc	0	ff
corpus	boxed_u16__df	/home/af/Documenti/a-phd/repro-results/pre-must-final118-20260919T120729Z/main/raw/boxed_u16__df/annotated_icfg_v2.json	use_after_free_alloc_state	0	ff
corpus	boxed_u16__ml	/home/af/Documenti/a-phd/repro-results/pre-must-final118-20260919T120729Z/main/raw/boxed_u16__ml/annotated_icfg_v2.json	allocator_mismatch_ub	0	ff
corpus	boxed_u16__ml	/home/af/Documenti/a-phd/repro-results/pre-must-final118-20260919T120729Z/main/raw/boxed_u16__ml/annotated_icfg_v2.json	allocator_mismatch_ub_v2	0	ff
corpus	boxed_u16__ml	/home/af/Documenti/a-phd/repro-results/pre-must-final118-20260919T120729Z/main/raw/boxed_u16__ml/annotated_icfg_v2.json	double_free_alloc	0	ff
corpus	boxed_u16__ml	/home/af/Documenti/a-phd/repro-results/pre-must-final118-20260919T120729Z/main/raw/boxed_u16__ml/annotated_icfg_v2.json	double_free_alloc_state	0	ff
corpus	boxed_u16__ml	/home/af/Documenti/a-phd/repro-results/pre-must-final118-20260919T120729Z/main/raw/boxed_u16__ml/annotated_icfg_v2.json	leak_alloc	0	unk
corpus	boxed_u16__ml	/home/af/Documenti/a-phd/repro-results/pre-must-final118-20260919T120729Z/main/raw/boxed_u16__ml/annotated_icfg_v2.json	leak_alloc_state	0	unk
corpus	boxed_u16__ml	/home/af/Documenti/a-phd/repro-results/pre-must-final118-20260919T120729Z/main/raw/boxed_u16__ml/annotated_icfg_v2.json	mir_rvalue_presence	0	ff
corpus	boxed_u16__ml	/home/af/Documenti/a-phd/repro-results/pre-must-final118-20260919T120729Z/main/raw/boxed_u16__ml/annotated_icfg_v2.json	mir_statement_presence	0	tt
corpus	boxed_u16__ml	/home/af/Documenti/a-phd/repro-results/pre-must-final118-20260919T120729Z/main/raw/boxed_u16__ml/annotated_icfg_v2.json	mir_structural_allocator_example	0	ff
corpus	boxed_u16__ml	/home/af/Documenti/a-phd/repro-results/pre-must-final118-20260919T120729Z/main/raw/boxed_u16__ml/annotated_icfg_v2.json	mir_terminator_presence	0	tt
corpus	boxed_u16__ml	/home/af/Documenti/a-phd/repro-results/pre-must-final118-20260919T120729Z/main/raw/boxed_u16__ml/annotated_icfg_v2.json	use_after_free_alloc	0	ff
corpus	boxed_u16__ml	/home/af/Documenti/a-phd/repro-results/pre-must-final118-20260919T120729Z/main/raw/boxed_u16__ml/annotated_icfg_v2.json	use_after_free_alloc_state	0	ff
corpus	boxed_u16__uaf	/home/af/Documenti/a-phd/repro-results/pre-must-final118-20260919T120729Z/main/raw/boxed_u16__uaf/annotated_icfg_v2.json	allocator_mismatch_ub	0	ff
corpus	boxed_u16__uaf	/home/af/Documenti/a-phd/repro-results/pre-must-final118-20260919T120729Z/main/raw/boxed_u16__uaf/annotated_icfg_v2.json	allocator_mismatch_ub_v2	0	ff
corpus	boxed_u16__uaf	/home/af/Documenti/a-phd/repro-results/pre-must-final118-20260919T120729Z/main/raw/boxed_u16__uaf/annotated_icfg_v2.json	double_free_alloc	0	unk
corpus	boxed_u16__uaf	/home/af/Documenti/a-phd/repro-results/pre-must-final118-20260919T120729Z/main/raw/boxed_u16__uaf/annotated_icfg_v2.json	double_free_alloc_state	0	unk
corpus	boxed_u16__uaf	/home/af/Documenti/a-phd/repro-results/pre-must-final118-20260919T120729Z/main/raw/boxed_u16__uaf/annotated_icfg_v2.json	leak_alloc	0	unk
corpus	boxed_u16__uaf	/home/af/Documenti/a-phd/repro-results/pre-must-final118-20260919T120729Z/main/raw/boxed_u16__uaf/annotated_icfg_v2.json	leak_alloc_state	0	unk
corpus	boxed_u16__uaf	/home/af/Documenti/a-phd/repro-results/pre-must-final118-20260919T120729Z/main/raw/boxed_u16__uaf/annotated_icfg_v2.json	mir_rvalue_presence	0	ff
corpus	boxed_u16__uaf	/home/af/Documenti/a-phd/repro-results/pre-must-final118-20260919T120729Z/main/raw/boxed_u16__uaf/annotated_icfg_v2.json	mir_statement_presence	0	tt
corpus	boxed_u16__uaf	/home/af/Documenti/a-phd/repro-results/pre-must-final118-20260919T120729Z/main/raw/boxed_u16__uaf/annotated_icfg_v2.json	mir_structural_allocator_example	0	ff
corpus	boxed_u16__uaf	/home/af/Documenti/a-phd/repro-results/pre-must-final118-20260919T120729Z/main/raw/boxed_u16__uaf/annotated_icfg_v2.json	mir_terminator_presence	0	tt
corpus	boxed_u16__uaf	/home/af/Documenti/a-phd/repro-results/pre-must-final118-20260919T120729Z/main/raw/boxed_u16__uaf/annotated_icfg_v2.json	use_after_free_alloc	0	unk
corpus	boxed_u16__uaf	/home/af/Documenti/a-phd/repro-results/pre-must-final118-20260919T120729Z/main/raw/boxed_u16__uaf/annotated_icfg_v2.json	use_after_free_alloc_state	0	unk
corpus	boxed_u32__df	/home/af/Documenti/a-phd/repro-results/pre-must-final118-20260919T120729Z/main/raw/boxed_u32__df/annotated_icfg_v2.json	allocator_mismatch_ub	0	ff
corpus	boxed_u32__df	/home/af/Documenti/a-phd/repro-results/pre-must-final118-20260919T120729Z/main/raw/boxed_u32__df/annotated_icfg_v2.json	allocator_mismatch_ub_v2	0	ff
corpus	boxed_u32__df	/home/af/Documenti/a-phd/repro-results/pre-must-final118-20260919T120729Z/main/raw/boxed_u32__df/annotated_icfg_v2.json	double_free_alloc	0	unk
corpus	boxed_u32__df	/home/af/Documenti/a-phd/repro-results/pre-must-final118-20260919T120729Z/main/raw/boxed_u32__df/annotated_icfg_v2.json	double_free_alloc_state	0	unk
corpus	boxed_u32__df	/home/af/Documenti/a-phd/repro-results/pre-must-final118-20260919T120729Z/main/raw/boxed_u32__df/annotated_icfg_v2.json	leak_alloc	0	unk
corpus	boxed_u32__df	/home/af/Documenti/a-phd/repro-results/pre-must-final118-20260919T120729Z/main/raw/boxed_u32__df/annotated_icfg_v2.json	leak_alloc_state	0	unk
corpus	boxed_u32__df	/home/af/Documenti/a-phd/repro-results/pre-must-final118-20260919T120729Z/main/raw/boxed_u32__df/annotated_icfg_v2.json	mir_rvalue_presence	0	ff
corpus	boxed_u32__df	/home/af/Documenti/a-phd/repro-results/pre-must-final118-20260919T120729Z/main/raw/boxed_u32__df/annotated_icfg_v2.json	mir_statement_presence	0	tt
corpus	boxed_u32__df	/home/af/Documenti/a-phd/repro-results/pre-must-final118-20260919T120729Z/main/raw/boxed_u32__df/annotated_icfg_v2.json	mir_structural_allocator_example	0	ff
corpus	boxed_u32__df	/home/af/Documenti/a-phd/repro-results/pre-must-final118-20260919T120729Z/main/raw/boxed_u32__df/annotated_icfg_v2.json	mir_terminator_presence	0	tt
corpus	boxed_u32__df	/home/af/Documenti/a-phd/repro-results/pre-must-final118-20260919T120729Z/main/raw/boxed_u32__df/annotated_icfg_v2.json	use_after_free_alloc	0	ff
corpus	boxed_u32__df	/home/af/Documenti/a-phd/repro-results/pre-must-final118-20260919T120729Z/main/raw/boxed_u32__df/annotated_icfg_v2.json	use_after_free_alloc_state	0	ff
corpus	boxed_u32__ml	/home/af/Documenti/a-phd/repro-results/pre-must-final118-20260919T120729Z/main/raw/boxed_u32__ml/annotated_icfg_v2.json	allocator_mismatch_ub	0	ff
corpus	boxed_u32__ml	/home/af/Documenti/a-phd/repro-results/pre-must-final118-20260919T120729Z/main/raw/boxed_u32__ml/annotated_icfg_v2.json	allocator_mismatch_ub_v2	0	ff
corpus	boxed_u32__ml	/home/af/Documenti/a-phd/repro-results/pre-must-final118-20260919T120729Z/main/raw/boxed_u32__ml/annotated_icfg_v2.json	double_free_alloc	0	ff
corpus	boxed_u32__ml	/home/af/Documenti/a-phd/repro-results/pre-must-final118-20260919T120729Z/main/raw/boxed_u32__ml/annotated_icfg_v2.json	double_free_alloc_state	0	ff
corpus	boxed_u32__ml	/home/af/Documenti/a-phd/repro-results/pre-must-final118-20260919T120729Z/main/raw/boxed_u32__ml/annotated_icfg_v2.json	leak_alloc	0	unk
corpus	boxed_u32__ml	/home/af/Documenti/a-phd/repro-results/pre-must-final118-20260919T120729Z/main/raw/boxed_u32__ml/annotated_icfg_v2.json	leak_alloc_state	0	unk
corpus	boxed_u32__ml	/home/af/Documenti/a-phd/repro-results/pre-must-final118-20260919T120729Z/main/raw/boxed_u32__ml/annotated_icfg_v2.json	mir_rvalue_presence	0	ff
corpus	boxed_u32__ml	/home/af/Documenti/a-phd/repro-results/pre-must-final118-20260919T120729Z/main/raw/boxed_u32__ml/annotated_icfg_v2.json	mir_statement_presence	0	tt
corpus	boxed_u32__ml	/home/af/Documenti/a-phd/repro-results/pre-must-final118-20260919T120729Z/main/raw/boxed_u32__ml/annotated_icfg_v2.json	mir_structural_allocator_example	0	ff
corpus	boxed_u32__ml	/home/af/Documenti/a-phd/repro-results/pre-must-final118-20260919T120729Z/main/raw/boxed_u32__ml/annotated_icfg_v2.json	mir_terminator_presence	0	tt
corpus	boxed_u32__ml	/home/af/Documenti/a-phd/repro-results/pre-must-final118-20260919T120729Z/main/raw/boxed_u32__ml/annotated_icfg_v2.json	use_after_free_alloc	0	ff
corpus	boxed_u32__ml	/home/af/Documenti/a-phd/repro-results/pre-must-final118-20260919T120729Z/main/raw/boxed_u32__ml/annotated_icfg_v2.json	use_after_free_alloc_state	0	ff
corpus	boxed_u32__uaf	/home/af/Documenti/a-phd/repro-results/pre-must-final118-20260919T120729Z/main/raw/boxed_u32__uaf/annotated_icfg_v2.json	allocator_mismatch_ub	0	ff
corpus	boxed_u32__uaf	/home/af/Documenti/a-phd/repro-results/pre-must-final118-20260919T120729Z/main/raw/boxed_u32__uaf/annotated_icfg_v2.json	allocator_mismatch_ub_v2	0	ff
corpus	boxed_u32__uaf	/home/af/Documenti/a-phd/repro-results/pre-must-final118-20260919T120729Z/main/raw/boxed_u32__uaf/annotated_icfg_v2.json	double_free_alloc	0	unk
corpus	boxed_u32__uaf	/home/af/Documenti/a-phd/repro-results/pre-must-final118-20260919T120729Z/main/raw/boxed_u32__uaf/annotated_icfg_v2.json	double_free_alloc_state	0	unk
corpus	boxed_u32__uaf	/home/af/Documenti/a-phd/repro-results/pre-must-final118-20260919T120729Z/main/raw/boxed_u32__uaf/annotated_icfg_v2.json	leak_alloc	0	unk
corpus	boxed_u32__uaf	/home/af/Documenti/a-phd/repro-results/pre-must-final118-20260919T120729Z/main/raw/boxed_u32__uaf/annotated_icfg_v2.json	leak_alloc_state	0	unk
corpus	boxed_u32__uaf	/home/af/Documenti/a-phd/repro-results/pre-must-final118-20260919T120729Z/main/raw/boxed_u32__uaf/annotated_icfg_v2.json	mir_rvalue_presence	0	ff
corpus	boxed_u32__uaf	/home/af/Documenti/a-phd/repro-results/pre-must-final118-20260919T120729Z/main/raw/boxed_u32__uaf/annotated_icfg_v2.json	mir_statement_presence	0	tt
corpus	boxed_u32__uaf	/home/af/Documenti/a-phd/repro-results/pre-must-final118-20260919T120729Z/main/raw/boxed_u32__uaf/annotated_icfg_v2.json	mir_structural_allocator_example	0	ff
corpus	boxed_u32__uaf	/home/af/Documenti/a-phd/repro-results/pre-must-final118-20260919T120729Z/main/raw/boxed_u32__uaf/annotated_icfg_v2.json	mir_terminator_presence	0	tt
corpus	boxed_u32__uaf	/home/af/Documenti/a-phd/repro-results/pre-must-final118-20260919T120729Z/main/raw/boxed_u32__uaf/annotated_icfg_v2.json	use_after_free_alloc	0	unk
corpus	boxed_u32__uaf	/home/af/Documenti/a-phd/repro-results/pre-must-final118-20260919T120729Z/main/raw/boxed_u32__uaf/annotated_icfg_v2.json	use_after_free_alloc_state	0	unk
corpus	boxed_u64__df	/home/af/Documenti/a-phd/repro-results/pre-must-final118-20260919T120729Z/main/raw/boxed_u64__df/annotated_icfg_v2.json	allocator_mismatch_ub	0	ff
corpus	boxed_u64__df	/home/af/Documenti/a-phd/repro-results/pre-must-final118-20260919T120729Z/main/raw/boxed_u64__df/annotated_icfg_v2.json	allocator_mismatch_ub_v2	0	ff
corpus	boxed_u64__df	/home/af/Documenti/a-phd/repro-results/pre-must-final118-20260919T120729Z/main/raw/boxed_u64__df/annotated_icfg_v2.json	double_free_alloc	0	unk
corpus	boxed_u64__df	/home/af/Documenti/a-phd/repro-results/pre-must-final118-20260919T120729Z/main/raw/boxed_u64__df/annotated_icfg_v2.json	double_free_alloc_state	0	unk
corpus	boxed_u64__df	/home/af/Documenti/a-phd/repro-results/pre-must-final118-20260919T120729Z/main/raw/boxed_u64__df/annotated_icfg_v2.json	leak_alloc	0	unk
corpus	boxed_u64__df	/home/af/Documenti/a-phd/repro-results/pre-must-final118-20260919T120729Z/main/raw/boxed_u64__df/annotated_icfg_v2.json	leak_alloc_state	0	unk
corpus	boxed_u64__df	/home/af/Documenti/a-phd/repro-results/pre-must-final118-20260919T120729Z/main/raw/boxed_u64__df/annotated_icfg_v2.json	mir_rvalue_presence	0	ff
corpus	boxed_u64__df	/home/af/Documenti/a-phd/repro-results/pre-must-final118-20260919T120729Z/main/raw/boxed_u64__df/annotated_icfg_v2.json	mir_statement_presence	0	tt
corpus	boxed_u64__df	/home/af/Documenti/a-phd/repro-results/pre-must-final118-20260919T120729Z/main/raw/boxed_u64__df/annotated_icfg_v2.json	mir_structural_allocator_example	0	ff
corpus	boxed_u64__df	/home/af/Documenti/a-phd/repro-results/pre-must-final118-20260919T120729Z/main/raw/boxed_u64__df/annotated_icfg_v2.json	mir_terminator_presence	0	tt
corpus	boxed_u64__df	/home/af/Documenti/a-phd/repro-results/pre-must-final118-20260919T120729Z/main/raw/boxed_u64__df/annotated_icfg_v2.json	use_after_free_alloc	0	ff
corpus	boxed_u64__df	/home/af/Documenti/a-phd/repro-results/pre-must-final118-20260919T120729Z/main/raw/boxed_u64__df/annotated_icfg_v2.json	use_after_free_alloc_state	0	ff
corpus	boxed_u64__ml	/home/af/Documenti/a-phd/repro-results/pre-must-final118-20260919T120729Z/main/raw/boxed_u64__ml/annotated_icfg_v2.json	allocator_mismatch_ub	0	ff
corpus	boxed_u64__ml	/home/af/Documenti/a-phd/repro-results/pre-must-final118-20260919T120729Z/main/raw/boxed_u64__ml/annotated_icfg_v2.json	allocator_mismatch_ub_v2	0	ff
corpus	boxed_u64__ml	/home/af/Documenti/a-phd/repro-results/pre-must-final118-20260919T120729Z/main/raw/boxed_u64__ml/annotated_icfg_v2.json	double_free_alloc	0	ff
corpus	boxed_u64__ml	/home/af/Documenti/a-phd/repro-results/pre-must-final118-20260919T120729Z/main/raw/boxed_u64__ml/annotated_icfg_v2.json	double_free_alloc_state	0	ff
corpus	boxed_u64__ml	/home/af/Documenti/a-phd/repro-results/pre-must-final118-20260919T120729Z/main/raw/boxed_u64__ml/annotated_icfg_v2.json	leak_alloc	0	unk
corpus	boxed_u64__ml	/home/af/Documenti/a-phd/repro-results/pre-must-final118-20260919T120729Z/main/raw/boxed_u64__ml/annotated_icfg_v2.json	leak_alloc_state	0	unk
corpus	boxed_u64__ml	/home/af/Documenti/a-phd/repro-results/pre-must-final118-20260919T120729Z/main/raw/boxed_u64__ml/annotated_icfg_v2.json	mir_rvalue_presence	0	ff
corpus	boxed_u64__ml	/home/af/Documenti/a-phd/repro-results/pre-must-final118-20260919T120729Z/main/raw/boxed_u64__ml/annotated_icfg_v2.json	mir_statement_presence	0	tt
corpus	boxed_u64__ml	/home/af/Documenti/a-phd/repro-results/pre-must-final118-20260919T120729Z/main/raw/boxed_u64__ml/annotated_icfg_v2.json	mir_structural_allocator_example	0	ff
corpus	boxed_u64__ml	/home/af/Documenti/a-phd/repro-results/pre-must-final118-20260919T120729Z/main/raw/boxed_u64__ml/annotated_icfg_v2.json	mir_terminator_presence	0	tt
corpus	boxed_u64__ml	/home/af/Documenti/a-phd/repro-results/pre-must-final118-20260919T120729Z/main/raw/boxed_u64__ml/annotated_icfg_v2.json	use_after_free_alloc	0	ff
corpus	boxed_u64__ml	/home/af/Documenti/a-phd/repro-results/pre-must-final118-20260919T120729Z/main/raw/boxed_u64__ml/annotated_icfg_v2.json	use_after_free_alloc_state	0	ff
corpus	boxed_u64__uaf	/home/af/Documenti/a-phd/repro-results/pre-must-final118-20260919T120729Z/main/raw/boxed_u64__uaf/annotated_icfg_v2.json	allocator_mismatch_ub	0	ff
corpus	boxed_u64__uaf	/home/af/Documenti/a-phd/repro-results/pre-must-final118-20260919T120729Z/main/raw/boxed_u64__uaf/annotated_icfg_v2.json	allocator_mismatch_ub_v2	0	ff
corpus	boxed_u64__uaf	/home/af/Documenti/a-phd/repro-results/pre-must-final118-20260919T120729Z/main/raw/boxed_u64__uaf/annotated_icfg_v2.json	double_free_alloc	0	unk
corpus	boxed_u64__uaf	/home/af/Documenti/a-phd/repro-results/pre-must-final118-20260919T120729Z/main/raw/boxed_u64__uaf/annotated_icfg_v2.json	double_free_alloc_state	0	unk
corpus	boxed_u64__uaf	/home/af/Documenti/a-phd/repro-results/pre-must-final118-20260919T120729Z/main/raw/boxed_u64__uaf/annotated_icfg_v2.json	leak_alloc	0	unk
corpus	boxed_u64__uaf	/home/af/Documenti/a-phd/repro-results/pre-must-final118-20260919T120729Z/main/raw/boxed_u64__uaf/annotated_icfg_v2.json	leak_alloc_state	0	unk
corpus	boxed_u64__uaf	/home/af/Documenti/a-phd/repro-results/pre-must-final118-20260919T120729Z/main/raw/boxed_u64__uaf/annotated_icfg_v2.json	mir_rvalue_presence	0	ff
corpus	boxed_u64__uaf	/home/af/Documenti/a-phd/repro-results/pre-must-final118-20260919T120729Z/main/raw/boxed_u64__uaf/annotated_icfg_v2.json	mir_statement_presence	0	tt
corpus	boxed_u64__uaf	/home/af/Documenti/a-phd/repro-results/pre-must-final118-20260919T120729Z/main/raw/boxed_u64__uaf/annotated_icfg_v2.json	mir_structural_allocator_example	0	ff
corpus	boxed_u64__uaf	/home/af/Documenti/a-phd/repro-results/pre-must-final118-20260919T120729Z/main/raw/boxed_u64__uaf/annotated_icfg_v2.json	mir_terminator_presence	0	tt
corpus	boxed_u64__uaf	/home/af/Documenti/a-phd/repro-results/pre-must-final118-20260919T120729Z/main/raw/boxed_u64__uaf/annotated_icfg_v2.json	use_after_free_alloc	0	unk
corpus	boxed_u64__uaf	/home/af/Documenti/a-phd/repro-results/pre-must-final118-20260919T120729Z/main/raw/boxed_u64__uaf/annotated_icfg_v2.json	use_after_free_alloc_state	0	unk
corpus	boxed_u8__df	/home/af/Documenti/a-phd/repro-results/pre-must-final118-20260919T120729Z/main/raw/boxed_u8__df/annotated_icfg_v2.json	allocator_mismatch_ub	0	ff
corpus	boxed_u8__df	/home/af/Documenti/a-phd/repro-results/pre-must-final118-20260919T120729Z/main/raw/boxed_u8__df/annotated_icfg_v2.json	allocator_mismatch_ub_v2	0	ff
corpus	boxed_u8__df	/home/af/Documenti/a-phd/repro-results/pre-must-final118-20260919T120729Z/main/raw/boxed_u8__df/annotated_icfg_v2.json	double_free_alloc	0	unk
corpus	boxed_u8__df	/home/af/Documenti/a-phd/repro-results/pre-must-final118-20260919T120729Z/main/raw/boxed_u8__df/annotated_icfg_v2.json	double_free_alloc_state	0	unk
corpus	boxed_u8__df	/home/af/Documenti/a-phd/repro-results/pre-must-final118-20260919T120729Z/main/raw/boxed_u8__df/annotated_icfg_v2.json	leak_alloc	0	unk
corpus	boxed_u8__df	/home/af/Documenti/a-phd/repro-results/pre-must-final118-20260919T120729Z/main/raw/boxed_u8__df/annotated_icfg_v2.json	leak_alloc_state	0	unk
corpus	boxed_u8__df	/home/af/Documenti/a-phd/repro-results/pre-must-final118-20260919T120729Z/main/raw/boxed_u8__df/annotated_icfg_v2.json	mir_rvalue_presence	0	ff
corpus	boxed_u8__df	/home/af/Documenti/a-phd/repro-results/pre-must-final118-20260919T120729Z/main/raw/boxed_u8__df/annotated_icfg_v2.json	mir_statement_presence	0	tt
corpus	boxed_u8__df	/home/af/Documenti/a-phd/repro-results/pre-must-final118-20260919T120729Z/main/raw/boxed_u8__df/annotated_icfg_v2.json	mir_structural_allocator_example	0	ff
corpus	boxed_u8__df	/home/af/Documenti/a-phd/repro-results/pre-must-final118-20260919T120729Z/main/raw/boxed_u8__df/annotated_icfg_v2.json	mir_terminator_presence	0	tt
corpus	boxed_u8__df	/home/af/Documenti/a-phd/repro-results/pre-must-final118-20260919T120729Z/main/raw/boxed_u8__df/annotated_icfg_v2.json	use_after_free_alloc	0	ff
corpus	boxed_u8__df	/home/af/Documenti/a-phd/repro-results/pre-must-final118-20260919T120729Z/main/raw/boxed_u8__df/annotated_icfg_v2.json	use_after_free_alloc_state	0	ff
corpus	boxed_u8__ml	/home/af/Documenti/a-phd/repro-results/pre-must-final118-20260919T120729Z/main/raw/boxed_u8__ml/annotated_icfg_v2.json	allocator_mismatch_ub	0	ff
corpus	boxed_u8__ml	/home/af/Documenti/a-phd/repro-results/pre-must-final118-20260919T120729Z/main/raw/boxed_u8__ml/annotated_icfg_v2.json	allocator_mismatch_ub_v2	0	ff
corpus	boxed_u8__ml	/home/af/Documenti/a-phd/repro-results/pre-must-final118-20260919T120729Z/main/raw/boxed_u8__ml/annotated_icfg_v2.json	double_free_alloc	0	ff
corpus	boxed_u8__ml	/home/af/Documenti/a-phd/repro-results/pre-must-final118-20260919T120729Z/main/raw/boxed_u8__ml/annotated_icfg_v2.json	double_free_alloc_state	0	ff
corpus	boxed_u8__ml	/home/af/Documenti/a-phd/repro-results/pre-must-final118-20260919T120729Z/main/raw/boxed_u8__ml/annotated_icfg_v2.json	leak_alloc	0	unk
corpus	boxed_u8__ml	/home/af/Documenti/a-phd/repro-results/pre-must-final118-20260919T120729Z/main/raw/boxed_u8__ml/annotated_icfg_v2.json	leak_alloc_state	0	unk
corpus	boxed_u8__ml	/home/af/Documenti/a-phd/repro-results/pre-must-final118-20260919T120729Z/main/raw/boxed_u8__ml/annotated_icfg_v2.json	mir_rvalue_presence	0	ff
corpus	boxed_u8__ml	/home/af/Documenti/a-phd/repro-results/pre-must-final118-20260919T120729Z/main/raw/boxed_u8__ml/annotated_icfg_v2.json	mir_statement_presence	0	tt
corpus	boxed_u8__ml	/home/af/Documenti/a-phd/repro-results/pre-must-final118-20260919T120729Z/main/raw/boxed_u8__ml/annotated_icfg_v2.json	mir_structural_allocator_example	0	ff
corpus	boxed_u8__ml	/home/af/Documenti/a-phd/repro-results/pre-must-final118-20260919T120729Z/main/raw/boxed_u8__ml/annotated_icfg_v2.json	mir_terminator_presence	0	tt
corpus	boxed_u8__ml	/home/af/Documenti/a-phd/repro-results/pre-must-final118-20260919T120729Z/main/raw/boxed_u8__ml/annotated_icfg_v2.json	use_after_free_alloc	0	ff
corpus	boxed_u8__ml	/home/af/Documenti/a-phd/repro-results/pre-must-final118-20260919T120729Z/main/raw/boxed_u8__ml/annotated_icfg_v2.json	use_after_free_alloc_state	0	ff
corpus	boxed_u8__uaf	/home/af/Documenti/a-phd/repro-results/pre-must-final118-20260919T120729Z/main/raw/boxed_u8__uaf/annotated_icfg_v2.json	allocator_mismatch_ub	0	ff
corpus	boxed_u8__uaf	/home/af/Documenti/a-phd/repro-results/pre-must-final118-20260919T120729Z/main/raw/boxed_u8__uaf/annotated_icfg_v2.json	allocator_mismatch_ub_v2	0	ff
corpus	boxed_u8__uaf	/home/af/Documenti/a-phd/repro-results/pre-must-final118-20260919T120729Z/main/raw/boxed_u8__uaf/annotated_icfg_v2.json	double_free_alloc	0	unk
corpus	boxed_u8__uaf	/home/af/Documenti/a-phd/repro-results/pre-must-final118-20260919T120729Z/main/raw/boxed_u8__uaf/annotated_icfg_v2.json	double_free_alloc_state	0	unk
corpus	boxed_u8__uaf	/home/af/Documenti/a-phd/repro-results/pre-must-final118-20260919T120729Z/main/raw/boxed_u8__uaf/annotated_icfg_v2.json	leak_alloc	0	unk
corpus	boxed_u8__uaf	/home/af/Documenti/a-phd/repro-results/pre-must-final118-20260919T120729Z/main/raw/boxed_u8__uaf/annotated_icfg_v2.json	leak_alloc_state	0	unk
corpus	boxed_u8__uaf	/home/af/Documenti/a-phd/repro-results/pre-must-final118-20260919T120729Z/main/raw/boxed_u8__uaf/annotated_icfg_v2.json	mir_rvalue_presence	0	ff
corpus	boxed_u8__uaf	/home/af/Documenti/a-phd/repro-results/pre-must-final118-20260919T120729Z/main/raw/boxed_u8__uaf/annotated_icfg_v2.json	mir_statement_presence	0	tt
corpus	boxed_u8__uaf	/home/af/Documenti/a-phd/repro-results/pre-must-final118-20260919T120729Z/main/raw/boxed_u8__uaf/annotated_icfg_v2.json	mir_structural_allocator_example	0	ff
corpus	boxed_u8__uaf	/home/af/Documenti/a-phd/repro-results/pre-must-final118-20260919T120729Z/main/raw/boxed_u8__uaf/annotated_icfg_v2.json	mir_terminator_presence	0	tt
corpus	boxed_u8__uaf	/home/af/Documenti/a-phd/repro-results/pre-must-final118-20260919T120729Z/main/raw/boxed_u8__uaf/annotated_icfg_v2.json	use_after_free_alloc	0	unk
corpus	boxed_u8__uaf	/home/af/Documenti/a-phd/repro-results/pre-must-final118-20260919T120729Z/main/raw/boxed_u8__uaf/annotated_icfg_v2.json	use_after_free_alloc_state	0	unk
corpus	boxed_usize__df	/home/af/Documenti/a-phd/repro-results/pre-must-final118-20260919T120729Z/main/raw/boxed_usize__df/annotated_icfg_v2.json	allocator_mismatch_ub	0	ff
corpus	boxed_usize__df	/home/af/Documenti/a-phd/repro-results/pre-must-final118-20260919T120729Z/main/raw/boxed_usize__df/annotated_icfg_v2.json	allocator_mismatch_ub_v2	0	ff
corpus	boxed_usize__df	/home/af/Documenti/a-phd/repro-results/pre-must-final118-20260919T120729Z/main/raw/boxed_usize__df/annotated_icfg_v2.json	double_free_alloc	0	unk
corpus	boxed_usize__df	/home/af/Documenti/a-phd/repro-results/pre-must-final118-20260919T120729Z/main/raw/boxed_usize__df/annotated_icfg_v2.json	double_free_alloc_state	0	unk
corpus	boxed_usize__df	/home/af/Documenti/a-phd/repro-results/pre-must-final118-20260919T120729Z/main/raw/boxed_usize__df/annotated_icfg_v2.json	leak_alloc	0	unk
corpus	boxed_usize__df	/home/af/Documenti/a-phd/repro-results/pre-must-final118-20260919T120729Z/main/raw/boxed_usize__df/annotated_icfg_v2.json	leak_alloc_state	0	unk
corpus	boxed_usize__df	/home/af/Documenti/a-phd/repro-results/pre-must-final118-20260919T120729Z/main/raw/boxed_usize__df/annotated_icfg_v2.json	mir_rvalue_presence	0	ff
corpus	boxed_usize__df	/home/af/Documenti/a-phd/repro-results/pre-must-final118-20260919T120729Z/main/raw/boxed_usize__df/annotated_icfg_v2.json	mir_statement_presence	0	tt
corpus	boxed_usize__df	/home/af/Documenti/a-phd/repro-results/pre-must-final118-20260919T120729Z/main/raw/boxed_usize__df/annotated_icfg_v2.json	mir_structural_allocator_example	0	ff
corpus	boxed_usize__df	/home/af/Documenti/a-phd/repro-results/pre-must-final118-20260919T120729Z/main/raw/boxed_usize__df/annotated_icfg_v2.json	mir_terminator_presence	0	tt
corpus	boxed_usize__df	/home/af/Documenti/a-phd/repro-results/pre-must-final118-20260919T120729Z/main/raw/boxed_usize__df/annotated_icfg_v2.json	use_after_free_alloc	0	ff
corpus	boxed_usize__df	/home/af/Documenti/a-phd/repro-results/pre-must-final118-20260919T120729Z/main/raw/boxed_usize__df/annotated_icfg_v2.json	use_after_free_alloc_state	0	ff
corpus	boxed_usize__ml	/home/af/Documenti/a-phd/repro-results/pre-must-final118-20260919T120729Z/main/raw/boxed_usize__ml/annotated_icfg_v2.json	allocator_mismatch_ub	0	ff
corpus	boxed_usize__ml	/home/af/Documenti/a-phd/repro-results/pre-must-final118-20260919T120729Z/main/raw/boxed_usize__ml/annotated_icfg_v2.json	allocator_mismatch_ub_v2	0	ff
corpus	boxed_usize__ml	/home/af/Documenti/a-phd/repro-results/pre-must-final118-20260919T120729Z/main/raw/boxed_usize__ml/annotated_icfg_v2.json	double_free_alloc	0	ff
corpus	boxed_usize__ml	/home/af/Documenti/a-phd/repro-results/pre-must-final118-20260919T120729Z/main/raw/boxed_usize__ml/annotated_icfg_v2.json	double_free_alloc_state	0	ff
corpus	boxed_usize__ml	/home/af/Documenti/a-phd/repro-results/pre-must-final118-20260919T120729Z/main/raw/boxed_usize__ml/annotated_icfg_v2.json	leak_alloc	0	unk
corpus	boxed_usize__ml	/home/af/Documenti/a-phd/repro-results/pre-must-final118-20260919T120729Z/main/raw/boxed_usize__ml/annotated_icfg_v2.json	leak_alloc_state	0	unk
corpus	boxed_usize__ml	/home/af/Documenti/a-phd/repro-results/pre-must-final118-20260919T120729Z/main/raw/boxed_usize__ml/annotated_icfg_v2.json	mir_rvalue_presence	0	ff
corpus	boxed_usize__ml	/home/af/Documenti/a-phd/repro-results/pre-must-final118-20260919T120729Z/main/raw/boxed_usize__ml/annotated_icfg_v2.json	mir_statement_presence	0	tt
corpus	boxed_usize__ml	/home/af/Documenti/a-phd/repro-results/pre-must-final118-20260919T120729Z/main/raw/boxed_usize__ml/annotated_icfg_v2.json	mir_structural_allocator_example	0	ff
corpus	boxed_usize__ml	/home/af/Documenti/a-phd/repro-results/pre-must-final118-20260919T120729Z/main/raw/boxed_usize__ml/annotated_icfg_v2.json	mir_terminator_presence	0	tt
corpus	boxed_usize__ml	/home/af/Documenti/a-phd/repro-results/pre-must-final118-20260919T120729Z/main/raw/boxed_usize__ml/annotated_icfg_v2.json	use_after_free_alloc	0	ff
corpus	boxed_usize__ml	/home/af/Documenti/a-phd/repro-results/pre-must-final118-20260919T120729Z/main/raw/boxed_usize__ml/annotated_icfg_v2.json	use_after_free_alloc_state	0	ff
corpus	boxed_usize__uaf	/home/af/Documenti/a-phd/repro-results/pre-must-final118-20260919T120729Z/main/raw/boxed_usize__uaf/annotated_icfg_v2.json	allocator_mismatch_ub	0	ff
corpus	boxed_usize__uaf	/home/af/Documenti/a-phd/repro-results/pre-must-final118-20260919T120729Z/main/raw/boxed_usize__uaf/annotated_icfg_v2.json	allocator_mismatch_ub_v2	0	ff
corpus	boxed_usize__uaf	/home/af/Documenti/a-phd/repro-results/pre-must-final118-20260919T120729Z/main/raw/boxed_usize__uaf/annotated_icfg_v2.json	double_free_alloc	0	unk
corpus	boxed_usize__uaf	/home/af/Documenti/a-phd/repro-results/pre-must-final118-20260919T120729Z/main/raw/boxed_usize__uaf/annotated_icfg_v2.json	double_free_alloc_state	0	unk
corpus	boxed_usize__uaf	/home/af/Documenti/a-phd/repro-results/pre-must-final118-20260919T120729Z/main/raw/boxed_usize__uaf/annotated_icfg_v2.json	leak_alloc	0	unk
corpus	boxed_usize__uaf	/home/af/Documenti/a-phd/repro-results/pre-must-final118-20260919T120729Z/main/raw/boxed_usize__uaf/annotated_icfg_v2.json	leak_alloc_state	0	unk
corpus	boxed_usize__uaf	/home/af/Documenti/a-phd/repro-results/pre-must-final118-20260919T120729Z/main/raw/boxed_usize__uaf/annotated_icfg_v2.json	mir_rvalue_presence	0	ff
corpus	boxed_usize__uaf	/home/af/Documenti/a-phd/repro-results/pre-must-final118-20260919T120729Z/main/raw/boxed_usize__uaf/annotated_icfg_v2.json	mir_statement_presence	0	tt
corpus	boxed_usize__uaf	/home/af/Documenti/a-phd/repro-results/pre-must-final118-20260919T120729Z/main/raw/boxed_usize__uaf/annotated_icfg_v2.json	mir_structural_allocator_example	0	ff
corpus	boxed_usize__uaf	/home/af/Documenti/a-phd/repro-results/pre-must-final118-20260919T120729Z/main/raw/boxed_usize__uaf/annotated_icfg_v2.json	mir_terminator_presence	0	tt
corpus	boxed_usize__uaf	/home/af/Documenti/a-phd/repro-results/pre-must-final118-20260919T120729Z/main/raw/boxed_usize__uaf/annotated_icfg_v2.json	use_after_free_alloc	0	unk
corpus	boxed_usize__uaf	/home/af/Documenti/a-phd/repro-results/pre-must-final118-20260919T120729Z/main/raw/boxed_usize__uaf/annotated_icfg_v2.json	use_after_free_alloc_state	0	unk
corpus	branch_df_mem_leak_ffi	/home/af/Documenti/a-phd/repro-results/pre-must-final118-20260919T120729Z/main/raw/branch_df_mem_leak_ffi/annotated_icfg_v2.json	allocator_mismatch_ub	0	unk
corpus	branch_df_mem_leak_ffi	/home/af/Documenti/a-phd/repro-results/pre-must-final118-20260919T120729Z/main/raw/branch_df_mem_leak_ffi/annotated_icfg_v2.json	allocator_mismatch_ub_v2	0	unk
corpus	branch_df_mem_leak_ffi	/home/af/Documenti/a-phd/repro-results/pre-must-final118-20260919T120729Z/main/raw/branch_df_mem_leak_ffi/annotated_icfg_v2.json	double_free_alloc	0	unk
corpus	branch_df_mem_leak_ffi	/home/af/Documenti/a-phd/repro-results/pre-must-final118-20260919T120729Z/main/raw/branch_df_mem_leak_ffi/annotated_icfg_v2.json	double_free_alloc_state	0	unk
corpus	branch_df_mem_leak_ffi	/home/af/Documenti/a-phd/repro-results/pre-must-final118-20260919T120729Z/main/raw/branch_df_mem_leak_ffi/annotated_icfg_v2.json	leak_alloc	0	unk
corpus	branch_df_mem_leak_ffi	/home/af/Documenti/a-phd/repro-results/pre-must-final118-20260919T120729Z/main/raw/branch_df_mem_leak_ffi/annotated_icfg_v2.json	leak_alloc_state	0	unk
corpus	branch_df_mem_leak_ffi	/home/af/Documenti/a-phd/repro-results/pre-must-final118-20260919T120729Z/main/raw/branch_df_mem_leak_ffi/annotated_icfg_v2.json	mir_rvalue_presence	0	ff
corpus	branch_df_mem_leak_ffi	/home/af/Documenti/a-phd/repro-results/pre-must-final118-20260919T120729Z/main/raw/branch_df_mem_leak_ffi/annotated_icfg_v2.json	mir_statement_presence	0	tt
corpus	branch_df_mem_leak_ffi	/home/af/Documenti/a-phd/repro-results/pre-must-final118-20260919T120729Z/main/raw/branch_df_mem_leak_ffi/annotated_icfg_v2.json	mir_structural_allocator_example	0	ff
corpus	branch_df_mem_leak_ffi	/home/af/Documenti/a-phd/repro-results/pre-must-final118-20260919T120729Z/main/raw/branch_df_mem_leak_ffi/annotated_icfg_v2.json	mir_terminator_presence	0	tt
corpus	branch_df_mem_leak_ffi	/home/af/Documenti/a-phd/repro-results/pre-must-final118-20260919T120729Z/main/raw/branch_df_mem_leak_ffi/annotated_icfg_v2.json	use_after_free_alloc	0	unk
corpus	branch_df_mem_leak_ffi	/home/af/Documenti/a-phd/repro-results/pre-must-final118-20260919T120729Z/main/raw/branch_df_mem_leak_ffi/annotated_icfg_v2.json	use_after_free_alloc_state	0	unk
corpus	c-callback-rust-closure	/home/af/Documenti/a-phd/repro-results/pre-must-final118-20260919T120729Z/main/raw/c-callback-rust-closure/annotated_icfg_v2.json	allocator_mismatch_ub	0	ff
corpus	c-callback-rust-closure	/home/af/Documenti/a-phd/repro-results/pre-must-final118-20260919T120729Z/main/raw/c-callback-rust-closure/annotated_icfg_v2.json	allocator_mismatch_ub_v2	0	ff
corpus	c-callback-rust-closure	/home/af/Documenti/a-phd/repro-results/pre-must-final118-20260919T120729Z/main/raw/c-callback-rust-closure/annotated_icfg_v2.json	double_free_alloc	0	ff
corpus	c-callback-rust-closure	/home/af/Documenti/a-phd/repro-results/pre-must-final118-20260919T120729Z/main/raw/c-callback-rust-closure/annotated_icfg_v2.json	double_free_alloc_state	0	ff
corpus	c-callback-rust-closure	/home/af/Documenti/a-phd/repro-results/pre-must-final118-20260919T120729Z/main/raw/c-callback-rust-closure/annotated_icfg_v2.json	leak_alloc	0	unk
corpus	c-callback-rust-closure	/home/af/Documenti/a-phd/repro-results/pre-must-final118-20260919T120729Z/main/raw/c-callback-rust-closure/annotated_icfg_v2.json	leak_alloc_state	0	unk
corpus	c-callback-rust-closure	/home/af/Documenti/a-phd/repro-results/pre-must-final118-20260919T120729Z/main/raw/c-callback-rust-closure/annotated_icfg_v2.json	mir_rvalue_presence	0	ff
corpus	c-callback-rust-closure	/home/af/Documenti/a-phd/repro-results/pre-must-final118-20260919T120729Z/main/raw/c-callback-rust-closure/annotated_icfg_v2.json	mir_statement_presence	0	tt
corpus	c-callback-rust-closure	/home/af/Documenti/a-phd/repro-results/pre-must-final118-20260919T120729Z/main/raw/c-callback-rust-closure/annotated_icfg_v2.json	mir_structural_allocator_example	0	ff
corpus	c-callback-rust-closure	/home/af/Documenti/a-phd/repro-results/pre-must-final118-20260919T120729Z/main/raw/c-callback-rust-closure/annotated_icfg_v2.json	mir_terminator_presence	0	tt
corpus	c-callback-rust-closure	/home/af/Documenti/a-phd/repro-results/pre-must-final118-20260919T120729Z/main/raw/c-callback-rust-closure/annotated_icfg_v2.json	use_after_free_alloc	0	ff
corpus	c-callback-rust-closure	/home/af/Documenti/a-phd/repro-results/pre-must-final118-20260919T120729Z/main/raw/c-callback-rust-closure/annotated_icfg_v2.json	use_after_free_alloc_state	0	ff
corpus	c_calloc_leak_ml	/home/af/Documenti/a-phd/repro-results/pre-must-final118-20260919T120729Z/main/raw/c_calloc_leak_ml/annotated_icfg_v2.json	allocator_mismatch_ub	0	ff
corpus	c_calloc_leak_ml	/home/af/Documenti/a-phd/repro-results/pre-must-final118-20260919T120729Z/main/raw/c_calloc_leak_ml/annotated_icfg_v2.json	allocator_mismatch_ub_v2	0	ff
corpus	c_calloc_leak_ml	/home/af/Documenti/a-phd/repro-results/pre-must-final118-20260919T120729Z/main/raw/c_calloc_leak_ml/annotated_icfg_v2.json	double_free_alloc	0	ff
corpus	c_calloc_leak_ml	/home/af/Documenti/a-phd/repro-results/pre-must-final118-20260919T120729Z/main/raw/c_calloc_leak_ml/annotated_icfg_v2.json	double_free_alloc_state	0	ff
corpus	c_calloc_leak_ml	/home/af/Documenti/a-phd/repro-results/pre-must-final118-20260919T120729Z/main/raw/c_calloc_leak_ml/annotated_icfg_v2.json	leak_alloc	0	unk
corpus	c_calloc_leak_ml	/home/af/Documenti/a-phd/repro-results/pre-must-final118-20260919T120729Z/main/raw/c_calloc_leak_ml/annotated_icfg_v2.json	leak_alloc_state	0	unk
corpus	c_calloc_leak_ml	/home/af/Documenti/a-phd/repro-results/pre-must-final118-20260919T120729Z/main/raw/c_calloc_leak_ml/annotated_icfg_v2.json	mir_rvalue_presence	0	ff
corpus	c_calloc_leak_ml	/home/af/Documenti/a-phd/repro-results/pre-must-final118-20260919T120729Z/main/raw/c_calloc_leak_ml/annotated_icfg_v2.json	mir_statement_presence	0	tt
corpus	c_calloc_leak_ml	/home/af/Documenti/a-phd/repro-results/pre-must-final118-20260919T120729Z/main/raw/c_calloc_leak_ml/annotated_icfg_v2.json	mir_structural_allocator_example	0	ff
corpus	c_calloc_leak_ml	/home/af/Documenti/a-phd/repro-results/pre-must-final118-20260919T120729Z/main/raw/c_calloc_leak_ml/annotated_icfg_v2.json	mir_terminator_presence	0	tt
corpus	c_calloc_leak_ml	/home/af/Documenti/a-phd/repro-results/pre-must-final118-20260919T120729Z/main/raw/c_calloc_leak_ml/annotated_icfg_v2.json	use_after_free_alloc	0	ff
corpus	c_calloc_leak_ml	/home/af/Documenti/a-phd/repro-results/pre-must-final118-20260919T120729Z/main/raw/c_calloc_leak_ml/annotated_icfg_v2.json	use_after_free_alloc_state	0	ff
corpus	clean_alloc_read_and_drop	/home/af/Documenti/a-phd/repro-results/pre-must-final118-20260919T120729Z/main/raw/clean_alloc_read_and_drop/annotated_icfg_v2.json	allocator_mismatch_ub	0	ff
corpus	clean_alloc_read_and_drop	/home/af/Documenti/a-phd/repro-results/pre-must-final118-20260919T120729Z/main/raw/clean_alloc_read_and_drop/annotated_icfg_v2.json	allocator_mismatch_ub_v2	0	ff
corpus	clean_alloc_read_and_drop	/home/af/Documenti/a-phd/repro-results/pre-must-final118-20260919T120729Z/main/raw/clean_alloc_read_and_drop/annotated_icfg_v2.json	double_free_alloc	0	unk
corpus	clean_alloc_read_and_drop	/home/af/Documenti/a-phd/repro-results/pre-must-final118-20260919T120729Z/main/raw/clean_alloc_read_and_drop/annotated_icfg_v2.json	double_free_alloc_state	0	unk
corpus	clean_alloc_read_and_drop	/home/af/Documenti/a-phd/repro-results/pre-must-final118-20260919T120729Z/main/raw/clean_alloc_read_and_drop/annotated_icfg_v2.json	leak_alloc	0	unk
corpus	clean_alloc_read_and_drop	/home/af/Documenti/a-phd/repro-results/pre-must-final118-20260919T120729Z/main/raw/clean_alloc_read_and_drop/annotated_icfg_v2.json	leak_alloc_state	0	unk
corpus	clean_alloc_read_and_drop	/home/af/Documenti/a-phd/repro-results/pre-must-final118-20260919T120729Z/main/raw/clean_alloc_read_and_drop/annotated_icfg_v2.json	mir_rvalue_presence	0	ff
corpus	clean_alloc_read_and_drop	/home/af/Documenti/a-phd/repro-results/pre-must-final118-20260919T120729Z/main/raw/clean_alloc_read_and_drop/annotated_icfg_v2.json	mir_statement_presence	0	tt
corpus	clean_alloc_read_and_drop	/home/af/Documenti/a-phd/repro-results/pre-must-final118-20260919T120729Z/main/raw/clean_alloc_read_and_drop/annotated_icfg_v2.json	mir_structural_allocator_example	0	ff
corpus	clean_alloc_read_and_drop	/home/af/Documenti/a-phd/repro-results/pre-must-final118-20260919T120729Z/main/raw/clean_alloc_read_and_drop/annotated_icfg_v2.json	mir_terminator_presence	0	tt
corpus	clean_alloc_read_and_drop	/home/af/Documenti/a-phd/repro-results/pre-must-final118-20260919T120729Z/main/raw/clean_alloc_read_and_drop/annotated_icfg_v2.json	use_after_free_alloc	0	ff
corpus	clean_alloc_read_and_drop	/home/af/Documenti/a-phd/repro-results/pre-must-final118-20260919T120729Z/main/raw/clean_alloc_read_and_drop/annotated_icfg_v2.json	use_after_free_alloc_state	0	ff
corpus	clean_cstring_no_errors_only_rust	/home/af/Documenti/a-phd/repro-results/pre-must-final118-20260919T120729Z/main/raw/clean_cstring_no_errors_only_rust/annotated_icfg_v2.json	allocator_mismatch_ub	0	unk
corpus	clean_cstring_no_errors_only_rust	/home/af/Documenti/a-phd/repro-results/pre-must-final118-20260919T120729Z/main/raw/clean_cstring_no_errors_only_rust/annotated_icfg_v2.json	allocator_mismatch_ub_v2	0	unk
corpus	clean_cstring_no_errors_only_rust	/home/af/Documenti/a-phd/repro-results/pre-must-final118-20260919T120729Z/main/raw/clean_cstring_no_errors_only_rust/annotated_icfg_v2.json	double_free_alloc	0	ff
corpus	clean_cstring_no_errors_only_rust	/home/af/Documenti/a-phd/repro-results/pre-must-final118-20260919T120729Z/main/raw/clean_cstring_no_errors_only_rust/annotated_icfg_v2.json	double_free_alloc_state	0	ff
corpus	clean_cstring_no_errors_only_rust	/home/af/Documenti/a-phd/repro-results/pre-must-final118-20260919T120729Z/main/raw/clean_cstring_no_errors_only_rust/annotated_icfg_v2.json	leak_alloc	0	unk
corpus	clean_cstring_no_errors_only_rust	/home/af/Documenti/a-phd/repro-results/pre-must-final118-20260919T120729Z/main/raw/clean_cstring_no_errors_only_rust/annotated_icfg_v2.json	leak_alloc_state	0	unk
corpus	clean_cstring_no_errors_only_rust	/home/af/Documenti/a-phd/repro-results/pre-must-final118-20260919T120729Z/main/raw/clean_cstring_no_errors_only_rust/annotated_icfg_v2.json	mir_rvalue_presence	0	ff
corpus	clean_cstring_no_errors_only_rust	/home/af/Documenti/a-phd/repro-results/pre-must-final118-20260919T120729Z/main/raw/clean_cstring_no_errors_only_rust/annotated_icfg_v2.json	mir_statement_presence	0	ff
corpus	clean_cstring_no_errors_only_rust	/home/af/Documenti/a-phd/repro-results/pre-must-final118-20260919T120729Z/main/raw/clean_cstring_no_errors_only_rust/annotated_icfg_v2.json	mir_structural_allocator_example	0	ff
corpus	clean_cstring_no_errors_only_rust	/home/af/Documenti/a-phd/repro-results/pre-must-final118-20260919T120729Z/main/raw/clean_cstring_no_errors_only_rust/annotated_icfg_v2.json	mir_terminator_presence	0	tt
corpus	clean_cstring_no_errors_only_rust	/home/af/Documenti/a-phd/repro-results/pre-must-final118-20260919T120729Z/main/raw/clean_cstring_no_errors_only_rust/annotated_icfg_v2.json	use_after_free_alloc	0	ff
corpus	clean_cstring_no_errors_only_rust	/home/af/Documenti/a-phd/repro-results/pre-must-final118-20260919T120729Z/main/raw/clean_cstring_no_errors_only_rust/annotated_icfg_v2.json	use_after_free_alloc_state	0	ff
corpus	clean_into_from_raw	/home/af/Documenti/a-phd/repro-results/pre-must-final118-20260919T120729Z/main/raw/clean_into_from_raw/annotated_icfg_v2.json	allocator_mismatch_ub	0	ff
corpus	clean_into_from_raw	/home/af/Documenti/a-phd/repro-results/pre-must-final118-20260919T120729Z/main/raw/clean_into_from_raw/annotated_icfg_v2.json	allocator_mismatch_ub_v2	0	ff
corpus	clean_into_from_raw	/home/af/Documenti/a-phd/repro-results/pre-must-final118-20260919T120729Z/main/raw/clean_into_from_raw/annotated_icfg_v2.json	double_free_alloc	0	ff
corpus	clean_into_from_raw	/home/af/Documenti/a-phd/repro-results/pre-must-final118-20260919T120729Z/main/raw/clean_into_from_raw/annotated_icfg_v2.json	double_free_alloc_state	0	ff
corpus	clean_into_from_raw	/home/af/Documenti/a-phd/repro-results/pre-must-final118-20260919T120729Z/main/raw/clean_into_from_raw/annotated_icfg_v2.json	leak_alloc	0	unk
corpus	clean_into_from_raw	/home/af/Documenti/a-phd/repro-results/pre-must-final118-20260919T120729Z/main/raw/clean_into_from_raw/annotated_icfg_v2.json	leak_alloc_state	0	unk
corpus	clean_into_from_raw	/home/af/Documenti/a-phd/repro-results/pre-must-final118-20260919T120729Z/main/raw/clean_into_from_raw/annotated_icfg_v2.json	mir_rvalue_presence	0	tt
corpus	clean_into_from_raw	/home/af/Documenti/a-phd/repro-results/pre-must-final118-20260919T120729Z/main/raw/clean_into_from_raw/annotated_icfg_v2.json	mir_statement_presence	0	tt
corpus	clean_into_from_raw	/home/af/Documenti/a-phd/repro-results/pre-must-final118-20260919T120729Z/main/raw/clean_into_from_raw/annotated_icfg_v2.json	mir_structural_allocator_example	0	ff
corpus	clean_into_from_raw	/home/af/Documenti/a-phd/repro-results/pre-must-final118-20260919T120729Z/main/raw/clean_into_from_raw/annotated_icfg_v2.json	mir_terminator_presence	0	tt
corpus	clean_into_from_raw	/home/af/Documenti/a-phd/repro-results/pre-must-final118-20260919T120729Z/main/raw/clean_into_from_raw/annotated_icfg_v2.json	use_after_free_alloc	0	ff
corpus	clean_into_from_raw	/home/af/Documenti/a-phd/repro-results/pre-must-final118-20260919T120729Z/main/raw/clean_into_from_raw/annotated_icfg_v2.json	use_after_free_alloc_state	0	ff
corpus	clean_mul_fn_ffi_no_errors	/home/af/Documenti/a-phd/repro-results/pre-must-final118-20260919T120729Z/main/raw/clean_mul_fn_ffi_no_errors/annotated_icfg_v2.json	allocator_mismatch_ub	0	ff
corpus	clean_mul_fn_ffi_no_errors	/home/af/Documenti/a-phd/repro-results/pre-must-final118-20260919T120729Z/main/raw/clean_mul_fn_ffi_no_errors/annotated_icfg_v2.json	allocator_mismatch_ub_v2	0	ff
corpus	clean_mul_fn_ffi_no_errors	/home/af/Documenti/a-phd/repro-results/pre-must-final118-20260919T120729Z/main/raw/clean_mul_fn_ffi_no_errors/annotated_icfg_v2.json	double_free_alloc	0	ff
corpus	clean_mul_fn_ffi_no_errors	/home/af/Documenti/a-phd/repro-results/pre-must-final118-20260919T120729Z/main/raw/clean_mul_fn_ffi_no_errors/annotated_icfg_v2.json	double_free_alloc_state	0	ff
corpus	clean_mul_fn_ffi_no_errors	/home/af/Documenti/a-phd/repro-results/pre-must-final118-20260919T120729Z/main/raw/clean_mul_fn_ffi_no_errors/annotated_icfg_v2.json	leak_alloc	0	unk
corpus	clean_mul_fn_ffi_no_errors	/home/af/Documenti/a-phd/repro-results/pre-must-final118-20260919T120729Z/main/raw/clean_mul_fn_ffi_no_errors/annotated_icfg_v2.json	leak_alloc_state	0	unk
corpus	clean_mul_fn_ffi_no_errors	/home/af/Documenti/a-phd/repro-results/pre-must-final118-20260919T120729Z/main/raw/clean_mul_fn_ffi_no_errors/annotated_icfg_v2.json	mir_rvalue_presence	0	ff
corpus	clean_mul_fn_ffi_no_errors	/home/af/Documenti/a-phd/repro-results/pre-must-final118-20260919T120729Z/main/raw/clean_mul_fn_ffi_no_errors/annotated_icfg_v2.json	mir_statement_presence	0	tt
corpus	clean_mul_fn_ffi_no_errors	/home/af/Documenti/a-phd/repro-results/pre-must-final118-20260919T120729Z/main/raw/clean_mul_fn_ffi_no_errors/annotated_icfg_v2.json	mir_structural_allocator_example	0	ff
corpus	clean_mul_fn_ffi_no_errors	/home/af/Documenti/a-phd/repro-results/pre-must-final118-20260919T120729Z/main/raw/clean_mul_fn_ffi_no_errors/annotated_icfg_v2.json	mir_terminator_presence	0	tt
corpus	clean_mul_fn_ffi_no_errors	/home/af/Documenti/a-phd/repro-results/pre-must-final118-20260919T120729Z/main/raw/clean_mul_fn_ffi_no_errors/annotated_icfg_v2.json	use_after_free_alloc	0	ff
corpus	clean_mul_fn_ffi_no_errors	/home/af/Documenti/a-phd/repro-results/pre-must-final118-20260919T120729Z/main/raw/clean_mul_fn_ffi_no_errors/annotated_icfg_v2.json	use_after_free_alloc_state	0	ff
corpus	clean_struct_point_mem_leak_into_raw_no_errors	/home/af/Documenti/a-phd/repro-results/pre-must-final118-20260919T120729Z/main/raw/clean_struct_point_mem_leak_into_raw_no_errors/annotated_icfg_v2.json	allocator_mismatch_ub	0	ff
corpus	clean_struct_point_mem_leak_into_raw_no_errors	/home/af/Documenti/a-phd/repro-results/pre-must-final118-20260919T120729Z/main/raw/clean_struct_point_mem_leak_into_raw_no_errors/annotated_icfg_v2.json	allocator_mismatch_ub_v2	0	ff
corpus	clean_struct_point_mem_leak_into_raw_no_errors	/home/af/Documenti/a-phd/repro-results/pre-must-final118-20260919T120729Z/main/raw/clean_struct_point_mem_leak_into_raw_no_errors/annotated_icfg_v2.json	double_free_alloc	0	unk
corpus	clean_struct_point_mem_leak_into_raw_no_errors	/home/af/Documenti/a-phd/repro-results/pre-must-final118-20260919T120729Z/main/raw/clean_struct_point_mem_leak_into_raw_no_errors/annotated_icfg_v2.json	double_free_alloc_state	0	unk
corpus	clean_struct_point_mem_leak_into_raw_no_errors	/home/af/Documenti/a-phd/repro-results/pre-must-final118-20260919T120729Z/main/raw/clean_struct_point_mem_leak_into_raw_no_errors/annotated_icfg_v2.json	leak_alloc	0	unk
corpus	clean_struct_point_mem_leak_into_raw_no_errors	/home/af/Documenti/a-phd/repro-results/pre-must-final118-20260919T120729Z/main/raw/clean_struct_point_mem_leak_into_raw_no_errors/annotated_icfg_v2.json	leak_alloc_state	0	unk
corpus	clean_struct_point_mem_leak_into_raw_no_errors	/home/af/Documenti/a-phd/repro-results/pre-must-final118-20260919T120729Z/main/raw/clean_struct_point_mem_leak_into_raw_no_errors/annotated_icfg_v2.json	mir_rvalue_presence	0	ff
corpus	clean_struct_point_mem_leak_into_raw_no_errors	/home/af/Documenti/a-phd/repro-results/pre-must-final118-20260919T120729Z/main/raw/clean_struct_point_mem_leak_into_raw_no_errors/annotated_icfg_v2.json	mir_statement_presence	0	tt
corpus	clean_struct_point_mem_leak_into_raw_no_errors	/home/af/Documenti/a-phd/repro-results/pre-must-final118-20260919T120729Z/main/raw/clean_struct_point_mem_leak_into_raw_no_errors/annotated_icfg_v2.json	mir_structural_allocator_example	0	ff
corpus	clean_struct_point_mem_leak_into_raw_no_errors	/home/af/Documenti/a-phd/repro-results/pre-must-final118-20260919T120729Z/main/raw/clean_struct_point_mem_leak_into_raw_no_errors/annotated_icfg_v2.json	mir_terminator_presence	0	tt
corpus	clean_struct_point_mem_leak_into_raw_no_errors	/home/af/Documenti/a-phd/repro-results/pre-must-final118-20260919T120729Z/main/raw/clean_struct_point_mem_leak_into_raw_no_errors/annotated_icfg_v2.json	use_after_free_alloc	0	ff
corpus	clean_struct_point_mem_leak_into_raw_no_errors	/home/af/Documenti/a-phd/repro-results/pre-must-final118-20260919T120729Z/main/raw/clean_struct_point_mem_leak_into_raw_no_errors/annotated_icfg_v2.json	use_after_free_alloc_state	0	ff
corpus	closure_df	/home/af/Documenti/a-phd/repro-results/pre-must-final118-20260919T120729Z/main/raw/closure_df/annotated_icfg_v2.json	allocator_mismatch_ub	0	ff
corpus	closure_df	/home/af/Documenti/a-phd/repro-results/pre-must-final118-20260919T120729Z/main/raw/closure_df/annotated_icfg_v2.json	allocator_mismatch_ub_v2	0	ff
corpus	closure_df	/home/af/Documenti/a-phd/repro-results/pre-must-final118-20260919T120729Z/main/raw/closure_df/annotated_icfg_v2.json	double_free_alloc	0	unk
corpus	closure_df	/home/af/Documenti/a-phd/repro-results/pre-must-final118-20260919T120729Z/main/raw/closure_df/annotated_icfg_v2.json	double_free_alloc_state	0	unk
corpus	closure_df	/home/af/Documenti/a-phd/repro-results/pre-must-final118-20260919T120729Z/main/raw/closure_df/annotated_icfg_v2.json	leak_alloc	0	unk
corpus	closure_df	/home/af/Documenti/a-phd/repro-results/pre-must-final118-20260919T120729Z/main/raw/closure_df/annotated_icfg_v2.json	leak_alloc_state	0	unk
corpus	closure_df	/home/af/Documenti/a-phd/repro-results/pre-must-final118-20260919T120729Z/main/raw/closure_df/annotated_icfg_v2.json	mir_rvalue_presence	0	ff
corpus	closure_df	/home/af/Documenti/a-phd/repro-results/pre-must-final118-20260919T120729Z/main/raw/closure_df/annotated_icfg_v2.json	mir_statement_presence	0	tt
corpus	closure_df	/home/af/Documenti/a-phd/repro-results/pre-must-final118-20260919T120729Z/main/raw/closure_df/annotated_icfg_v2.json	mir_structural_allocator_example	0	ff
corpus	closure_df	/home/af/Documenti/a-phd/repro-results/pre-must-final118-20260919T120729Z/main/raw/closure_df/annotated_icfg_v2.json	mir_terminator_presence	0	tt
corpus	closure_df	/home/af/Documenti/a-phd/repro-results/pre-must-final118-20260919T120729Z/main/raw/closure_df/annotated_icfg_v2.json	use_after_free_alloc	0	unk
corpus	closure_df	/home/af/Documenti/a-phd/repro-results/pre-must-final118-20260919T120729Z/main/raw/closure_df/annotated_icfg_v2.json	use_after_free_alloc_state	0	unk
corpus	c_malloc_c_double_free_df	/home/af/Documenti/a-phd/repro-results/pre-must-final118-20260919T120729Z/main/raw/c_malloc_c_double_free_df/annotated_icfg_v2.json	allocator_mismatch_ub	0	ff
corpus	c_malloc_c_double_free_df	/home/af/Documenti/a-phd/repro-results/pre-must-final118-20260919T120729Z/main/raw/c_malloc_c_double_free_df/annotated_icfg_v2.json	allocator_mismatch_ub_v2	0	ff
corpus	c_malloc_c_double_free_df	/home/af/Documenti/a-phd/repro-results/pre-must-final118-20260919T120729Z/main/raw/c_malloc_c_double_free_df/annotated_icfg_v2.json	double_free_alloc	0	unk
corpus	c_malloc_c_double_free_df	/home/af/Documenti/a-phd/repro-results/pre-must-final118-20260919T120729Z/main/raw/c_malloc_c_double_free_df/annotated_icfg_v2.json	double_free_alloc_state	0	unk
corpus	c_malloc_c_double_free_df	/home/af/Documenti/a-phd/repro-results/pre-must-final118-20260919T120729Z/main/raw/c_malloc_c_double_free_df/annotated_icfg_v2.json	leak_alloc	0	unk
corpus	c_malloc_c_double_free_df	/home/af/Documenti/a-phd/repro-results/pre-must-final118-20260919T120729Z/main/raw/c_malloc_c_double_free_df/annotated_icfg_v2.json	leak_alloc_state	0	unk
corpus	c_malloc_c_double_free_df	/home/af/Documenti/a-phd/repro-results/pre-must-final118-20260919T120729Z/main/raw/c_malloc_c_double_free_df/annotated_icfg_v2.json	mir_rvalue_presence	0	ff
corpus	c_malloc_c_double_free_df	/home/af/Documenti/a-phd/repro-results/pre-must-final118-20260919T120729Z/main/raw/c_malloc_c_double_free_df/annotated_icfg_v2.json	mir_statement_presence	0	ff
corpus	c_malloc_c_double_free_df	/home/af/Documenti/a-phd/repro-results/pre-must-final118-20260919T120729Z/main/raw/c_malloc_c_double_free_df/annotated_icfg_v2.json	mir_structural_allocator_example	0	ff
corpus	c_malloc_c_double_free_df	/home/af/Documenti/a-phd/repro-results/pre-must-final118-20260919T120729Z/main/raw/c_malloc_c_double_free_df/annotated_icfg_v2.json	mir_terminator_presence	0	tt
corpus	c_malloc_c_double_free_df	/home/af/Documenti/a-phd/repro-results/pre-must-final118-20260919T120729Z/main/raw/c_malloc_c_double_free_df/annotated_icfg_v2.json	use_after_free_alloc	0	unk
corpus	c_malloc_c_double_free_df	/home/af/Documenti/a-phd/repro-results/pre-must-final118-20260919T120729Z/main/raw/c_malloc_c_double_free_df/annotated_icfg_v2.json	use_after_free_alloc_state	0	unk
corpus	c_malloc_c_free_clean	/home/af/Documenti/a-phd/repro-results/pre-must-final118-20260919T120729Z/main/raw/c_malloc_c_free_clean/annotated_icfg_v2.json	allocator_mismatch_ub	0	ff
corpus	c_malloc_c_free_clean	/home/af/Documenti/a-phd/repro-results/pre-must-final118-20260919T120729Z/main/raw/c_malloc_c_free_clean/annotated_icfg_v2.json	allocator_mismatch_ub_v2	0	ff
corpus	c_malloc_c_free_clean	/home/af/Documenti/a-phd/repro-results/pre-must-final118-20260919T120729Z/main/raw/c_malloc_c_free_clean/annotated_icfg_v2.json	double_free_alloc	0	ff
corpus	c_malloc_c_free_clean	/home/af/Documenti/a-phd/repro-results/pre-must-final118-20260919T120729Z/main/raw/c_malloc_c_free_clean/annotated_icfg_v2.json	double_free_alloc_state	0	ff
corpus	c_malloc_c_free_clean	/home/af/Documenti/a-phd/repro-results/pre-must-final118-20260919T120729Z/main/raw/c_malloc_c_free_clean/annotated_icfg_v2.json	leak_alloc	0	unk
corpus	c_malloc_c_free_clean	/home/af/Documenti/a-phd/repro-results/pre-must-final118-20260919T120729Z/main/raw/c_malloc_c_free_clean/annotated_icfg_v2.json	leak_alloc_state	0	unk
corpus	c_malloc_c_free_clean	/home/af/Documenti/a-phd/repro-results/pre-must-final118-20260919T120729Z/main/raw/c_malloc_c_free_clean/annotated_icfg_v2.json	mir_rvalue_presence	0	ff
corpus	c_malloc_c_free_clean	/home/af/Documenti/a-phd/repro-results/pre-must-final118-20260919T120729Z/main/raw/c_malloc_c_free_clean/annotated_icfg_v2.json	mir_statement_presence	0	tt
corpus	c_malloc_c_free_clean	/home/af/Documenti/a-phd/repro-results/pre-must-final118-20260919T120729Z/main/raw/c_malloc_c_free_clean/annotated_icfg_v2.json	mir_structural_allocator_example	0	ff
corpus	c_malloc_c_free_clean	/home/af/Documenti/a-phd/repro-results/pre-must-final118-20260919T120729Z/main/raw/c_malloc_c_free_clean/annotated_icfg_v2.json	mir_terminator_presence	0	tt
corpus	c_malloc_c_free_clean	/home/af/Documenti/a-phd/repro-results/pre-must-final118-20260919T120729Z/main/raw/c_malloc_c_free_clean/annotated_icfg_v2.json	use_after_free_alloc	0	ff
corpus	c_malloc_c_free_clean	/home/af/Documenti/a-phd/repro-results/pre-must-final118-20260919T120729Z/main/raw/c_malloc_c_free_clean/annotated_icfg_v2.json	use_after_free_alloc_state	0	ff
corpus	c_malloc_c_free_then_rust_use_uaf	/home/af/Documenti/a-phd/repro-results/pre-must-final118-20260919T120729Z/main/raw/c_malloc_c_free_then_rust_use_uaf/annotated_icfg_v2.json	allocator_mismatch_ub	0	ff
corpus	c_malloc_c_free_then_rust_use_uaf	/home/af/Documenti/a-phd/repro-results/pre-must-final118-20260919T120729Z/main/raw/c_malloc_c_free_then_rust_use_uaf/annotated_icfg_v2.json	allocator_mismatch_ub_v2	0	ff
corpus	c_malloc_c_free_then_rust_use_uaf	/home/af/Documenti/a-phd/repro-results/pre-must-final118-20260919T120729Z/main/raw/c_malloc_c_free_then_rust_use_uaf/annotated_icfg_v2.json	double_free_alloc	0	ff
corpus	c_malloc_c_free_then_rust_use_uaf	/home/af/Documenti/a-phd/repro-results/pre-must-final118-20260919T120729Z/main/raw/c_malloc_c_free_then_rust_use_uaf/annotated_icfg_v2.json	double_free_alloc_state	0	ff
corpus	c_malloc_c_free_then_rust_use_uaf	/home/af/Documenti/a-phd/repro-results/pre-must-final118-20260919T120729Z/main/raw/c_malloc_c_free_then_rust_use_uaf/annotated_icfg_v2.json	leak_alloc	0	unk
corpus	c_malloc_c_free_then_rust_use_uaf	/home/af/Documenti/a-phd/repro-results/pre-must-final118-20260919T120729Z/main/raw/c_malloc_c_free_then_rust_use_uaf/annotated_icfg_v2.json	leak_alloc_state	0	unk
corpus	c_malloc_c_free_then_rust_use_uaf	/home/af/Documenti/a-phd/repro-results/pre-must-final118-20260919T120729Z/main/raw/c_malloc_c_free_then_rust_use_uaf/annotated_icfg_v2.json	mir_rvalue_presence	0	ff
corpus	c_malloc_c_free_then_rust_use_uaf	/home/af/Documenti/a-phd/repro-results/pre-must-final118-20260919T120729Z/main/raw/c_malloc_c_free_then_rust_use_uaf/annotated_icfg_v2.json	mir_statement_presence	0	tt
corpus	c_malloc_c_free_then_rust_use_uaf	/home/af/Documenti/a-phd/repro-results/pre-must-final118-20260919T120729Z/main/raw/c_malloc_c_free_then_rust_use_uaf/annotated_icfg_v2.json	mir_structural_allocator_example	0	ff
corpus	c_malloc_c_free_then_rust_use_uaf	/home/af/Documenti/a-phd/repro-results/pre-must-final118-20260919T120729Z/main/raw/c_malloc_c_free_then_rust_use_uaf/annotated_icfg_v2.json	mir_terminator_presence	0	tt
corpus	c_malloc_c_free_then_rust_use_uaf	/home/af/Documenti/a-phd/repro-results/pre-must-final118-20260919T120729Z/main/raw/c_malloc_c_free_then_rust_use_uaf/annotated_icfg_v2.json	use_after_free_alloc	0	unk
corpus	c_malloc_c_free_then_rust_use_uaf	/home/af/Documenti/a-phd/repro-results/pre-must-final118-20260919T120729Z/main/raw/c_malloc_c_free_then_rust_use_uaf/annotated_icfg_v2.json	use_after_free_alloc_state	0	unk
corpus	c_malloc_cstr_borrow_c_free_clean	/home/af/Documenti/a-phd/repro-results/pre-must-final118-20260919T120729Z/main/raw/c_malloc_cstr_borrow_c_free_clean/annotated_icfg_v2.json	allocator_mismatch_ub	0	ff
corpus	c_malloc_cstr_borrow_c_free_clean	/home/af/Documenti/a-phd/repro-results/pre-must-final118-20260919T120729Z/main/raw/c_malloc_cstr_borrow_c_free_clean/annotated_icfg_v2.json	allocator_mismatch_ub_v2	0	ff
corpus	c_malloc_cstr_borrow_c_free_clean	/home/af/Documenti/a-phd/repro-results/pre-must-final118-20260919T120729Z/main/raw/c_malloc_cstr_borrow_c_free_clean/annotated_icfg_v2.json	double_free_alloc	0	ff
corpus	c_malloc_cstr_borrow_c_free_clean	/home/af/Documenti/a-phd/repro-results/pre-must-final118-20260919T120729Z/main/raw/c_malloc_cstr_borrow_c_free_clean/annotated_icfg_v2.json	double_free_alloc_state	0	ff
corpus	c_malloc_cstr_borrow_c_free_clean	/home/af/Documenti/a-phd/repro-results/pre-must-final118-20260919T120729Z/main/raw/c_malloc_cstr_borrow_c_free_clean/annotated_icfg_v2.json	leak_alloc	0	unk
corpus	c_malloc_cstr_borrow_c_free_clean	/home/af/Documenti/a-phd/repro-results/pre-must-final118-20260919T120729Z/main/raw/c_malloc_cstr_borrow_c_free_clean/annotated_icfg_v2.json	leak_alloc_state	0	unk
corpus	c_malloc_cstr_borrow_c_free_clean	/home/af/Documenti/a-phd/repro-results/pre-must-final118-20260919T120729Z/main/raw/c_malloc_cstr_borrow_c_free_clean/annotated_icfg_v2.json	mir_rvalue_presence	0	ff
corpus	c_malloc_cstr_borrow_c_free_clean	/home/af/Documenti/a-phd/repro-results/pre-must-final118-20260919T120729Z/main/raw/c_malloc_cstr_borrow_c_free_clean/annotated_icfg_v2.json	mir_statement_presence	0	tt
corpus	c_malloc_cstr_borrow_c_free_clean	/home/af/Documenti/a-phd/repro-results/pre-must-final118-20260919T120729Z/main/raw/c_malloc_cstr_borrow_c_free_clean/annotated_icfg_v2.json	mir_structural_allocator_example	0	ff
corpus	c_malloc_cstr_borrow_c_free_clean	/home/af/Documenti/a-phd/repro-results/pre-must-final118-20260919T120729Z/main/raw/c_malloc_cstr_borrow_c_free_clean/annotated_icfg_v2.json	mir_terminator_presence	0	tt
corpus	c_malloc_cstr_borrow_c_free_clean	/home/af/Documenti/a-phd/repro-results/pre-must-final118-20260919T120729Z/main/raw/c_malloc_cstr_borrow_c_free_clean/annotated_icfg_v2.json	use_after_free_alloc	0	ff
corpus	c_malloc_cstr_borrow_c_free_clean	/home/af/Documenti/a-phd/repro-results/pre-must-final118-20260919T120729Z/main/raw/c_malloc_cstr_borrow_c_free_clean/annotated_icfg_v2.json	use_after_free_alloc_state	0	ff
corpus	c_malloc_leak_ml	/home/af/Documenti/a-phd/repro-results/pre-must-final118-20260919T120729Z/main/raw/c_malloc_leak_ml/annotated_icfg_v2.json	allocator_mismatch_ub	0	ff
corpus	c_malloc_leak_ml	/home/af/Documenti/a-phd/repro-results/pre-must-final118-20260919T120729Z/main/raw/c_malloc_leak_ml/annotated_icfg_v2.json	allocator_mismatch_ub_v2	0	ff
corpus	c_malloc_leak_ml	/home/af/Documenti/a-phd/repro-results/pre-must-final118-20260919T120729Z/main/raw/c_malloc_leak_ml/annotated_icfg_v2.json	double_free_alloc	0	ff
corpus	c_malloc_leak_ml	/home/af/Documenti/a-phd/repro-results/pre-must-final118-20260919T120729Z/main/raw/c_malloc_leak_ml/annotated_icfg_v2.json	double_free_alloc_state	0	ff
corpus	c_malloc_leak_ml	/home/af/Documenti/a-phd/repro-results/pre-must-final118-20260919T120729Z/main/raw/c_malloc_leak_ml/annotated_icfg_v2.json	leak_alloc	0	unk
corpus	c_malloc_leak_ml	/home/af/Documenti/a-phd/repro-results/pre-must-final118-20260919T120729Z/main/raw/c_malloc_leak_ml/annotated_icfg_v2.json	leak_alloc_state	0	unk
corpus	c_malloc_leak_ml	/home/af/Documenti/a-phd/repro-results/pre-must-final118-20260919T120729Z/main/raw/c_malloc_leak_ml/annotated_icfg_v2.json	mir_rvalue_presence	0	ff
corpus	c_malloc_leak_ml	/home/af/Documenti/a-phd/repro-results/pre-must-final118-20260919T120729Z/main/raw/c_malloc_leak_ml/annotated_icfg_v2.json	mir_statement_presence	0	tt
corpus	c_malloc_leak_ml	/home/af/Documenti/a-phd/repro-results/pre-must-final118-20260919T120729Z/main/raw/c_malloc_leak_ml/annotated_icfg_v2.json	mir_structural_allocator_example	0	ff
corpus	c_malloc_leak_ml	/home/af/Documenti/a-phd/repro-results/pre-must-final118-20260919T120729Z/main/raw/c_malloc_leak_ml/annotated_icfg_v2.json	mir_terminator_presence	0	tt
corpus	c_malloc_leak_ml	/home/af/Documenti/a-phd/repro-results/pre-must-final118-20260919T120729Z/main/raw/c_malloc_leak_ml/annotated_icfg_v2.json	use_after_free_alloc	0	ff
corpus	c_malloc_leak_ml	/home/af/Documenti/a-phd/repro-results/pre-must-final118-20260919T120729Z/main/raw/c_malloc_leak_ml/annotated_icfg_v2.json	use_after_free_alloc_state	0	ff
corpus	c_malloc_rust_box_from_raw_ub	/home/af/Documenti/a-phd/repro-results/pre-must-final118-20260919T120729Z/main/raw/c_malloc_rust_box_from_raw_ub/annotated_icfg_v2.json	allocator_mismatch_ub	0	unk
corpus	c_malloc_rust_box_from_raw_ub	/home/af/Documenti/a-phd/repro-results/pre-must-final118-20260919T120729Z/main/raw/c_malloc_rust_box_from_raw_ub/annotated_icfg_v2.json	allocator_mismatch_ub_v2	0	unk
corpus	c_malloc_rust_box_from_raw_ub	/home/af/Documenti/a-phd/repro-results/pre-must-final118-20260919T120729Z/main/raw/c_malloc_rust_box_from_raw_ub/annotated_icfg_v2.json	double_free_alloc	0	ff
corpus	c_malloc_rust_box_from_raw_ub	/home/af/Documenti/a-phd/repro-results/pre-must-final118-20260919T120729Z/main/raw/c_malloc_rust_box_from_raw_ub/annotated_icfg_v2.json	double_free_alloc_state	0	ff
corpus	c_malloc_rust_box_from_raw_ub	/home/af/Documenti/a-phd/repro-results/pre-must-final118-20260919T120729Z/main/raw/c_malloc_rust_box_from_raw_ub/annotated_icfg_v2.json	leak_alloc	0	unk
corpus	c_malloc_rust_box_from_raw_ub	/home/af/Documenti/a-phd/repro-results/pre-must-final118-20260919T120729Z/main/raw/c_malloc_rust_box_from_raw_ub/annotated_icfg_v2.json	leak_alloc_state	0	unk
corpus	c_malloc_rust_box_from_raw_ub	/home/af/Documenti/a-phd/repro-results/pre-must-final118-20260919T120729Z/main/raw/c_malloc_rust_box_from_raw_ub/annotated_icfg_v2.json	mir_rvalue_presence	0	ff
corpus	c_malloc_rust_box_from_raw_ub	/home/af/Documenti/a-phd/repro-results/pre-must-final118-20260919T120729Z/main/raw/c_malloc_rust_box_from_raw_ub/annotated_icfg_v2.json	mir_statement_presence	0	tt
corpus	c_malloc_rust_box_from_raw_ub	/home/af/Documenti/a-phd/repro-results/pre-must-final118-20260919T120729Z/main/raw/c_malloc_rust_box_from_raw_ub/annotated_icfg_v2.json	mir_structural_allocator_example	0	unk
corpus	c_malloc_rust_box_from_raw_ub	/home/af/Documenti/a-phd/repro-results/pre-must-final118-20260919T120729Z/main/raw/c_malloc_rust_box_from_raw_ub/annotated_icfg_v2.json	mir_terminator_presence	0	tt
corpus	c_malloc_rust_box_from_raw_ub	/home/af/Documenti/a-phd/repro-results/pre-must-final118-20260919T120729Z/main/raw/c_malloc_rust_box_from_raw_ub/annotated_icfg_v2.json	use_after_free_alloc	0	ff
corpus	c_malloc_rust_box_from_raw_ub	/home/af/Documenti/a-phd/repro-results/pre-must-final118-20260919T120729Z/main/raw/c_malloc_rust_box_from_raw_ub/annotated_icfg_v2.json	use_after_free_alloc_state	0	ff
corpus	c_malloc_rust_cstring_from_raw_ub	/home/af/Documenti/a-phd/repro-results/pre-must-final118-20260919T120729Z/main/raw/c_malloc_rust_cstring_from_raw_ub/annotated_icfg_v2.json	allocator_mismatch_ub	0	unk
corpus	c_malloc_rust_cstring_from_raw_ub	/home/af/Documenti/a-phd/repro-results/pre-must-final118-20260919T120729Z/main/raw/c_malloc_rust_cstring_from_raw_ub/annotated_icfg_v2.json	allocator_mismatch_ub_v2	0	unk
corpus	c_malloc_rust_cstring_from_raw_ub	/home/af/Documenti/a-phd/repro-results/pre-must-final118-20260919T120729Z/main/raw/c_malloc_rust_cstring_from_raw_ub/annotated_icfg_v2.json	double_free_alloc	0	ff
corpus	c_malloc_rust_cstring_from_raw_ub	/home/af/Documenti/a-phd/repro-results/pre-must-final118-20260919T120729Z/main/raw/c_malloc_rust_cstring_from_raw_ub/annotated_icfg_v2.json	double_free_alloc_state	0	ff
corpus	c_malloc_rust_cstring_from_raw_ub	/home/af/Documenti/a-phd/repro-results/pre-must-final118-20260919T120729Z/main/raw/c_malloc_rust_cstring_from_raw_ub/annotated_icfg_v2.json	leak_alloc	0	unk
corpus	c_malloc_rust_cstring_from_raw_ub	/home/af/Documenti/a-phd/repro-results/pre-must-final118-20260919T120729Z/main/raw/c_malloc_rust_cstring_from_raw_ub/annotated_icfg_v2.json	leak_alloc_state	0	unk
corpus	c_malloc_rust_cstring_from_raw_ub	/home/af/Documenti/a-phd/repro-results/pre-must-final118-20260919T120729Z/main/raw/c_malloc_rust_cstring_from_raw_ub/annotated_icfg_v2.json	mir_rvalue_presence	0	ff
corpus	c_malloc_rust_cstring_from_raw_ub	/home/af/Documenti/a-phd/repro-results/pre-must-final118-20260919T120729Z/main/raw/c_malloc_rust_cstring_from_raw_ub/annotated_icfg_v2.json	mir_statement_presence	0	tt
corpus	c_malloc_rust_cstring_from_raw_ub	/home/af/Documenti/a-phd/repro-results/pre-must-final118-20260919T120729Z/main/raw/c_malloc_rust_cstring_from_raw_ub/annotated_icfg_v2.json	mir_structural_allocator_example	0	unk
corpus	c_malloc_rust_cstring_from_raw_ub	/home/af/Documenti/a-phd/repro-results/pre-must-final118-20260919T120729Z/main/raw/c_malloc_rust_cstring_from_raw_ub/annotated_icfg_v2.json	mir_terminator_presence	0	tt
corpus	c_malloc_rust_cstring_from_raw_ub	/home/af/Documenti/a-phd/repro-results/pre-must-final118-20260919T120729Z/main/raw/c_malloc_rust_cstring_from_raw_ub/annotated_icfg_v2.json	use_after_free_alloc	0	ff
corpus	c_malloc_rust_cstring_from_raw_ub	/home/af/Documenti/a-phd/repro-results/pre-must-final118-20260919T120729Z/main/raw/c_malloc_rust_cstring_from_raw_ub/annotated_icfg_v2.json	use_after_free_alloc_state	0	ff
corpus	c_malloc_rust_double_free_df	/home/af/Documenti/a-phd/repro-results/pre-must-final118-20260919T120729Z/main/raw/c_malloc_rust_double_free_df/annotated_icfg_v2.json	allocator_mismatch_ub	0	ff
corpus	c_malloc_rust_double_free_df	/home/af/Documenti/a-phd/repro-results/pre-must-final118-20260919T120729Z/main/raw/c_malloc_rust_double_free_df/annotated_icfg_v2.json	allocator_mismatch_ub_v2	0	ff
corpus	c_malloc_rust_double_free_df	/home/af/Documenti/a-phd/repro-results/pre-must-final118-20260919T120729Z/main/raw/c_malloc_rust_double_free_df/annotated_icfg_v2.json	double_free_alloc	0	unk
corpus	c_malloc_rust_double_free_df	/home/af/Documenti/a-phd/repro-results/pre-must-final118-20260919T120729Z/main/raw/c_malloc_rust_double_free_df/annotated_icfg_v2.json	double_free_alloc_state	0	unk
corpus	c_malloc_rust_double_free_df	/home/af/Documenti/a-phd/repro-results/pre-must-final118-20260919T120729Z/main/raw/c_malloc_rust_double_free_df/annotated_icfg_v2.json	leak_alloc	0	unk
corpus	c_malloc_rust_double_free_df	/home/af/Documenti/a-phd/repro-results/pre-must-final118-20260919T120729Z/main/raw/c_malloc_rust_double_free_df/annotated_icfg_v2.json	leak_alloc_state	0	unk
corpus	c_malloc_rust_double_free_df	/home/af/Documenti/a-phd/repro-results/pre-must-final118-20260919T120729Z/main/raw/c_malloc_rust_double_free_df/annotated_icfg_v2.json	mir_rvalue_presence	0	ff
corpus	c_malloc_rust_double_free_df	/home/af/Documenti/a-phd/repro-results/pre-must-final118-20260919T120729Z/main/raw/c_malloc_rust_double_free_df/annotated_icfg_v2.json	mir_statement_presence	0	ff
corpus	c_malloc_rust_double_free_df	/home/af/Documenti/a-phd/repro-results/pre-must-final118-20260919T120729Z/main/raw/c_malloc_rust_double_free_df/annotated_icfg_v2.json	mir_structural_allocator_example	0	ff
corpus	c_malloc_rust_double_free_df	/home/af/Documenti/a-phd/repro-results/pre-must-final118-20260919T120729Z/main/raw/c_malloc_rust_double_free_df/annotated_icfg_v2.json	mir_terminator_presence	0	tt
corpus	c_malloc_rust_double_free_df	/home/af/Documenti/a-phd/repro-results/pre-must-final118-20260919T120729Z/main/raw/c_malloc_rust_double_free_df/annotated_icfg_v2.json	use_after_free_alloc	0	ff
corpus	c_malloc_rust_double_free_df	/home/af/Documenti/a-phd/repro-results/pre-must-final118-20260919T120729Z/main/raw/c_malloc_rust_double_free_df/annotated_icfg_v2.json	use_after_free_alloc_state	0	ff
corpus	c_malloc_rust_free_clean	/home/af/Documenti/a-phd/repro-results/pre-must-final118-20260919T120729Z/main/raw/c_malloc_rust_free_clean/annotated_icfg_v2.json	allocator_mismatch_ub	0	ff
corpus	c_malloc_rust_free_clean	/home/af/Documenti/a-phd/repro-results/pre-must-final118-20260919T120729Z/main/raw/c_malloc_rust_free_clean/annotated_icfg_v2.json	allocator_mismatch_ub_v2	0	ff
corpus	c_malloc_rust_free_clean	/home/af/Documenti/a-phd/repro-results/pre-must-final118-20260919T120729Z/main/raw/c_malloc_rust_free_clean/annotated_icfg_v2.json	double_free_alloc	0	ff
corpus	c_malloc_rust_free_clean	/home/af/Documenti/a-phd/repro-results/pre-must-final118-20260919T120729Z/main/raw/c_malloc_rust_free_clean/annotated_icfg_v2.json	double_free_alloc_state	0	ff
corpus	c_malloc_rust_free_clean	/home/af/Documenti/a-phd/repro-results/pre-must-final118-20260919T120729Z/main/raw/c_malloc_rust_free_clean/annotated_icfg_v2.json	leak_alloc	0	unk
corpus	c_malloc_rust_free_clean	/home/af/Documenti/a-phd/repro-results/pre-must-final118-20260919T120729Z/main/raw/c_malloc_rust_free_clean/annotated_icfg_v2.json	leak_alloc_state	0	unk
corpus	c_malloc_rust_free_clean	/home/af/Documenti/a-phd/repro-results/pre-must-final118-20260919T120729Z/main/raw/c_malloc_rust_free_clean/annotated_icfg_v2.json	mir_rvalue_presence	0	ff
corpus	c_malloc_rust_free_clean	/home/af/Documenti/a-phd/repro-results/pre-must-final118-20260919T120729Z/main/raw/c_malloc_rust_free_clean/annotated_icfg_v2.json	mir_statement_presence	0	tt
corpus	c_malloc_rust_free_clean	/home/af/Documenti/a-phd/repro-results/pre-must-final118-20260919T120729Z/main/raw/c_malloc_rust_free_clean/annotated_icfg_v2.json	mir_structural_allocator_example	0	ff
corpus	c_malloc_rust_free_clean	/home/af/Documenti/a-phd/repro-results/pre-must-final118-20260919T120729Z/main/raw/c_malloc_rust_free_clean/annotated_icfg_v2.json	mir_terminator_presence	0	tt
corpus	c_malloc_rust_free_clean	/home/af/Documenti/a-phd/repro-results/pre-must-final118-20260919T120729Z/main/raw/c_malloc_rust_free_clean/annotated_icfg_v2.json	use_after_free_alloc	0	ff
corpus	c_malloc_rust_free_clean	/home/af/Documenti/a-phd/repro-results/pre-must-final118-20260919T120729Z/main/raw/c_malloc_rust_free_clean/annotated_icfg_v2.json	use_after_free_alloc_state	0	ff
corpus	c_malloc_rust_free_then_use_uaf	/home/af/Documenti/a-phd/repro-results/pre-must-final118-20260919T120729Z/main/raw/c_malloc_rust_free_then_use_uaf/annotated_icfg_v2.json	allocator_mismatch_ub	0	ff
corpus	c_malloc_rust_free_then_use_uaf	/home/af/Documenti/a-phd/repro-results/pre-must-final118-20260919T120729Z/main/raw/c_malloc_rust_free_then_use_uaf/annotated_icfg_v2.json	allocator_mismatch_ub_v2	0	ff
corpus	c_malloc_rust_free_then_use_uaf	/home/af/Documenti/a-phd/repro-results/pre-must-final118-20260919T120729Z/main/raw/c_malloc_rust_free_then_use_uaf/annotated_icfg_v2.json	double_free_alloc	0	ff
corpus	c_malloc_rust_free_then_use_uaf	/home/af/Documenti/a-phd/repro-results/pre-must-final118-20260919T120729Z/main/raw/c_malloc_rust_free_then_use_uaf/annotated_icfg_v2.json	double_free_alloc_state	0	ff
corpus	c_malloc_rust_free_then_use_uaf	/home/af/Documenti/a-phd/repro-results/pre-must-final118-20260919T120729Z/main/raw/c_malloc_rust_free_then_use_uaf/annotated_icfg_v2.json	leak_alloc	0	unk
corpus	c_malloc_rust_free_then_use_uaf	/home/af/Documenti/a-phd/repro-results/pre-must-final118-20260919T120729Z/main/raw/c_malloc_rust_free_then_use_uaf/annotated_icfg_v2.json	leak_alloc_state	0	unk
corpus	c_malloc_rust_free_then_use_uaf	/home/af/Documenti/a-phd/repro-results/pre-must-final118-20260919T120729Z/main/raw/c_malloc_rust_free_then_use_uaf/annotated_icfg_v2.json	mir_rvalue_presence	0	ff
corpus	c_malloc_rust_free_then_use_uaf	/home/af/Documenti/a-phd/repro-results/pre-must-final118-20260919T120729Z/main/raw/c_malloc_rust_free_then_use_uaf/annotated_icfg_v2.json	mir_statement_presence	0	tt
corpus	c_malloc_rust_free_then_use_uaf	/home/af/Documenti/a-phd/repro-results/pre-must-final118-20260919T120729Z/main/raw/c_malloc_rust_free_then_use_uaf/annotated_icfg_v2.json	mir_structural_allocator_example	0	ff
corpus	c_malloc_rust_free_then_use_uaf	/home/af/Documenti/a-phd/repro-results/pre-must-final118-20260919T120729Z/main/raw/c_malloc_rust_free_then_use_uaf/annotated_icfg_v2.json	mir_terminator_presence	0	tt
corpus	c_malloc_rust_free_then_use_uaf	/home/af/Documenti/a-phd/repro-results/pre-must-final118-20260919T120729Z/main/raw/c_malloc_rust_free_then_use_uaf/annotated_icfg_v2.json	use_after_free_alloc	0	unk
corpus	c_malloc_rust_free_then_use_uaf	/home/af/Documenti/a-phd/repro-results/pre-must-final118-20260919T120729Z/main/raw/c_malloc_rust_free_then_use_uaf/annotated_icfg_v2.json	use_after_free_alloc_state	0	unk
corpus	c_malloc_rust_std_dealloc_ub	/home/af/Documenti/a-phd/repro-results/pre-must-final118-20260919T120729Z/main/raw/c_malloc_rust_std_dealloc_ub/annotated_icfg_v2.json	allocator_mismatch_ub	0	unk
corpus	c_malloc_rust_std_dealloc_ub	/home/af/Documenti/a-phd/repro-results/pre-must-final118-20260919T120729Z/main/raw/c_malloc_rust_std_dealloc_ub/annotated_icfg_v2.json	allocator_mismatch_ub_v2	0	unk
corpus	c_malloc_rust_std_dealloc_ub	/home/af/Documenti/a-phd/repro-results/pre-must-final118-20260919T120729Z/main/raw/c_malloc_rust_std_dealloc_ub/annotated_icfg_v2.json	double_free_alloc	0	ff
corpus	c_malloc_rust_std_dealloc_ub	/home/af/Documenti/a-phd/repro-results/pre-must-final118-20260919T120729Z/main/raw/c_malloc_rust_std_dealloc_ub/annotated_icfg_v2.json	double_free_alloc_state	0	ff
corpus	c_malloc_rust_std_dealloc_ub	/home/af/Documenti/a-phd/repro-results/pre-must-final118-20260919T120729Z/main/raw/c_malloc_rust_std_dealloc_ub/annotated_icfg_v2.json	leak_alloc	0	unk
corpus	c_malloc_rust_std_dealloc_ub	/home/af/Documenti/a-phd/repro-results/pre-must-final118-20260919T120729Z/main/raw/c_malloc_rust_std_dealloc_ub/annotated_icfg_v2.json	leak_alloc_state	0	unk
corpus	c_malloc_rust_std_dealloc_ub	/home/af/Documenti/a-phd/repro-results/pre-must-final118-20260919T120729Z/main/raw/c_malloc_rust_std_dealloc_ub/annotated_icfg_v2.json	mir_rvalue_presence	0	ff
corpus	c_malloc_rust_std_dealloc_ub	/home/af/Documenti/a-phd/repro-results/pre-must-final118-20260919T120729Z/main/raw/c_malloc_rust_std_dealloc_ub/annotated_icfg_v2.json	mir_statement_presence	0	tt
corpus	c_malloc_rust_std_dealloc_ub	/home/af/Documenti/a-phd/repro-results/pre-must-final118-20260919T120729Z/main/raw/c_malloc_rust_std_dealloc_ub/annotated_icfg_v2.json	mir_structural_allocator_example	0	ff
corpus	c_malloc_rust_std_dealloc_ub	/home/af/Documenti/a-phd/repro-results/pre-must-final118-20260919T120729Z/main/raw/c_malloc_rust_std_dealloc_ub/annotated_icfg_v2.json	mir_terminator_presence	0	tt
corpus	c_malloc_rust_std_dealloc_ub	/home/af/Documenti/a-phd/repro-results/pre-must-final118-20260919T120729Z/main/raw/c_malloc_rust_std_dealloc_ub/annotated_icfg_v2.json	use_after_free_alloc	0	ff
corpus	c_malloc_rust_std_dealloc_ub	/home/af/Documenti/a-phd/repro-results/pre-must-final118-20260919T120729Z/main/raw/c_malloc_rust_std_dealloc_ub/annotated_icfg_v2.json	use_after_free_alloc_state	0	ff
corpus	c_malloc_rust_string_from_raw_parts_ub	/home/af/Documenti/a-phd/repro-results/pre-must-final118-20260919T120729Z/main/raw/c_malloc_rust_string_from_raw_parts_ub/annotated_icfg_v2.json	allocator_mismatch_ub	0	unk
corpus	c_malloc_rust_string_from_raw_parts_ub	/home/af/Documenti/a-phd/repro-results/pre-must-final118-20260919T120729Z/main/raw/c_malloc_rust_string_from_raw_parts_ub/annotated_icfg_v2.json	allocator_mismatch_ub_v2	0	unk
corpus	c_malloc_rust_string_from_raw_parts_ub	/home/af/Documenti/a-phd/repro-results/pre-must-final118-20260919T120729Z/main/raw/c_malloc_rust_string_from_raw_parts_ub/annotated_icfg_v2.json	double_free_alloc	0	ff
corpus	c_malloc_rust_string_from_raw_parts_ub	/home/af/Documenti/a-phd/repro-results/pre-must-final118-20260919T120729Z/main/raw/c_malloc_rust_string_from_raw_parts_ub/annotated_icfg_v2.json	double_free_alloc_state	0	ff
corpus	c_malloc_rust_string_from_raw_parts_ub	/home/af/Documenti/a-phd/repro-results/pre-must-final118-20260919T120729Z/main/raw/c_malloc_rust_string_from_raw_parts_ub/annotated_icfg_v2.json	leak_alloc	0	unk
corpus	c_malloc_rust_string_from_raw_parts_ub	/home/af/Documenti/a-phd/repro-results/pre-must-final118-20260919T120729Z/main/raw/c_malloc_rust_string_from_raw_parts_ub/annotated_icfg_v2.json	leak_alloc_state	0	unk
corpus	c_malloc_rust_string_from_raw_parts_ub	/home/af/Documenti/a-phd/repro-results/pre-must-final118-20260919T120729Z/main/raw/c_malloc_rust_string_from_raw_parts_ub/annotated_icfg_v2.json	mir_rvalue_presence	0	ff
corpus	c_malloc_rust_string_from_raw_parts_ub	/home/af/Documenti/a-phd/repro-results/pre-must-final118-20260919T120729Z/main/raw/c_malloc_rust_string_from_raw_parts_ub/annotated_icfg_v2.json	mir_statement_presence	0	tt
corpus	c_malloc_rust_string_from_raw_parts_ub	/home/af/Documenti/a-phd/repro-results/pre-must-final118-20260919T120729Z/main/raw/c_malloc_rust_string_from_raw_parts_ub/annotated_icfg_v2.json	mir_structural_allocator_example	0	unk
corpus	c_malloc_rust_string_from_raw_parts_ub	/home/af/Documenti/a-phd/repro-results/pre-must-final118-20260919T120729Z/main/raw/c_malloc_rust_string_from_raw_parts_ub/annotated_icfg_v2.json	mir_terminator_presence	0	tt
corpus	c_malloc_rust_string_from_raw_parts_ub	/home/af/Documenti/a-phd/repro-results/pre-must-final118-20260919T120729Z/main/raw/c_malloc_rust_string_from_raw_parts_ub/annotated_icfg_v2.json	use_after_free_alloc	0	ff
corpus	c_malloc_rust_string_from_raw_parts_ub	/home/af/Documenti/a-phd/repro-results/pre-must-final118-20260919T120729Z/main/raw/c_malloc_rust_string_from_raw_parts_ub/annotated_icfg_v2.json	use_after_free_alloc_state	0	ff
corpus	c_malloc_rust_vec_from_raw_parts_ub	/home/af/Documenti/a-phd/repro-results/pre-must-final118-20260919T120729Z/main/raw/c_malloc_rust_vec_from_raw_parts_ub/annotated_icfg_v2.json	allocator_mismatch_ub	0	unk
corpus	c_malloc_rust_vec_from_raw_parts_ub	/home/af/Documenti/a-phd/repro-results/pre-must-final118-20260919T120729Z/main/raw/c_malloc_rust_vec_from_raw_parts_ub/annotated_icfg_v2.json	allocator_mismatch_ub_v2	0	unk
corpus	c_malloc_rust_vec_from_raw_parts_ub	/home/af/Documenti/a-phd/repro-results/pre-must-final118-20260919T120729Z/main/raw/c_malloc_rust_vec_from_raw_parts_ub/annotated_icfg_v2.json	double_free_alloc	0	ff
corpus	c_malloc_rust_vec_from_raw_parts_ub	/home/af/Documenti/a-phd/repro-results/pre-must-final118-20260919T120729Z/main/raw/c_malloc_rust_vec_from_raw_parts_ub/annotated_icfg_v2.json	double_free_alloc_state	0	ff
corpus	c_malloc_rust_vec_from_raw_parts_ub	/home/af/Documenti/a-phd/repro-results/pre-must-final118-20260919T120729Z/main/raw/c_malloc_rust_vec_from_raw_parts_ub/annotated_icfg_v2.json	leak_alloc	0	unk
corpus	c_malloc_rust_vec_from_raw_parts_ub	/home/af/Documenti/a-phd/repro-results/pre-must-final118-20260919T120729Z/main/raw/c_malloc_rust_vec_from_raw_parts_ub/annotated_icfg_v2.json	leak_alloc_state	0	unk
corpus	c_malloc_rust_vec_from_raw_parts_ub	/home/af/Documenti/a-phd/repro-results/pre-must-final118-20260919T120729Z/main/raw/c_malloc_rust_vec_from_raw_parts_ub/annotated_icfg_v2.json	mir_rvalue_presence	0	ff
corpus	c_malloc_rust_vec_from_raw_parts_ub	/home/af/Documenti/a-phd/repro-results/pre-must-final118-20260919T120729Z/main/raw/c_malloc_rust_vec_from_raw_parts_ub/annotated_icfg_v2.json	mir_statement_presence	0	tt
corpus	c_malloc_rust_vec_from_raw_parts_ub	/home/af/Documenti/a-phd/repro-results/pre-must-final118-20260919T120729Z/main/raw/c_malloc_rust_vec_from_raw_parts_ub/annotated_icfg_v2.json	mir_structural_allocator_example	0	unk
corpus	c_malloc_rust_vec_from_raw_parts_ub	/home/af/Documenti/a-phd/repro-results/pre-must-final118-20260919T120729Z/main/raw/c_malloc_rust_vec_from_raw_parts_ub/annotated_icfg_v2.json	mir_terminator_presence	0	tt
corpus	c_malloc_rust_vec_from_raw_parts_ub	/home/af/Documenti/a-phd/repro-results/pre-must-final118-20260919T120729Z/main/raw/c_malloc_rust_vec_from_raw_parts_ub/annotated_icfg_v2.json	use_after_free_alloc	0	ff
corpus	c_malloc_rust_vec_from_raw_parts_ub	/home/af/Documenti/a-phd/repro-results/pre-must-final118-20260919T120729Z/main/raw/c_malloc_rust_vec_from_raw_parts_ub/annotated_icfg_v2.json	use_after_free_alloc_state	0	ff
corpus	concurrent-verification	/home/af/Documenti/a-phd/repro-results/pre-must-final118-20260919T120729Z/main/raw/concurrent-verification/annotated_icfg_v2.json	allocator_mismatch_ub	0	ff
corpus	concurrent-verification	/home/af/Documenti/a-phd/repro-results/pre-must-final118-20260919T120729Z/main/raw/concurrent-verification/annotated_icfg_v2.json	allocator_mismatch_ub_v2	0	ff
corpus	concurrent-verification	/home/af/Documenti/a-phd/repro-results/pre-must-final118-20260919T120729Z/main/raw/concurrent-verification/annotated_icfg_v2.json	double_free_alloc	0	ff
corpus	concurrent-verification	/home/af/Documenti/a-phd/repro-results/pre-must-final118-20260919T120729Z/main/raw/concurrent-verification/annotated_icfg_v2.json	double_free_alloc_state	0	ff
corpus	concurrent-verification	/home/af/Documenti/a-phd/repro-results/pre-must-final118-20260919T120729Z/main/raw/concurrent-verification/annotated_icfg_v2.json	leak_alloc	0	unk
corpus	concurrent-verification	/home/af/Documenti/a-phd/repro-results/pre-must-final118-20260919T120729Z/main/raw/concurrent-verification/annotated_icfg_v2.json	leak_alloc_state	0	unk
corpus	concurrent-verification	/home/af/Documenti/a-phd/repro-results/pre-must-final118-20260919T120729Z/main/raw/concurrent-verification/annotated_icfg_v2.json	mir_rvalue_presence	0	ff
corpus	concurrent-verification	/home/af/Documenti/a-phd/repro-results/pre-must-final118-20260919T120729Z/main/raw/concurrent-verification/annotated_icfg_v2.json	mir_statement_presence	0	tt
corpus	concurrent-verification	/home/af/Documenti/a-phd/repro-results/pre-must-final118-20260919T120729Z/main/raw/concurrent-verification/annotated_icfg_v2.json	mir_structural_allocator_example	0	ff
corpus	concurrent-verification	/home/af/Documenti/a-phd/repro-results/pre-must-final118-20260919T120729Z/main/raw/concurrent-verification/annotated_icfg_v2.json	mir_terminator_presence	0	tt
corpus	concurrent-verification	/home/af/Documenti/a-phd/repro-results/pre-must-final118-20260919T120729Z/main/raw/concurrent-verification/annotated_icfg_v2.json	use_after_free_alloc	0	ff
corpus	concurrent-verification	/home/af/Documenti/a-phd/repro-results/pre-must-final118-20260919T120729Z/main/raw/concurrent-verification/annotated_icfg_v2.json	use_after_free_alloc_state	0	ff
corpus	c_static_cstr_borrow_clean	/home/af/Documenti/a-phd/repro-results/pre-must-final118-20260919T120729Z/main/raw/c_static_cstr_borrow_clean/annotated_icfg_v2.json	allocator_mismatch_ub	0	ff
corpus	c_static_cstr_borrow_clean	/home/af/Documenti/a-phd/repro-results/pre-must-final118-20260919T120729Z/main/raw/c_static_cstr_borrow_clean/annotated_icfg_v2.json	allocator_mismatch_ub_v2	0	ff
corpus	c_static_cstr_borrow_clean	/home/af/Documenti/a-phd/repro-results/pre-must-final118-20260919T120729Z/main/raw/c_static_cstr_borrow_clean/annotated_icfg_v2.json	double_free_alloc	0	ff
corpus	c_static_cstr_borrow_clean	/home/af/Documenti/a-phd/repro-results/pre-must-final118-20260919T120729Z/main/raw/c_static_cstr_borrow_clean/annotated_icfg_v2.json	double_free_alloc_state	0	ff
corpus	c_static_cstr_borrow_clean	/home/af/Documenti/a-phd/repro-results/pre-must-final118-20260919T120729Z/main/raw/c_static_cstr_borrow_clean/annotated_icfg_v2.json	leak_alloc	0	ff
corpus	c_static_cstr_borrow_clean	/home/af/Documenti/a-phd/repro-results/pre-must-final118-20260919T120729Z/main/raw/c_static_cstr_borrow_clean/annotated_icfg_v2.json	leak_alloc_state	0	ff
corpus	c_static_cstr_borrow_clean	/home/af/Documenti/a-phd/repro-results/pre-must-final118-20260919T120729Z/main/raw/c_static_cstr_borrow_clean/annotated_icfg_v2.json	mir_rvalue_presence	0	ff
corpus	c_static_cstr_borrow_clean	/home/af/Documenti/a-phd/repro-results/pre-must-final118-20260919T120729Z/main/raw/c_static_cstr_borrow_clean/annotated_icfg_v2.json	mir_statement_presence	0	tt
corpus	c_static_cstr_borrow_clean	/home/af/Documenti/a-phd/repro-results/pre-must-final118-20260919T120729Z/main/raw/c_static_cstr_borrow_clean/annotated_icfg_v2.json	mir_structural_allocator_example	0	ff
corpus	c_static_cstr_borrow_clean	/home/af/Documenti/a-phd/repro-results/pre-must-final118-20260919T120729Z/main/raw/c_static_cstr_borrow_clean/annotated_icfg_v2.json	mir_terminator_presence	0	tt
corpus	c_static_cstr_borrow_clean	/home/af/Documenti/a-phd/repro-results/pre-must-final118-20260919T120729Z/main/raw/c_static_cstr_borrow_clean/annotated_icfg_v2.json	use_after_free_alloc	0	ff
corpus	c_static_cstr_borrow_clean	/home/af/Documenti/a-phd/repro-results/pre-must-final118-20260919T120729Z/main/raw/c_static_cstr_borrow_clean/annotated_icfg_v2.json	use_after_free_alloc_state	0	ff
corpus	cstr_cargo_df_ffi	/home/af/Documenti/a-phd/repro-results/pre-must-final118-20260919T120729Z/main/raw/cstr_cargo_df_ffi/annotated_icfg_v2.json	allocator_mismatch_ub	0	unk
corpus	cstr_cargo_df_ffi	/home/af/Documenti/a-phd/repro-results/pre-must-final118-20260919T120729Z/main/raw/cstr_cargo_df_ffi/annotated_icfg_v2.json	allocator_mismatch_ub_v2	0	unk
corpus	cstr_cargo_df_ffi	/home/af/Documenti/a-phd/repro-results/pre-must-final118-20260919T120729Z/main/raw/cstr_cargo_df_ffi/annotated_icfg_v2.json	double_free_alloc	0	unk
corpus	cstr_cargo_df_ffi	/home/af/Documenti/a-phd/repro-results/pre-must-final118-20260919T120729Z/main/raw/cstr_cargo_df_ffi/annotated_icfg_v2.json	double_free_alloc_state	0	unk
corpus	cstr_cargo_df_ffi	/home/af/Documenti/a-phd/repro-results/pre-must-final118-20260919T120729Z/main/raw/cstr_cargo_df_ffi/annotated_icfg_v2.json	leak_alloc	0	unk
corpus	cstr_cargo_df_ffi	/home/af/Documenti/a-phd/repro-results/pre-must-final118-20260919T120729Z/main/raw/cstr_cargo_df_ffi/annotated_icfg_v2.json	leak_alloc_state	0	unk
corpus	cstr_cargo_df_ffi	/home/af/Documenti/a-phd/repro-results/pre-must-final118-20260919T120729Z/main/raw/cstr_cargo_df_ffi/annotated_icfg_v2.json	mir_rvalue_presence	0	ff
corpus	cstr_cargo_df_ffi	/home/af/Documenti/a-phd/repro-results/pre-must-final118-20260919T120729Z/main/raw/cstr_cargo_df_ffi/annotated_icfg_v2.json	mir_statement_presence	0	tt
corpus	cstr_cargo_df_ffi	/home/af/Documenti/a-phd/repro-results/pre-must-final118-20260919T120729Z/main/raw/cstr_cargo_df_ffi/annotated_icfg_v2.json	mir_structural_allocator_example	0	ff
corpus	cstr_cargo_df_ffi	/home/af/Documenti/a-phd/repro-results/pre-must-final118-20260919T120729Z/main/raw/cstr_cargo_df_ffi/annotated_icfg_v2.json	mir_terminator_presence	0	tt
corpus	cstr_cargo_df_ffi	/home/af/Documenti/a-phd/repro-results/pre-must-final118-20260919T120729Z/main/raw/cstr_cargo_df_ffi/annotated_icfg_v2.json	use_after_free_alloc	0	unk
corpus	cstr_cargo_df_ffi	/home/af/Documenti/a-phd/repro-results/pre-must-final118-20260919T120729Z/main/raw/cstr_cargo_df_ffi/annotated_icfg_v2.json	use_after_free_alloc_state	0	unk
corpus	cstr_expect_uaf_and_ub_ffi	/home/af/Documenti/a-phd/repro-results/pre-must-final118-20260919T120729Z/main/raw/cstr_expect_uaf_and_ub_ffi/annotated_icfg_v2.json	allocator_mismatch_ub	0	unk
corpus	cstr_expect_uaf_and_ub_ffi	/home/af/Documenti/a-phd/repro-results/pre-must-final118-20260919T120729Z/main/raw/cstr_expect_uaf_and_ub_ffi/annotated_icfg_v2.json	allocator_mismatch_ub_v2	0	unk
corpus	cstr_expect_uaf_and_ub_ffi	/home/af/Documenti/a-phd/repro-results/pre-must-final118-20260919T120729Z/main/raw/cstr_expect_uaf_and_ub_ffi/annotated_icfg_v2.json	double_free_alloc	0	ff
corpus	cstr_expect_uaf_and_ub_ffi	/home/af/Documenti/a-phd/repro-results/pre-must-final118-20260919T120729Z/main/raw/cstr_expect_uaf_and_ub_ffi/annotated_icfg_v2.json	double_free_alloc_state	0	ff
corpus	cstr_expect_uaf_and_ub_ffi	/home/af/Documenti/a-phd/repro-results/pre-must-final118-20260919T120729Z/main/raw/cstr_expect_uaf_and_ub_ffi/annotated_icfg_v2.json	leak_alloc	0	unk
corpus	cstr_expect_uaf_and_ub_ffi	/home/af/Documenti/a-phd/repro-results/pre-must-final118-20260919T120729Z/main/raw/cstr_expect_uaf_and_ub_ffi/annotated_icfg_v2.json	leak_alloc_state	0	unk
corpus	cstr_expect_uaf_and_ub_ffi	/home/af/Documenti/a-phd/repro-results/pre-must-final118-20260919T120729Z/main/raw/cstr_expect_uaf_and_ub_ffi/annotated_icfg_v2.json	mir_rvalue_presence	0	ff
corpus	cstr_expect_uaf_and_ub_ffi	/home/af/Documenti/a-phd/repro-results/pre-must-final118-20260919T120729Z/main/raw/cstr_expect_uaf_and_ub_ffi/annotated_icfg_v2.json	mir_statement_presence	0	tt
corpus	cstr_expect_uaf_and_ub_ffi	/home/af/Documenti/a-phd/repro-results/pre-must-final118-20260919T120729Z/main/raw/cstr_expect_uaf_and_ub_ffi/annotated_icfg_v2.json	mir_structural_allocator_example	0	ff
corpus	cstr_expect_uaf_and_ub_ffi	/home/af/Documenti/a-phd/repro-results/pre-must-final118-20260919T120729Z/main/raw/cstr_expect_uaf_and_ub_ffi/annotated_icfg_v2.json	mir_terminator_presence	0	tt
corpus	cstr_expect_uaf_and_ub_ffi	/home/af/Documenti/a-phd/repro-results/pre-must-final118-20260919T120729Z/main/raw/cstr_expect_uaf_and_ub_ffi/annotated_icfg_v2.json	use_after_free_alloc	0	unk
corpus	cstr_expect_uaf_and_ub_ffi	/home/af/Documenti/a-phd/repro-results/pre-must-final118-20260919T120729Z/main/raw/cstr_expect_uaf_and_ub_ffi/annotated_icfg_v2.json	use_after_free_alloc_state	0	unk
corpus	cstringcargo_df_ffi	/home/af/Documenti/a-phd/repro-results/pre-must-final118-20260919T120729Z/main/raw/cstringcargo_df_ffi/annotated_icfg_v2.json	allocator_mismatch_ub	0	unk
corpus	cstringcargo_df_ffi	/home/af/Documenti/a-phd/repro-results/pre-must-final118-20260919T120729Z/main/raw/cstringcargo_df_ffi/annotated_icfg_v2.json	allocator_mismatch_ub_v2	0	unk
corpus	cstringcargo_df_ffi	/home/af/Documenti/a-phd/repro-results/pre-must-final118-20260919T120729Z/main/raw/cstringcargo_df_ffi/annotated_icfg_v2.json	double_free_alloc	0	unk
corpus	cstringcargo_df_ffi	/home/af/Documenti/a-phd/repro-results/pre-must-final118-20260919T120729Z/main/raw/cstringcargo_df_ffi/annotated_icfg_v2.json	double_free_alloc_state	0	unk
corpus	cstringcargo_df_ffi	/home/af/Documenti/a-phd/repro-results/pre-must-final118-20260919T120729Z/main/raw/cstringcargo_df_ffi/annotated_icfg_v2.json	leak_alloc	0	unk
corpus	cstringcargo_df_ffi	/home/af/Documenti/a-phd/repro-results/pre-must-final118-20260919T120729Z/main/raw/cstringcargo_df_ffi/annotated_icfg_v2.json	leak_alloc_state	0	unk
corpus	cstringcargo_df_ffi	/home/af/Documenti/a-phd/repro-results/pre-must-final118-20260919T120729Z/main/raw/cstringcargo_df_ffi/annotated_icfg_v2.json	mir_rvalue_presence	0	ff
corpus	cstringcargo_df_ffi	/home/af/Documenti/a-phd/repro-results/pre-must-final118-20260919T120729Z/main/raw/cstringcargo_df_ffi/annotated_icfg_v2.json	mir_statement_presence	0	tt
corpus	cstringcargo_df_ffi	/home/af/Documenti/a-phd/repro-results/pre-must-final118-20260919T120729Z/main/raw/cstringcargo_df_ffi/annotated_icfg_v2.json	mir_structural_allocator_example	0	ff
corpus	cstringcargo_df_ffi	/home/af/Documenti/a-phd/repro-results/pre-must-final118-20260919T120729Z/main/raw/cstringcargo_df_ffi/annotated_icfg_v2.json	mir_terminator_presence	0	tt
corpus	cstringcargo_df_ffi	/home/af/Documenti/a-phd/repro-results/pre-must-final118-20260919T120729Z/main/raw/cstringcargo_df_ffi/annotated_icfg_v2.json	use_after_free_alloc	0	unk
corpus	cstringcargo_df_ffi	/home/af/Documenti/a-phd/repro-results/pre-must-final118-20260919T120729Z/main/raw/cstringcargo_df_ffi/annotated_icfg_v2.json	use_after_free_alloc_state	0	unk
corpus	cstringcargo_enum_df_only_rust	/home/af/Documenti/a-phd/repro-results/pre-must-final118-20260919T120729Z/main/raw/cstringcargo_enum_df_only_rust/annotated_icfg_v2.json	allocator_mismatch_ub	0	unk
corpus	cstringcargo_enum_df_only_rust	/home/af/Documenti/a-phd/repro-results/pre-must-final118-20260919T120729Z/main/raw/cstringcargo_enum_df_only_rust/annotated_icfg_v2.json	allocator_mismatch_ub_v2	0	unk
corpus	cstringcargo_enum_df_only_rust	/home/af/Documenti/a-phd/repro-results/pre-must-final118-20260919T120729Z/main/raw/cstringcargo_enum_df_only_rust/annotated_icfg_v2.json	double_free_alloc	0	unk
corpus	cstringcargo_enum_df_only_rust	/home/af/Documenti/a-phd/repro-results/pre-must-final118-20260919T120729Z/main/raw/cstringcargo_enum_df_only_rust/annotated_icfg_v2.json	double_free_alloc_state	0	unk
corpus	cstringcargo_enum_df_only_rust	/home/af/Documenti/a-phd/repro-results/pre-must-final118-20260919T120729Z/main/raw/cstringcargo_enum_df_only_rust/annotated_icfg_v2.json	leak_alloc	0	unk
corpus	cstringcargo_enum_df_only_rust	/home/af/Documenti/a-phd/repro-results/pre-must-final118-20260919T120729Z/main/raw/cstringcargo_enum_df_only_rust/annotated_icfg_v2.json	leak_alloc_state	0	unk
corpus	cstringcargo_enum_df_only_rust	/home/af/Documenti/a-phd/repro-results/pre-must-final118-20260919T120729Z/main/raw/cstringcargo_enum_df_only_rust/annotated_icfg_v2.json	mir_rvalue_presence	0	ff
corpus	cstringcargo_enum_df_only_rust	/home/af/Documenti/a-phd/repro-results/pre-must-final118-20260919T120729Z/main/raw/cstringcargo_enum_df_only_rust/annotated_icfg_v2.json	mir_statement_presence	0	tt
corpus	cstringcargo_enum_df_only_rust	/home/af/Documenti/a-phd/repro-results/pre-must-final118-20260919T120729Z/main/raw/cstringcargo_enum_df_only_rust/annotated_icfg_v2.json	mir_structural_allocator_example	0	unk
corpus	cstringcargo_enum_df_only_rust	/home/af/Documenti/a-phd/repro-results/pre-must-final118-20260919T120729Z/main/raw/cstringcargo_enum_df_only_rust/annotated_icfg_v2.json	mir_terminator_presence	0	tt
corpus	cstringcargo_enum_df_only_rust	/home/af/Documenti/a-phd/repro-results/pre-must-final118-20260919T120729Z/main/raw/cstringcargo_enum_df_only_rust/annotated_icfg_v2.json	use_after_free_alloc	0	unk
corpus	cstringcargo_enum_df_only_rust	/home/af/Documenti/a-phd/repro-results/pre-must-final118-20260919T120729Z/main/raw/cstringcargo_enum_df_only_rust/annotated_icfg_v2.json	use_after_free_alloc_state	0	unk
corpus	cstring_df_only_rust	/home/af/Documenti/a-phd/repro-results/pre-must-final118-20260919T120729Z/main/raw/cstring_df_only_rust/annotated_icfg_v2.json	allocator_mismatch_ub	0	unk
corpus	cstring_df_only_rust	/home/af/Documenti/a-phd/repro-results/pre-must-final118-20260919T120729Z/main/raw/cstring_df_only_rust/annotated_icfg_v2.json	allocator_mismatch_ub_v2	0	unk
corpus	cstring_df_only_rust	/home/af/Documenti/a-phd/repro-results/pre-must-final118-20260919T120729Z/main/raw/cstring_df_only_rust/annotated_icfg_v2.json	double_free_alloc	0	unk
corpus	cstring_df_only_rust	/home/af/Documenti/a-phd/repro-results/pre-must-final118-20260919T120729Z/main/raw/cstring_df_only_rust/annotated_icfg_v2.json	double_free_alloc_state	0	unk
corpus	cstring_df_only_rust	/home/af/Documenti/a-phd/repro-results/pre-must-final118-20260919T120729Z/main/raw/cstring_df_only_rust/annotated_icfg_v2.json	leak_alloc	0	unk
corpus	cstring_df_only_rust	/home/af/Documenti/a-phd/repro-results/pre-must-final118-20260919T120729Z/main/raw/cstring_df_only_rust/annotated_icfg_v2.json	leak_alloc_state	0	unk
corpus	cstring_df_only_rust	/home/af/Documenti/a-phd/repro-results/pre-must-final118-20260919T120729Z/main/raw/cstring_df_only_rust/annotated_icfg_v2.json	mir_rvalue_presence	0	ff
corpus	cstring_df_only_rust	/home/af/Documenti/a-phd/repro-results/pre-must-final118-20260919T120729Z/main/raw/cstring_df_only_rust/annotated_icfg_v2.json	mir_statement_presence	0	ff
corpus	cstring_df_only_rust	/home/af/Documenti/a-phd/repro-results/pre-must-final118-20260919T120729Z/main/raw/cstring_df_only_rust/annotated_icfg_v2.json	mir_structural_allocator_example	0	ff
corpus	cstring_df_only_rust	/home/af/Documenti/a-phd/repro-results/pre-must-final118-20260919T120729Z/main/raw/cstring_df_only_rust/annotated_icfg_v2.json	mir_terminator_presence	0	tt
corpus	cstring_df_only_rust	/home/af/Documenti/a-phd/repro-results/pre-must-final118-20260919T120729Z/main/raw/cstring_df_only_rust/annotated_icfg_v2.json	use_after_free_alloc	0	unk
corpus	cstring_df_only_rust	/home/af/Documenti/a-phd/repro-results/pre-must-final118-20260919T120729Z/main/raw/cstring_df_only_rust/annotated_icfg_v2.json	use_after_free_alloc_state	0	unk
corpus	df_rand_cargo_c_ffi	/home/af/Documenti/a-phd/repro-results/pre-must-final118-20260919T120729Z/main/raw/df_rand_cargo_c_ffi/annotated_icfg_v2.json	allocator_mismatch_ub	0	unk
corpus	df_rand_cargo_c_ffi	/home/af/Documenti/a-phd/repro-results/pre-must-final118-20260919T120729Z/main/raw/df_rand_cargo_c_ffi/annotated_icfg_v2.json	allocator_mismatch_ub_v2	0	unk
corpus	df_rand_cargo_c_ffi	/home/af/Documenti/a-phd/repro-results/pre-must-final118-20260919T120729Z/main/raw/df_rand_cargo_c_ffi/annotated_icfg_v2.json	double_free_alloc	0	unk
corpus	df_rand_cargo_c_ffi	/home/af/Documenti/a-phd/repro-results/pre-must-final118-20260919T120729Z/main/raw/df_rand_cargo_c_ffi/annotated_icfg_v2.json	double_free_alloc_state	0	unk
corpus	df_rand_cargo_c_ffi	/home/af/Documenti/a-phd/repro-results/pre-must-final118-20260919T120729Z/main/raw/df_rand_cargo_c_ffi/annotated_icfg_v2.json	leak_alloc	0	unk
corpus	df_rand_cargo_c_ffi	/home/af/Documenti/a-phd/repro-results/pre-must-final118-20260919T120729Z/main/raw/df_rand_cargo_c_ffi/annotated_icfg_v2.json	leak_alloc_state	0	unk
corpus	df_rand_cargo_c_ffi	/home/af/Documenti/a-phd/repro-results/pre-must-final118-20260919T120729Z/main/raw/df_rand_cargo_c_ffi/annotated_icfg_v2.json	mir_rvalue_presence	0	ff
corpus	df_rand_cargo_c_ffi	/home/af/Documenti/a-phd/repro-results/pre-must-final118-20260919T120729Z/main/raw/df_rand_cargo_c_ffi/annotated_icfg_v2.json	mir_statement_presence	0	tt
corpus	df_rand_cargo_c_ffi	/home/af/Documenti/a-phd/repro-results/pre-must-final118-20260919T120729Z/main/raw/df_rand_cargo_c_ffi/annotated_icfg_v2.json	mir_structural_allocator_example	0	ff
corpus	df_rand_cargo_c_ffi	/home/af/Documenti/a-phd/repro-results/pre-must-final118-20260919T120729Z/main/raw/df_rand_cargo_c_ffi/annotated_icfg_v2.json	mir_terminator_presence	0	tt
corpus	df_rand_cargo_c_ffi	/home/af/Documenti/a-phd/repro-results/pre-must-final118-20260919T120729Z/main/raw/df_rand_cargo_c_ffi/annotated_icfg_v2.json	use_after_free_alloc	0	ff
corpus	df_rand_cargo_c_ffi	/home/af/Documenti/a-phd/repro-results/pre-must-final118-20260919T120729Z/main/raw/df_rand_cargo_c_ffi/annotated_icfg_v2.json	use_after_free_alloc_state	0	ff
corpus	drop_raw_ptr_no_free	/home/af/Documenti/a-phd/repro-results/pre-must-final118-20260919T120729Z/main/raw/drop_raw_ptr_no_free/annotated_icfg_v2.json	allocator_mismatch_ub	0	ff
corpus	drop_raw_ptr_no_free	/home/af/Documenti/a-phd/repro-results/pre-must-final118-20260919T120729Z/main/raw/drop_raw_ptr_no_free/annotated_icfg_v2.json	allocator_mismatch_ub_v2	0	ff
corpus	drop_raw_ptr_no_free	/home/af/Documenti/a-phd/repro-results/pre-must-final118-20260919T120729Z/main/raw/drop_raw_ptr_no_free/annotated_icfg_v2.json	double_free_alloc	0	ff
corpus	drop_raw_ptr_no_free	/home/af/Documenti/a-phd/repro-results/pre-must-final118-20260919T120729Z/main/raw/drop_raw_ptr_no_free/annotated_icfg_v2.json	double_free_alloc_state	0	ff
corpus	drop_raw_ptr_no_free	/home/af/Documenti/a-phd/repro-results/pre-must-final118-20260919T120729Z/main/raw/drop_raw_ptr_no_free/annotated_icfg_v2.json	leak_alloc	0	unk
corpus	drop_raw_ptr_no_free	/home/af/Documenti/a-phd/repro-results/pre-must-final118-20260919T120729Z/main/raw/drop_raw_ptr_no_free/annotated_icfg_v2.json	leak_alloc_state	0	unk
corpus	drop_raw_ptr_no_free	/home/af/Documenti/a-phd/repro-results/pre-must-final118-20260919T120729Z/main/raw/drop_raw_ptr_no_free/annotated_icfg_v2.json	mir_rvalue_presence	0	ff
corpus	drop_raw_ptr_no_free	/home/af/Documenti/a-phd/repro-results/pre-must-final118-20260919T120729Z/main/raw/drop_raw_ptr_no_free/annotated_icfg_v2.json	mir_statement_presence	0	tt
corpus	drop_raw_ptr_no_free	/home/af/Documenti/a-phd/repro-results/pre-must-final118-20260919T120729Z/main/raw/drop_raw_ptr_no_free/annotated_icfg_v2.json	mir_structural_allocator_example	0	ff
corpus	drop_raw_ptr_no_free	/home/af/Documenti/a-phd/repro-results/pre-must-final118-20260919T120729Z/main/raw/drop_raw_ptr_no_free/annotated_icfg_v2.json	mir_terminator_presence	0	tt
corpus	drop_raw_ptr_no_free	/home/af/Documenti/a-phd/repro-results/pre-must-final118-20260919T120729Z/main/raw/drop_raw_ptr_no_free/annotated_icfg_v2.json	use_after_free_alloc	0	ff
corpus	drop_raw_ptr_no_free	/home/af/Documenti/a-phd/repro-results/pre-must-final118-20260919T120729Z/main/raw/drop_raw_ptr_no_free/annotated_icfg_v2.json	use_after_free_alloc_state	0	ff
corpus	explicit_drop_df_only_rust	/home/af/Documenti/a-phd/repro-results/pre-must-final118-20260919T120729Z/main/raw/explicit_drop_df_only_rust/annotated_icfg_v2.json	allocator_mismatch_ub	0	ff
corpus	explicit_drop_df_only_rust	/home/af/Documenti/a-phd/repro-results/pre-must-final118-20260919T120729Z/main/raw/explicit_drop_df_only_rust/annotated_icfg_v2.json	allocator_mismatch_ub_v2	0	ff
corpus	explicit_drop_df_only_rust	/home/af/Documenti/a-phd/repro-results/pre-must-final118-20260919T120729Z/main/raw/explicit_drop_df_only_rust/annotated_icfg_v2.json	double_free_alloc	0	unk
corpus	explicit_drop_df_only_rust	/home/af/Documenti/a-phd/repro-results/pre-must-final118-20260919T120729Z/main/raw/explicit_drop_df_only_rust/annotated_icfg_v2.json	double_free_alloc_state	0	unk
corpus	explicit_drop_df_only_rust	/home/af/Documenti/a-phd/repro-results/pre-must-final118-20260919T120729Z/main/raw/explicit_drop_df_only_rust/annotated_icfg_v2.json	leak_alloc	0	unk
corpus	explicit_drop_df_only_rust	/home/af/Documenti/a-phd/repro-results/pre-must-final118-20260919T120729Z/main/raw/explicit_drop_df_only_rust/annotated_icfg_v2.json	leak_alloc_state	0	unk
corpus	explicit_drop_df_only_rust	/home/af/Documenti/a-phd/repro-results/pre-must-final118-20260919T120729Z/main/raw/explicit_drop_df_only_rust/annotated_icfg_v2.json	mir_rvalue_presence	0	ff
corpus	explicit_drop_df_only_rust	/home/af/Documenti/a-phd/repro-results/pre-must-final118-20260919T120729Z/main/raw/explicit_drop_df_only_rust/annotated_icfg_v2.json	mir_statement_presence	0	ff
corpus	explicit_drop_df_only_rust	/home/af/Documenti/a-phd/repro-results/pre-must-final118-20260919T120729Z/main/raw/explicit_drop_df_only_rust/annotated_icfg_v2.json	mir_structural_allocator_example	0	ff
corpus	explicit_drop_df_only_rust	/home/af/Documenti/a-phd/repro-results/pre-must-final118-20260919T120729Z/main/raw/explicit_drop_df_only_rust/annotated_icfg_v2.json	mir_terminator_presence	0	tt
corpus	explicit_drop_df_only_rust	/home/af/Documenti/a-phd/repro-results/pre-must-final118-20260919T120729Z/main/raw/explicit_drop_df_only_rust/annotated_icfg_v2.json	use_after_free_alloc	0	ff
corpus	explicit_drop_df_only_rust	/home/af/Documenti/a-phd/repro-results/pre-must-final118-20260919T120729Z/main/raw/explicit_drop_df_only_rust/annotated_icfg_v2.json	use_after_free_alloc_state	0	ff
corpus	for_df_ffi	/home/af/Documenti/a-phd/repro-results/pre-must-final118-20260919T120729Z/main/raw/for_df_ffi/annotated_icfg_v2.json	allocator_mismatch_ub	0	unk
corpus	for_df_ffi	/home/af/Documenti/a-phd/repro-results/pre-must-final118-20260919T120729Z/main/raw/for_df_ffi/annotated_icfg_v2.json	allocator_mismatch_ub_v2	0	unk
corpus	for_df_ffi	/home/af/Documenti/a-phd/repro-results/pre-must-final118-20260919T120729Z/main/raw/for_df_ffi/annotated_icfg_v2.json	double_free_alloc	0	unk
corpus	for_df_ffi	/home/af/Documenti/a-phd/repro-results/pre-must-final118-20260919T120729Z/main/raw/for_df_ffi/annotated_icfg_v2.json	double_free_alloc_state	0	unk
corpus	for_df_ffi	/home/af/Documenti/a-phd/repro-results/pre-must-final118-20260919T120729Z/main/raw/for_df_ffi/annotated_icfg_v2.json	leak_alloc	0	unk
corpus	for_df_ffi	/home/af/Documenti/a-phd/repro-results/pre-must-final118-20260919T120729Z/main/raw/for_df_ffi/annotated_icfg_v2.json	leak_alloc_state	0	unk
corpus	for_df_ffi	/home/af/Documenti/a-phd/repro-results/pre-must-final118-20260919T120729Z/main/raw/for_df_ffi/annotated_icfg_v2.json	mir_rvalue_presence	0	ff
corpus	for_df_ffi	/home/af/Documenti/a-phd/repro-results/pre-must-final118-20260919T120729Z/main/raw/for_df_ffi/annotated_icfg_v2.json	mir_statement_presence	0	tt
corpus	for_df_ffi	/home/af/Documenti/a-phd/repro-results/pre-must-final118-20260919T120729Z/main/raw/for_df_ffi/annotated_icfg_v2.json	mir_structural_allocator_example	0	ff
corpus	for_df_ffi	/home/af/Documenti/a-phd/repro-results/pre-must-final118-20260919T120729Z/main/raw/for_df_ffi/annotated_icfg_v2.json	mir_terminator_presence	0	tt
corpus	for_df_ffi	/home/af/Documenti/a-phd/repro-results/pre-must-final118-20260919T120729Z/main/raw/for_df_ffi/annotated_icfg_v2.json	use_after_free_alloc	0	unk
corpus	for_df_ffi	/home/af/Documenti/a-phd/repro-results/pre-must-final118-20260919T120729Z/main/raw/for_df_ffi/annotated_icfg_v2.json	use_after_free_alloc_state	0	unk
corpus	for_memory_leak_ffi	/home/af/Documenti/a-phd/repro-results/pre-must-final118-20260919T120729Z/main/raw/for_memory_leak_ffi/annotated_icfg_v2.json	allocator_mismatch_ub	0	ff
corpus	for_memory_leak_ffi	/home/af/Documenti/a-phd/repro-results/pre-must-final118-20260919T120729Z/main/raw/for_memory_leak_ffi/annotated_icfg_v2.json	allocator_mismatch_ub_v2	0	ff
corpus	for_memory_leak_ffi	/home/af/Documenti/a-phd/repro-results/pre-must-final118-20260919T120729Z/main/raw/for_memory_leak_ffi/annotated_icfg_v2.json	double_free_alloc	0	ff
corpus	for_memory_leak_ffi	/home/af/Documenti/a-phd/repro-results/pre-must-final118-20260919T120729Z/main/raw/for_memory_leak_ffi/annotated_icfg_v2.json	double_free_alloc_state	0	ff
corpus	for_memory_leak_ffi	/home/af/Documenti/a-phd/repro-results/pre-must-final118-20260919T120729Z/main/raw/for_memory_leak_ffi/annotated_icfg_v2.json	leak_alloc	0	unk
corpus	for_memory_leak_ffi	/home/af/Documenti/a-phd/repro-results/pre-must-final118-20260919T120729Z/main/raw/for_memory_leak_ffi/annotated_icfg_v2.json	leak_alloc_state	0	unk
corpus	for_memory_leak_ffi	/home/af/Documenti/a-phd/repro-results/pre-must-final118-20260919T120729Z/main/raw/for_memory_leak_ffi/annotated_icfg_v2.json	mir_rvalue_presence	0	ff
corpus	for_memory_leak_ffi	/home/af/Documenti/a-phd/repro-results/pre-must-final118-20260919T120729Z/main/raw/for_memory_leak_ffi/annotated_icfg_v2.json	mir_statement_presence	0	tt
corpus	for_memory_leak_ffi	/home/af/Documenti/a-phd/repro-results/pre-must-final118-20260919T120729Z/main/raw/for_memory_leak_ffi/annotated_icfg_v2.json	mir_structural_allocator_example	0	ff
corpus	for_memory_leak_ffi	/home/af/Documenti/a-phd/repro-results/pre-must-final118-20260919T120729Z/main/raw/for_memory_leak_ffi/annotated_icfg_v2.json	mir_terminator_presence	0	tt
corpus	for_memory_leak_ffi	/home/af/Documenti/a-phd/repro-results/pre-must-final118-20260919T120729Z/main/raw/for_memory_leak_ffi/annotated_icfg_v2.json	use_after_free_alloc	0	ff
corpus	for_memory_leak_ffi	/home/af/Documenti/a-phd/repro-results/pre-must-final118-20260919T120729Z/main/raw/for_memory_leak_ffi/annotated_icfg_v2.json	use_after_free_alloc_state	0	ff
corpus	lock-free	/home/af/Documenti/a-phd/repro-results/pre-must-final118-20260919T120729Z/main/raw/lock-free/annotated_icfg_v2.json	allocator_mismatch_ub	0	ff
corpus	lock-free	/home/af/Documenti/a-phd/repro-results/pre-must-final118-20260919T120729Z/main/raw/lock-free/annotated_icfg_v2.json	allocator_mismatch_ub_v2	0	ff
corpus	lock-free	/home/af/Documenti/a-phd/repro-results/pre-must-final118-20260919T120729Z/main/raw/lock-free/annotated_icfg_v2.json	double_free_alloc	0	ff
corpus	lock-free	/home/af/Documenti/a-phd/repro-results/pre-must-final118-20260919T120729Z/main/raw/lock-free/annotated_icfg_v2.json	double_free_alloc_state	0	ff
corpus	lock-free	/home/af/Documenti/a-phd/repro-results/pre-must-final118-20260919T120729Z/main/raw/lock-free/annotated_icfg_v2.json	leak_alloc	0	unk
corpus	lock-free	/home/af/Documenti/a-phd/repro-results/pre-must-final118-20260919T120729Z/main/raw/lock-free/annotated_icfg_v2.json	leak_alloc_state	0	unk
corpus	lock-free	/home/af/Documenti/a-phd/repro-results/pre-must-final118-20260919T120729Z/main/raw/lock-free/annotated_icfg_v2.json	mir_rvalue_presence	0	tt
corpus	lock-free	/home/af/Documenti/a-phd/repro-results/pre-must-final118-20260919T120729Z/main/raw/lock-free/annotated_icfg_v2.json	mir_statement_presence	0	tt
corpus	lock-free	/home/af/Documenti/a-phd/repro-results/pre-must-final118-20260919T120729Z/main/raw/lock-free/annotated_icfg_v2.json	mir_structural_allocator_example	0	ff
corpus	lock-free	/home/af/Documenti/a-phd/repro-results/pre-must-final118-20260919T120729Z/main/raw/lock-free/annotated_icfg_v2.json	mir_terminator_presence	0	tt
corpus	lock-free	/home/af/Documenti/a-phd/repro-results/pre-must-final118-20260919T120729Z/main/raw/lock-free/annotated_icfg_v2.json	use_after_free_alloc	0	ff
corpus	lock-free	/home/af/Documenti/a-phd/repro-results/pre-must-final118-20260919T120729Z/main/raw/lock-free/annotated_icfg_v2.json	use_after_free_alloc_state	0	ff
corpus	lock_free_non_blocking_linked_list	/home/af/Documenti/a-phd/repro-results/pre-must-final118-20260919T120729Z/main/raw/lock_free_non_blocking_linked_list/annotated_icfg_v2.json	allocator_mismatch_ub	0	ff
corpus	lock_free_non_blocking_linked_list	/home/af/Documenti/a-phd/repro-results/pre-must-final118-20260919T120729Z/main/raw/lock_free_non_blocking_linked_list/annotated_icfg_v2.json	allocator_mismatch_ub_v2	0	ff
corpus	lock_free_non_blocking_linked_list	/home/af/Documenti/a-phd/repro-results/pre-must-final118-20260919T120729Z/main/raw/lock_free_non_blocking_linked_list/annotated_icfg_v2.json	double_free_alloc	0	ff
corpus	lock_free_non_blocking_linked_list	/home/af/Documenti/a-phd/repro-results/pre-must-final118-20260919T120729Z/main/raw/lock_free_non_blocking_linked_list/annotated_icfg_v2.json	double_free_alloc_state	0	ff
corpus	lock_free_non_blocking_linked_list	/home/af/Documenti/a-phd/repro-results/pre-must-final118-20260919T120729Z/main/raw/lock_free_non_blocking_linked_list/annotated_icfg_v2.json	leak_alloc	0	unk
corpus	lock_free_non_blocking_linked_list	/home/af/Documenti/a-phd/repro-results/pre-must-final118-20260919T120729Z/main/raw/lock_free_non_blocking_linked_list/annotated_icfg_v2.json	leak_alloc_state	0	unk
corpus	lock_free_non_blocking_linked_list	/home/af/Documenti/a-phd/repro-results/pre-must-final118-20260919T120729Z/main/raw/lock_free_non_blocking_linked_list/annotated_icfg_v2.json	mir_rvalue_presence	0	ff
corpus	lock_free_non_blocking_linked_list	/home/af/Documenti/a-phd/repro-results/pre-must-final118-20260919T120729Z/main/raw/lock_free_non_blocking_linked_list/annotated_icfg_v2.json	mir_statement_presence	0	tt
corpus	lock_free_non_blocking_linked_list	/home/af/Documenti/a-phd/repro-results/pre-must-final118-20260919T120729Z/main/raw/lock_free_non_blocking_linked_list/annotated_icfg_v2.json	mir_structural_allocator_example	0	ff
corpus	lock_free_non_blocking_linked_list	/home/af/Documenti/a-phd/repro-results/pre-must-final118-20260919T120729Z/main/raw/lock_free_non_blocking_linked_list/annotated_icfg_v2.json	mir_terminator_presence	0	tt
corpus	lock_free_non_blocking_linked_list	/home/af/Documenti/a-phd/repro-results/pre-must-final118-20260919T120729Z/main/raw/lock_free_non_blocking_linked_list/annotated_icfg_v2.json	use_after_free_alloc	0	ff
corpus	lock_free_non_blocking_linked_list	/home/af/Documenti/a-phd/repro-results/pre-must-final118-20260919T120729Z/main/raw/lock_free_non_blocking_linked_list/annotated_icfg_v2.json	use_after_free_alloc_state	0	ff
corpus	napkin-math-test	/home/af/Documenti/a-phd/repro-results/pre-must-final118-20260919T120729Z/main/raw/napkin-math-test/annotated_icfg_v2.json	allocator_mismatch_ub	0	ff
corpus	napkin-math-test	/home/af/Documenti/a-phd/repro-results/pre-must-final118-20260919T120729Z/main/raw/napkin-math-test/annotated_icfg_v2.json	allocator_mismatch_ub_v2	0	ff
corpus	napkin-math-test	/home/af/Documenti/a-phd/repro-results/pre-must-final118-20260919T120729Z/main/raw/napkin-math-test/annotated_icfg_v2.json	double_free_alloc	0	ff
corpus	napkin-math-test	/home/af/Documenti/a-phd/repro-results/pre-must-final118-20260919T120729Z/main/raw/napkin-math-test/annotated_icfg_v2.json	double_free_alloc_state	0	ff
corpus	napkin-math-test	/home/af/Documenti/a-phd/repro-results/pre-must-final118-20260919T120729Z/main/raw/napkin-math-test/annotated_icfg_v2.json	leak_alloc	0	unk
corpus	napkin-math-test	/home/af/Documenti/a-phd/repro-results/pre-must-final118-20260919T120729Z/main/raw/napkin-math-test/annotated_icfg_v2.json	leak_alloc_state	0	unk
corpus	napkin-math-test	/home/af/Documenti/a-phd/repro-results/pre-must-final118-20260919T120729Z/main/raw/napkin-math-test/annotated_icfg_v2.json	mir_rvalue_presence	0	tt
corpus	napkin-math-test	/home/af/Documenti/a-phd/repro-results/pre-must-final118-20260919T120729Z/main/raw/napkin-math-test/annotated_icfg_v2.json	mir_statement_presence	0	tt
corpus	napkin-math-test	/home/af/Documenti/a-phd/repro-results/pre-must-final118-20260919T120729Z/main/raw/napkin-math-test/annotated_icfg_v2.json	mir_structural_allocator_example	0	ff
corpus	napkin-math-test	/home/af/Documenti/a-phd/repro-results/pre-must-final118-20260919T120729Z/main/raw/napkin-math-test/annotated_icfg_v2.json	mir_terminator_presence	0	tt
corpus	napkin-math-test	/home/af/Documenti/a-phd/repro-results/pre-must-final118-20260919T120729Z/main/raw/napkin-math-test/annotated_icfg_v2.json	use_after_free_alloc	0	ff
corpus	napkin-math-test	/home/af/Documenti/a-phd/repro-results/pre-must-final118-20260919T120729Z/main/raw/napkin-math-test/annotated_icfg_v2.json	use_after_free_alloc_state	0	ff
corpus	noGenerator	/home/af/Documenti/a-phd/repro-results/pre-must-final118-20260919T120729Z/main/raw/noGenerator/annotated_icfg_v2.json	allocator_mismatch_ub	0	ff
corpus	noGenerator	/home/af/Documenti/a-phd/repro-results/pre-must-final118-20260919T120729Z/main/raw/noGenerator/annotated_icfg_v2.json	allocator_mismatch_ub_v2	0	ff
corpus	noGenerator	/home/af/Documenti/a-phd/repro-results/pre-must-final118-20260919T120729Z/main/raw/noGenerator/annotated_icfg_v2.json	double_free_alloc	0	ff
corpus	noGenerator	/home/af/Documenti/a-phd/repro-results/pre-must-final118-20260919T120729Z/main/raw/noGenerator/annotated_icfg_v2.json	double_free_alloc_state	0	ff
corpus	noGenerator	/home/af/Documenti/a-phd/repro-results/pre-must-final118-20260919T120729Z/main/raw/noGenerator/annotated_icfg_v2.json	leak_alloc	0	unk
corpus	noGenerator	/home/af/Documenti/a-phd/repro-results/pre-must-final118-20260919T120729Z/main/raw/noGenerator/annotated_icfg_v2.json	leak_alloc_state	0	unk
corpus	noGenerator	/home/af/Documenti/a-phd/repro-results/pre-must-final118-20260919T120729Z/main/raw/noGenerator/annotated_icfg_v2.json	mir_rvalue_presence	0	ff
corpus	noGenerator	/home/af/Documenti/a-phd/repro-results/pre-must-final118-20260919T120729Z/main/raw/noGenerator/annotated_icfg_v2.json	mir_statement_presence	0	tt
corpus	noGenerator	/home/af/Documenti/a-phd/repro-results/pre-must-final118-20260919T120729Z/main/raw/noGenerator/annotated_icfg_v2.json	mir_structural_allocator_example	0	ff
corpus	noGenerator	/home/af/Documenti/a-phd/repro-results/pre-must-final118-20260919T120729Z/main/raw/noGenerator/annotated_icfg_v2.json	mir_terminator_presence	0	tt
corpus	noGenerator	/home/af/Documenti/a-phd/repro-results/pre-must-final118-20260919T120729Z/main/raw/noGenerator/annotated_icfg_v2.json	use_after_free_alloc	0	ff
corpus	noGenerator	/home/af/Documenti/a-phd/repro-results/pre-must-final118-20260919T120729Z/main/raw/noGenerator/annotated_icfg_v2.json	use_after_free_alloc_state	0	ff
corpus	rc-playground	/home/af/Documenti/a-phd/repro-results/pre-must-final118-20260919T120729Z/main/raw/rc-playground/annotated_icfg_v2.json	allocator_mismatch_ub	0	ff
corpus	rc-playground	/home/af/Documenti/a-phd/repro-results/pre-must-final118-20260919T120729Z/main/raw/rc-playground/annotated_icfg_v2.json	allocator_mismatch_ub_v2	0	ff
corpus	rc-playground	/home/af/Documenti/a-phd/repro-results/pre-must-final118-20260919T120729Z/main/raw/rc-playground/annotated_icfg_v2.json	double_free_alloc	0	ff
corpus	rc-playground	/home/af/Documenti/a-phd/repro-results/pre-must-final118-20260919T120729Z/main/raw/rc-playground/annotated_icfg_v2.json	double_free_alloc_state	0	ff
corpus	rc-playground	/home/af/Documenti/a-phd/repro-results/pre-must-final118-20260919T120729Z/main/raw/rc-playground/annotated_icfg_v2.json	leak_alloc	0	unk
corpus	rc-playground	/home/af/Documenti/a-phd/repro-results/pre-must-final118-20260919T120729Z/main/raw/rc-playground/annotated_icfg_v2.json	leak_alloc_state	0	unk
corpus	rc-playground	/home/af/Documenti/a-phd/repro-results/pre-must-final118-20260919T120729Z/main/raw/rc-playground/annotated_icfg_v2.json	mir_rvalue_presence	0	tt
corpus	rc-playground	/home/af/Documenti/a-phd/repro-results/pre-must-final118-20260919T120729Z/main/raw/rc-playground/annotated_icfg_v2.json	mir_statement_presence	0	tt
corpus	rc-playground	/home/af/Documenti/a-phd/repro-results/pre-must-final118-20260919T120729Z/main/raw/rc-playground/annotated_icfg_v2.json	mir_structural_allocator_example	0	ff
corpus	rc-playground	/home/af/Documenti/a-phd/repro-results/pre-must-final118-20260919T120729Z/main/raw/rc-playground/annotated_icfg_v2.json	mir_terminator_presence	0	tt
corpus	rc-playground	/home/af/Documenti/a-phd/repro-results/pre-must-final118-20260919T120729Z/main/raw/rc-playground/annotated_icfg_v2.json	use_after_free_alloc	0	ff
corpus	rc-playground	/home/af/Documenti/a-phd/repro-results/pre-must-final118-20260919T120729Z/main/raw/rc-playground/annotated_icfg_v2.json	use_after_free_alloc_state	0	ff
corpus	rusant	/home/af/Documenti/a-phd/repro-results/pre-must-final118-20260919T120729Z/main/raw/rusant/annotated_icfg_v2.json	allocator_mismatch_ub	0	ff
corpus	rusant	/home/af/Documenti/a-phd/repro-results/pre-must-final118-20260919T120729Z/main/raw/rusant/annotated_icfg_v2.json	allocator_mismatch_ub_v2	0	ff
corpus	rusant	/home/af/Documenti/a-phd/repro-results/pre-must-final118-20260919T120729Z/main/raw/rusant/annotated_icfg_v2.json	double_free_alloc	0	ff
corpus	rusant	/home/af/Documenti/a-phd/repro-results/pre-must-final118-20260919T120729Z/main/raw/rusant/annotated_icfg_v2.json	double_free_alloc_state	0	ff
corpus	rusant	/home/af/Documenti/a-phd/repro-results/pre-must-final118-20260919T120729Z/main/raw/rusant/annotated_icfg_v2.json	leak_alloc	0	unk
corpus	rusant	/home/af/Documenti/a-phd/repro-results/pre-must-final118-20260919T120729Z/main/raw/rusant/annotated_icfg_v2.json	leak_alloc_state	0	unk
corpus	rusant	/home/af/Documenti/a-phd/repro-results/pre-must-final118-20260919T120729Z/main/raw/rusant/annotated_icfg_v2.json	mir_rvalue_presence	0	ff
corpus	rusant	/home/af/Documenti/a-phd/repro-results/pre-must-final118-20260919T120729Z/main/raw/rusant/annotated_icfg_v2.json	mir_statement_presence	0	tt
corpus	rusant	/home/af/Documenti/a-phd/repro-results/pre-must-final118-20260919T120729Z/main/raw/rusant/annotated_icfg_v2.json	mir_structural_allocator_example	0	ff
corpus	rusant	/home/af/Documenti/a-phd/repro-results/pre-must-final118-20260919T120729Z/main/raw/rusant/annotated_icfg_v2.json	mir_terminator_presence	0	tt
corpus	rusant	/home/af/Documenti/a-phd/repro-results/pre-must-final118-20260919T120729Z/main/raw/rusant/annotated_icfg_v2.json	use_after_free_alloc	0	ff
corpus	rusant	/home/af/Documenti/a-phd/repro-results/pre-must-final118-20260919T120729Z/main/raw/rusant/annotated_icfg_v2.json	use_after_free_alloc_state	0	ff
corpus	rust-boks	/home/af/Documenti/a-phd/repro-results/pre-must-final118-20260919T120729Z/main/raw/rust-boks/annotated_icfg_v2.json	allocator_mismatch_ub	0	ff
corpus	rust-boks	/home/af/Documenti/a-phd/repro-results/pre-must-final118-20260919T120729Z/main/raw/rust-boks/annotated_icfg_v2.json	allocator_mismatch_ub_v2	0	ff
corpus	rust-boks	/home/af/Documenti/a-phd/repro-results/pre-must-final118-20260919T120729Z/main/raw/rust-boks/annotated_icfg_v2.json	double_free_alloc	0	unk
corpus	rust-boks	/home/af/Documenti/a-phd/repro-results/pre-must-final118-20260919T120729Z/main/raw/rust-boks/annotated_icfg_v2.json	double_free_alloc_state	0	unk
corpus	rust-boks	/home/af/Documenti/a-phd/repro-results/pre-must-final118-20260919T120729Z/main/raw/rust-boks/annotated_icfg_v2.json	leak_alloc	0	unk
corpus	rust-boks	/home/af/Documenti/a-phd/repro-results/pre-must-final118-20260919T120729Z/main/raw/rust-boks/annotated_icfg_v2.json	leak_alloc_state	0	unk
corpus	rust-boks	/home/af/Documenti/a-phd/repro-results/pre-must-final118-20260919T120729Z/main/raw/rust-boks/annotated_icfg_v2.json	mir_rvalue_presence	0	ff
corpus	rust-boks	/home/af/Documenti/a-phd/repro-results/pre-must-final118-20260919T120729Z/main/raw/rust-boks/annotated_icfg_v2.json	mir_statement_presence	0	tt
corpus	rust-boks	/home/af/Documenti/a-phd/repro-results/pre-must-final118-20260919T120729Z/main/raw/rust-boks/annotated_icfg_v2.json	mir_structural_allocator_example	0	ff
corpus	rust-boks	/home/af/Documenti/a-phd/repro-results/pre-must-final118-20260919T120729Z/main/raw/rust-boks/annotated_icfg_v2.json	mir_terminator_presence	0	tt
corpus	rust-boks	/home/af/Documenti/a-phd/repro-results/pre-must-final118-20260919T120729Z/main/raw/rust-boks/annotated_icfg_v2.json	use_after_free_alloc	0	ff
corpus	rust-boks	/home/af/Documenti/a-phd/repro-results/pre-must-final118-20260919T120729Z/main/raw/rust-boks/annotated_icfg_v2.json	use_after_free_alloc_state	0	ff
corpus	rust_box_direct_c_free_ub	/home/af/Documenti/a-phd/repro-results/pre-must-final118-20260919T120729Z/main/raw/rust_box_direct_c_free_ub/annotated_icfg_v2.json	allocator_mismatch_ub	0	unk
corpus	rust_box_direct_c_free_ub	/home/af/Documenti/a-phd/repro-results/pre-must-final118-20260919T120729Z/main/raw/rust_box_direct_c_free_ub/annotated_icfg_v2.json	allocator_mismatch_ub_v2	0	unk
corpus	rust_box_direct_c_free_ub	/home/af/Documenti/a-phd/repro-results/pre-must-final118-20260919T120729Z/main/raw/rust_box_direct_c_free_ub/annotated_icfg_v2.json	double_free_alloc	0	ff
corpus	rust_box_direct_c_free_ub	/home/af/Documenti/a-phd/repro-results/pre-must-final118-20260919T120729Z/main/raw/rust_box_direct_c_free_ub/annotated_icfg_v2.json	double_free_alloc_state	0	ff
corpus	rust_box_direct_c_free_ub	/home/af/Documenti/a-phd/repro-results/pre-must-final118-20260919T120729Z/main/raw/rust_box_direct_c_free_ub/annotated_icfg_v2.json	leak_alloc	0	unk
corpus	rust_box_direct_c_free_ub	/home/af/Documenti/a-phd/repro-results/pre-must-final118-20260919T120729Z/main/raw/rust_box_direct_c_free_ub/annotated_icfg_v2.json	leak_alloc_state	0	unk
corpus	rust_box_direct_c_free_ub	/home/af/Documenti/a-phd/repro-results/pre-must-final118-20260919T120729Z/main/raw/rust_box_direct_c_free_ub/annotated_icfg_v2.json	mir_rvalue_presence	0	ff
corpus	rust_box_direct_c_free_ub	/home/af/Documenti/a-phd/repro-results/pre-must-final118-20260919T120729Z/main/raw/rust_box_direct_c_free_ub/annotated_icfg_v2.json	mir_statement_presence	0	ff
corpus	rust_box_direct_c_free_ub	/home/af/Documenti/a-phd/repro-results/pre-must-final118-20260919T120729Z/main/raw/rust_box_direct_c_free_ub/annotated_icfg_v2.json	mir_structural_allocator_example	0	ff
corpus	rust_box_direct_c_free_ub	/home/af/Documenti/a-phd/repro-results/pre-must-final118-20260919T120729Z/main/raw/rust_box_direct_c_free_ub/annotated_icfg_v2.json	mir_terminator_presence	0	tt
corpus	rust_box_direct_c_free_ub	/home/af/Documenti/a-phd/repro-results/pre-must-final118-20260919T120729Z/main/raw/rust_box_direct_c_free_ub/annotated_icfg_v2.json	use_after_free_alloc	0	ff
corpus	rust_box_direct_c_free_ub	/home/af/Documenti/a-phd/repro-results/pre-must-final118-20260919T120729Z/main/raw/rust_box_direct_c_free_ub/annotated_icfg_v2.json	use_after_free_alloc_state	0	ff
corpus	rust_hw3	/home/af/Documenti/a-phd/repro-results/pre-must-final118-20260919T120729Z/main/raw/rust_hw3/annotated_icfg_v2.json	allocator_mismatch_ub	0	ff
corpus	rust_hw3	/home/af/Documenti/a-phd/repro-results/pre-must-final118-20260919T120729Z/main/raw/rust_hw3/annotated_icfg_v2.json	allocator_mismatch_ub_v2	0	ff
corpus	rust_hw3	/home/af/Documenti/a-phd/repro-results/pre-must-final118-20260919T120729Z/main/raw/rust_hw3/annotated_icfg_v2.json	double_free_alloc	0	ff
corpus	rust_hw3	/home/af/Documenti/a-phd/repro-results/pre-must-final118-20260919T120729Z/main/raw/rust_hw3/annotated_icfg_v2.json	double_free_alloc_state	0	ff
corpus	rust_hw3	/home/af/Documenti/a-phd/repro-results/pre-must-final118-20260919T120729Z/main/raw/rust_hw3/annotated_icfg_v2.json	leak_alloc	0	unk
corpus	rust_hw3	/home/af/Documenti/a-phd/repro-results/pre-must-final118-20260919T120729Z/main/raw/rust_hw3/annotated_icfg_v2.json	leak_alloc_state	0	unk
corpus	rust_hw3	/home/af/Documenti/a-phd/repro-results/pre-must-final118-20260919T120729Z/main/raw/rust_hw3/annotated_icfg_v2.json	mir_rvalue_presence	0	tt
corpus	rust_hw3	/home/af/Documenti/a-phd/repro-results/pre-must-final118-20260919T120729Z/main/raw/rust_hw3/annotated_icfg_v2.json	mir_statement_presence	0	tt
corpus	rust_hw3	/home/af/Documenti/a-phd/repro-results/pre-must-final118-20260919T120729Z/main/raw/rust_hw3/annotated_icfg_v2.json	mir_structural_allocator_example	0	ff
corpus	rust_hw3	/home/af/Documenti/a-phd/repro-results/pre-must-final118-20260919T120729Z/main/raw/rust_hw3/annotated_icfg_v2.json	mir_terminator_presence	0	tt
corpus	rust_hw3	/home/af/Documenti/a-phd/repro-results/pre-must-final118-20260919T120729Z/main/raw/rust_hw3/annotated_icfg_v2.json	use_after_free_alloc	0	ff
corpus	rust_hw3	/home/af/Documenti/a-phd/repro-results/pre-must-final118-20260919T120729Z/main/raw/rust_hw3/annotated_icfg_v2.json	use_after_free_alloc_state	0	ff
corpus	rust_memory	/home/af/Documenti/a-phd/repro-results/pre-must-final118-20260919T120729Z/main/raw/rust_memory/annotated_icfg_v2.json	allocator_mismatch_ub	0	ff
corpus	rust_memory	/home/af/Documenti/a-phd/repro-results/pre-must-final118-20260919T120729Z/main/raw/rust_memory/annotated_icfg_v2.json	allocator_mismatch_ub_v2	0	ff
corpus	rust_memory	/home/af/Documenti/a-phd/repro-results/pre-must-final118-20260919T120729Z/main/raw/rust_memory/annotated_icfg_v2.json	double_free_alloc	0	ff
corpus	rust_memory	/home/af/Documenti/a-phd/repro-results/pre-must-final118-20260919T120729Z/main/raw/rust_memory/annotated_icfg_v2.json	double_free_alloc_state	0	ff
corpus	rust_memory	/home/af/Documenti/a-phd/repro-results/pre-must-final118-20260919T120729Z/main/raw/rust_memory/annotated_icfg_v2.json	leak_alloc	0	unk
corpus	rust_memory	/home/af/Documenti/a-phd/repro-results/pre-must-final118-20260919T120729Z/main/raw/rust_memory/annotated_icfg_v2.json	leak_alloc_state	0	unk
corpus	rust_memory	/home/af/Documenti/a-phd/repro-results/pre-must-final118-20260919T120729Z/main/raw/rust_memory/annotated_icfg_v2.json	mir_rvalue_presence	0	tt
corpus	rust_memory	/home/af/Documenti/a-phd/repro-results/pre-must-final118-20260919T120729Z/main/raw/rust_memory/annotated_icfg_v2.json	mir_statement_presence	0	tt
corpus	rust_memory	/home/af/Documenti/a-phd/repro-results/pre-must-final118-20260919T120729Z/main/raw/rust_memory/annotated_icfg_v2.json	mir_structural_allocator_example	0	ff
corpus	rust_memory	/home/af/Documenti/a-phd/repro-results/pre-must-final118-20260919T120729Z/main/raw/rust_memory/annotated_icfg_v2.json	mir_terminator_presence	0	tt
corpus	rust_memory	/home/af/Documenti/a-phd/repro-results/pre-must-final118-20260919T120729Z/main/raw/rust_memory/annotated_icfg_v2.json	use_after_free_alloc	0	ff
corpus	rust_memory	/home/af/Documenti/a-phd/repro-results/pre-must-final118-20260919T120729Z/main/raw/rust_memory/annotated_icfg_v2.json	use_after_free_alloc_state	0	ff
corpus	shared-register	/home/af/Documenti/a-phd/repro-results/pre-must-final118-20260919T120729Z/main/raw/shared-register/annotated_icfg_v2.json	allocator_mismatch_ub	0	ff
corpus	shared-register	/home/af/Documenti/a-phd/repro-results/pre-must-final118-20260919T120729Z/main/raw/shared-register/annotated_icfg_v2.json	allocator_mismatch_ub_v2	0	ff
corpus	shared-register	/home/af/Documenti/a-phd/repro-results/pre-must-final118-20260919T120729Z/main/raw/shared-register/annotated_icfg_v2.json	double_free_alloc	0	ff
corpus	shared-register	/home/af/Documenti/a-phd/repro-results/pre-must-final118-20260919T120729Z/main/raw/shared-register/annotated_icfg_v2.json	double_free_alloc_state	0	ff
corpus	shared-register	/home/af/Documenti/a-phd/repro-results/pre-must-final118-20260919T120729Z/main/raw/shared-register/annotated_icfg_v2.json	leak_alloc	0	unk
corpus	shared-register	/home/af/Documenti/a-phd/repro-results/pre-must-final118-20260919T120729Z/main/raw/shared-register/annotated_icfg_v2.json	leak_alloc_state	0	unk
corpus	shared-register	/home/af/Documenti/a-phd/repro-results/pre-must-final118-20260919T120729Z/main/raw/shared-register/annotated_icfg_v2.json	mir_rvalue_presence	0	tt
corpus	shared-register	/home/af/Documenti/a-phd/repro-results/pre-must-final118-20260919T120729Z/main/raw/shared-register/annotated_icfg_v2.json	mir_statement_presence	0	tt
corpus	shared-register	/home/af/Documenti/a-phd/repro-results/pre-must-final118-20260919T120729Z/main/raw/shared-register/annotated_icfg_v2.json	mir_structural_allocator_example	0	ff
corpus	shared-register	/home/af/Documenti/a-phd/repro-results/pre-must-final118-20260919T120729Z/main/raw/shared-register/annotated_icfg_v2.json	mir_terminator_presence	0	tt
corpus	shared-register	/home/af/Documenti/a-phd/repro-results/pre-must-final118-20260919T120729Z/main/raw/shared-register/annotated_icfg_v2.json	use_after_free_alloc	0	ff
corpus	shared-register	/home/af/Documenti/a-phd/repro-results/pre-must-final118-20260919T120729Z/main/raw/shared-register/annotated_icfg_v2.json	use_after_free_alloc_state	0	ff
corpus	skip-list-test	/home/af/Documenti/a-phd/repro-results/pre-must-final118-20260919T120729Z/main/raw/skip-list-test/annotated_icfg_v2.json	allocator_mismatch_ub	0	ff
corpus	skip-list-test	/home/af/Documenti/a-phd/repro-results/pre-must-final118-20260919T120729Z/main/raw/skip-list-test/annotated_icfg_v2.json	allocator_mismatch_ub_v2	0	ff
corpus	skip-list-test	/home/af/Documenti/a-phd/repro-results/pre-must-final118-20260919T120729Z/main/raw/skip-list-test/annotated_icfg_v2.json	double_free_alloc	0	ff
corpus	skip-list-test	/home/af/Documenti/a-phd/repro-results/pre-must-final118-20260919T120729Z/main/raw/skip-list-test/annotated_icfg_v2.json	double_free_alloc_state	0	ff
corpus	skip-list-test	/home/af/Documenti/a-phd/repro-results/pre-must-final118-20260919T120729Z/main/raw/skip-list-test/annotated_icfg_v2.json	leak_alloc	0	unk
corpus	skip-list-test	/home/af/Documenti/a-phd/repro-results/pre-must-final118-20260919T120729Z/main/raw/skip-list-test/annotated_icfg_v2.json	leak_alloc_state	0	unk
corpus	skip-list-test	/home/af/Documenti/a-phd/repro-results/pre-must-final118-20260919T120729Z/main/raw/skip-list-test/annotated_icfg_v2.json	mir_rvalue_presence	0	ff
corpus	skip-list-test	/home/af/Documenti/a-phd/repro-results/pre-must-final118-20260919T120729Z/main/raw/skip-list-test/annotated_icfg_v2.json	mir_statement_presence	0	tt
corpus	skip-list-test	/home/af/Documenti/a-phd/repro-results/pre-must-final118-20260919T120729Z/main/raw/skip-list-test/annotated_icfg_v2.json	mir_structural_allocator_example	0	ff
corpus	skip-list-test	/home/af/Documenti/a-phd/repro-results/pre-must-final118-20260919T120729Z/main/raw/skip-list-test/annotated_icfg_v2.json	mir_terminator_presence	0	tt
corpus	skip-list-test	/home/af/Documenti/a-phd/repro-results/pre-must-final118-20260919T120729Z/main/raw/skip-list-test/annotated_icfg_v2.json	use_after_free_alloc	0	ff
corpus	skip-list-test	/home/af/Documenti/a-phd/repro-results/pre-must-final118-20260919T120729Z/main/raw/skip-list-test/annotated_icfg_v2.json	use_after_free_alloc_state	0	ff
corpus	square	/home/af/Documenti/a-phd/repro-results/pre-must-final118-20260919T120729Z/main/raw/square/annotated_icfg_v2.json	allocator_mismatch_ub	0	ff
corpus	square	/home/af/Documenti/a-phd/repro-results/pre-must-final118-20260919T120729Z/main/raw/square/annotated_icfg_v2.json	allocator_mismatch_ub_v2	0	ff
corpus	square	/home/af/Documenti/a-phd/repro-results/pre-must-final118-20260919T120729Z/main/raw/square/annotated_icfg_v2.json	double_free_alloc	0	ff
corpus	square	/home/af/Documenti/a-phd/repro-results/pre-must-final118-20260919T120729Z/main/raw/square/annotated_icfg_v2.json	double_free_alloc_state	0	ff
corpus	square	/home/af/Documenti/a-phd/repro-results/pre-must-final118-20260919T120729Z/main/raw/square/annotated_icfg_v2.json	leak_alloc	0	ff
corpus	square	/home/af/Documenti/a-phd/repro-results/pre-must-final118-20260919T120729Z/main/raw/square/annotated_icfg_v2.json	leak_alloc_state	0	ff
corpus	square	/home/af/Documenti/a-phd/repro-results/pre-must-final118-20260919T120729Z/main/raw/square/annotated_icfg_v2.json	mir_rvalue_presence	0	ff
corpus	square	/home/af/Documenti/a-phd/repro-results/pre-must-final118-20260919T120729Z/main/raw/square/annotated_icfg_v2.json	mir_statement_presence	0	ff
corpus	square	/home/af/Documenti/a-phd/repro-results/pre-must-final118-20260919T120729Z/main/raw/square/annotated_icfg_v2.json	mir_structural_allocator_example	0	ff
corpus	square	/home/af/Documenti/a-phd/repro-results/pre-must-final118-20260919T120729Z/main/raw/square/annotated_icfg_v2.json	mir_terminator_presence	0	tt
corpus	square	/home/af/Documenti/a-phd/repro-results/pre-must-final118-20260919T120729Z/main/raw/square/annotated_icfg_v2.json	use_after_free_alloc	0	ff
corpus	square	/home/af/Documenti/a-phd/repro-results/pre-must-final118-20260919T120729Z/main/raw/square/annotated_icfg_v2.json	use_after_free_alloc_state	0	ff
corpus	stackswap-coroutines	/home/af/Documenti/a-phd/repro-results/pre-must-final118-20260919T120729Z/main/raw/stackswap-coroutines/annotated_icfg_v2.json	allocator_mismatch_ub	0	ff
corpus	stackswap-coroutines	/home/af/Documenti/a-phd/repro-results/pre-must-final118-20260919T120729Z/main/raw/stackswap-coroutines/annotated_icfg_v2.json	allocator_mismatch_ub_v2	0	ff
corpus	stackswap-coroutines	/home/af/Documenti/a-phd/repro-results/pre-must-final118-20260919T120729Z/main/raw/stackswap-coroutines/annotated_icfg_v2.json	double_free_alloc	0	ff
corpus	stackswap-coroutines	/home/af/Documenti/a-phd/repro-results/pre-must-final118-20260919T120729Z/main/raw/stackswap-coroutines/annotated_icfg_v2.json	double_free_alloc_state	0	ff
corpus	stackswap-coroutines	/home/af/Documenti/a-phd/repro-results/pre-must-final118-20260919T120729Z/main/raw/stackswap-coroutines/annotated_icfg_v2.json	leak_alloc	0	ff
corpus	stackswap-coroutines	/home/af/Documenti/a-phd/repro-results/pre-must-final118-20260919T120729Z/main/raw/stackswap-coroutines/annotated_icfg_v2.json	leak_alloc_state	0	ff
corpus	stackswap-coroutines	/home/af/Documenti/a-phd/repro-results/pre-must-final118-20260919T120729Z/main/raw/stackswap-coroutines/annotated_icfg_v2.json	mir_rvalue_presence	0	ff
corpus	stackswap-coroutines	/home/af/Documenti/a-phd/repro-results/pre-must-final118-20260919T120729Z/main/raw/stackswap-coroutines/annotated_icfg_v2.json	mir_statement_presence	0	ff
corpus	stackswap-coroutines	/home/af/Documenti/a-phd/repro-results/pre-must-final118-20260919T120729Z/main/raw/stackswap-coroutines/annotated_icfg_v2.json	mir_structural_allocator_example	0	ff
corpus	stackswap-coroutines	/home/af/Documenti/a-phd/repro-results/pre-must-final118-20260919T120729Z/main/raw/stackswap-coroutines/annotated_icfg_v2.json	mir_terminator_presence	0	tt
corpus	stackswap-coroutines	/home/af/Documenti/a-phd/repro-results/pre-must-final118-20260919T120729Z/main/raw/stackswap-coroutines/annotated_icfg_v2.json	use_after_free_alloc	0	ff
corpus	stackswap-coroutines	/home/af/Documenti/a-phd/repro-results/pre-must-final118-20260919T120729Z/main/raw/stackswap-coroutines/annotated_icfg_v2.json	use_after_free_alloc_state	0	ff
corpus	std_mem_forget_mem_leak_rust	/home/af/Documenti/a-phd/repro-results/pre-must-final118-20260919T120729Z/main/raw/std_mem_forget_mem_leak_rust/annotated_icfg_v2.json	allocator_mismatch_ub	0	ff
corpus	std_mem_forget_mem_leak_rust	/home/af/Documenti/a-phd/repro-results/pre-must-final118-20260919T120729Z/main/raw/std_mem_forget_mem_leak_rust/annotated_icfg_v2.json	allocator_mismatch_ub_v2	0	ff
corpus	std_mem_forget_mem_leak_rust	/home/af/Documenti/a-phd/repro-results/pre-must-final118-20260919T120729Z/main/raw/std_mem_forget_mem_leak_rust/annotated_icfg_v2.json	double_free_alloc	0	ff
corpus	std_mem_forget_mem_leak_rust	/home/af/Documenti/a-phd/repro-results/pre-must-final118-20260919T120729Z/main/raw/std_mem_forget_mem_leak_rust/annotated_icfg_v2.json	double_free_alloc_state	0	ff
corpus	std_mem_forget_mem_leak_rust	/home/af/Documenti/a-phd/repro-results/pre-must-final118-20260919T120729Z/main/raw/std_mem_forget_mem_leak_rust/annotated_icfg_v2.json	leak_alloc	0	unk
corpus	std_mem_forget_mem_leak_rust	/home/af/Documenti/a-phd/repro-results/pre-must-final118-20260919T120729Z/main/raw/std_mem_forget_mem_leak_rust/annotated_icfg_v2.json	leak_alloc_state	0	unk
corpus	std_mem_forget_mem_leak_rust	/home/af/Documenti/a-phd/repro-results/pre-must-final118-20260919T120729Z/main/raw/std_mem_forget_mem_leak_rust/annotated_icfg_v2.json	mir_rvalue_presence	0	ff
corpus	std_mem_forget_mem_leak_rust	/home/af/Documenti/a-phd/repro-results/pre-must-final118-20260919T120729Z/main/raw/std_mem_forget_mem_leak_rust/annotated_icfg_v2.json	mir_statement_presence	0	tt
corpus	std_mem_forget_mem_leak_rust	/home/af/Documenti/a-phd/repro-results/pre-must-final118-20260919T120729Z/main/raw/std_mem_forget_mem_leak_rust/annotated_icfg_v2.json	mir_structural_allocator_example	0	ff
corpus	std_mem_forget_mem_leak_rust	/home/af/Documenti/a-phd/repro-results/pre-must-final118-20260919T120729Z/main/raw/std_mem_forget_mem_leak_rust/annotated_icfg_v2.json	mir_terminator_presence	0	tt
corpus	std_mem_forget_mem_leak_rust	/home/af/Documenti/a-phd/repro-results/pre-must-final118-20260919T120729Z/main/raw/std_mem_forget_mem_leak_rust/annotated_icfg_v2.json	use_after_free_alloc	0	ff
corpus	std_mem_forget_mem_leak_rust	/home/af/Documenti/a-phd/repro-results/pre-must-final118-20260919T120729Z/main/raw/std_mem_forget_mem_leak_rust/annotated_icfg_v2.json	use_after_free_alloc_state	0	ff
corpus	struct_point_df_only_rust	/home/af/Documenti/a-phd/repro-results/pre-must-final118-20260919T120729Z/main/raw/struct_point_df_only_rust/annotated_icfg_v2.json	allocator_mismatch_ub	0	ff
corpus	struct_point_df_only_rust	/home/af/Documenti/a-phd/repro-results/pre-must-final118-20260919T120729Z/main/raw/struct_point_df_only_rust/annotated_icfg_v2.json	allocator_mismatch_ub_v2	0	ff
corpus	struct_point_df_only_rust	/home/af/Documenti/a-phd/repro-results/pre-must-final118-20260919T120729Z/main/raw/struct_point_df_only_rust/annotated_icfg_v2.json	double_free_alloc	0	unk
corpus	struct_point_df_only_rust	/home/af/Documenti/a-phd/repro-results/pre-must-final118-20260919T120729Z/main/raw/struct_point_df_only_rust/annotated_icfg_v2.json	double_free_alloc_state	0	unk
corpus	struct_point_df_only_rust	/home/af/Documenti/a-phd/repro-results/pre-must-final118-20260919T120729Z/main/raw/struct_point_df_only_rust/annotated_icfg_v2.json	leak_alloc	0	unk
corpus	struct_point_df_only_rust	/home/af/Documenti/a-phd/repro-results/pre-must-final118-20260919T120729Z/main/raw/struct_point_df_only_rust/annotated_icfg_v2.json	leak_alloc_state	0	unk
corpus	struct_point_df_only_rust	/home/af/Documenti/a-phd/repro-results/pre-must-final118-20260919T120729Z/main/raw/struct_point_df_only_rust/annotated_icfg_v2.json	mir_rvalue_presence	0	ff
corpus	struct_point_df_only_rust	/home/af/Documenti/a-phd/repro-results/pre-must-final118-20260919T120729Z/main/raw/struct_point_df_only_rust/annotated_icfg_v2.json	mir_statement_presence	0	tt
corpus	struct_point_df_only_rust	/home/af/Documenti/a-phd/repro-results/pre-must-final118-20260919T120729Z/main/raw/struct_point_df_only_rust/annotated_icfg_v2.json	mir_structural_allocator_example	0	ff
corpus	struct_point_df_only_rust	/home/af/Documenti/a-phd/repro-results/pre-must-final118-20260919T120729Z/main/raw/struct_point_df_only_rust/annotated_icfg_v2.json	mir_terminator_presence	0	tt
corpus	struct_point_df_only_rust	/home/af/Documenti/a-phd/repro-results/pre-must-final118-20260919T120729Z/main/raw/struct_point_df_only_rust/annotated_icfg_v2.json	use_after_free_alloc	0	ff
corpus	struct_point_df_only_rust	/home/af/Documenti/a-phd/repro-results/pre-must-final118-20260919T120729Z/main/raw/struct_point_df_only_rust/annotated_icfg_v2.json	use_after_free_alloc_state	0	ff
corpus	struct_point_mem_leak	/home/af/Documenti/a-phd/repro-results/pre-must-final118-20260919T120729Z/main/raw/struct_point_mem_leak/annotated_icfg_v2.json	allocator_mismatch_ub	0	ff
corpus	struct_point_mem_leak	/home/af/Documenti/a-phd/repro-results/pre-must-final118-20260919T120729Z/main/raw/struct_point_mem_leak/annotated_icfg_v2.json	allocator_mismatch_ub_v2	0	ff
corpus	struct_point_mem_leak	/home/af/Documenti/a-phd/repro-results/pre-must-final118-20260919T120729Z/main/raw/struct_point_mem_leak/annotated_icfg_v2.json	double_free_alloc	0	unk
corpus	struct_point_mem_leak	/home/af/Documenti/a-phd/repro-results/pre-must-final118-20260919T120729Z/main/raw/struct_point_mem_leak/annotated_icfg_v2.json	double_free_alloc_state	0	unk
corpus	struct_point_mem_leak	/home/af/Documenti/a-phd/repro-results/pre-must-final118-20260919T120729Z/main/raw/struct_point_mem_leak/annotated_icfg_v2.json	leak_alloc	0	unk
corpus	struct_point_mem_leak	/home/af/Documenti/a-phd/repro-results/pre-must-final118-20260919T120729Z/main/raw/struct_point_mem_leak/annotated_icfg_v2.json	leak_alloc_state	0	unk
corpus	struct_point_mem_leak	/home/af/Documenti/a-phd/repro-results/pre-must-final118-20260919T120729Z/main/raw/struct_point_mem_leak/annotated_icfg_v2.json	mir_rvalue_presence	0	ff
corpus	struct_point_mem_leak	/home/af/Documenti/a-phd/repro-results/pre-must-final118-20260919T120729Z/main/raw/struct_point_mem_leak/annotated_icfg_v2.json	mir_statement_presence	0	tt
corpus	struct_point_mem_leak	/home/af/Documenti/a-phd/repro-results/pre-must-final118-20260919T120729Z/main/raw/struct_point_mem_leak/annotated_icfg_v2.json	mir_structural_allocator_example	0	ff
corpus	struct_point_mem_leak	/home/af/Documenti/a-phd/repro-results/pre-must-final118-20260919T120729Z/main/raw/struct_point_mem_leak/annotated_icfg_v2.json	mir_terminator_presence	0	tt
corpus	struct_point_mem_leak	/home/af/Documenti/a-phd/repro-results/pre-must-final118-20260919T120729Z/main/raw/struct_point_mem_leak/annotated_icfg_v2.json	use_after_free_alloc	0	ff
corpus	struct_point_mem_leak	/home/af/Documenti/a-phd/repro-results/pre-must-final118-20260919T120729Z/main/raw/struct_point_mem_leak/annotated_icfg_v2.json	use_after_free_alloc_state	0	ff
corpus	uaf-df-mail-lillo	/home/af/Documenti/a-phd/repro-results/pre-must-final118-20260919T120729Z/main/raw/uaf-df-mail-lillo/annotated_icfg_v2.json	allocator_mismatch_ub	0	unk
corpus	uaf-df-mail-lillo	/home/af/Documenti/a-phd/repro-results/pre-must-final118-20260919T120729Z/main/raw/uaf-df-mail-lillo/annotated_icfg_v2.json	allocator_mismatch_ub_v2	0	unk
corpus	uaf-df-mail-lillo	/home/af/Documenti/a-phd/repro-results/pre-must-final118-20260919T120729Z/main/raw/uaf-df-mail-lillo/annotated_icfg_v2.json	double_free_alloc	0	unk
corpus	uaf-df-mail-lillo	/home/af/Documenti/a-phd/repro-results/pre-must-final118-20260919T120729Z/main/raw/uaf-df-mail-lillo/annotated_icfg_v2.json	double_free_alloc_state	0	unk
corpus	uaf-df-mail-lillo	/home/af/Documenti/a-phd/repro-results/pre-must-final118-20260919T120729Z/main/raw/uaf-df-mail-lillo/annotated_icfg_v2.json	leak_alloc	0	unk
corpus	uaf-df-mail-lillo	/home/af/Documenti/a-phd/repro-results/pre-must-final118-20260919T120729Z/main/raw/uaf-df-mail-lillo/annotated_icfg_v2.json	leak_alloc_state	0	unk
corpus	uaf-df-mail-lillo	/home/af/Documenti/a-phd/repro-results/pre-must-final118-20260919T120729Z/main/raw/uaf-df-mail-lillo/annotated_icfg_v2.json	mir_rvalue_presence	0	ff
corpus	uaf-df-mail-lillo	/home/af/Documenti/a-phd/repro-results/pre-must-final118-20260919T120729Z/main/raw/uaf-df-mail-lillo/annotated_icfg_v2.json	mir_statement_presence	0	tt
corpus	uaf-df-mail-lillo	/home/af/Documenti/a-phd/repro-results/pre-must-final118-20260919T120729Z/main/raw/uaf-df-mail-lillo/annotated_icfg_v2.json	mir_structural_allocator_example	0	ff
corpus	uaf-df-mail-lillo	/home/af/Documenti/a-phd/repro-results/pre-must-final118-20260919T120729Z/main/raw/uaf-df-mail-lillo/annotated_icfg_v2.json	mir_terminator_presence	0	tt
corpus	uaf-df-mail-lillo	/home/af/Documenti/a-phd/repro-results/pre-must-final118-20260919T120729Z/main/raw/uaf-df-mail-lillo/annotated_icfg_v2.json	use_after_free_alloc	0	unk
corpus	uaf-df-mail-lillo	/home/af/Documenti/a-phd/repro-results/pre-must-final118-20260919T120729Z/main/raw/uaf-df-mail-lillo/annotated_icfg_v2.json	use_after_free_alloc_state	0	unk
corpus	uaf_mem_leak_ffi	/home/af/Documenti/a-phd/repro-results/pre-must-final118-20260919T120729Z/main/raw/uaf_mem_leak_ffi/annotated_icfg_v2.json	allocator_mismatch_ub	0	unk
corpus	uaf_mem_leak_ffi	/home/af/Documenti/a-phd/repro-results/pre-must-final118-20260919T120729Z/main/raw/uaf_mem_leak_ffi/annotated_icfg_v2.json	allocator_mismatch_ub_v2	0	unk
corpus	uaf_mem_leak_ffi	/home/af/Documenti/a-phd/repro-results/pre-must-final118-20260919T120729Z/main/raw/uaf_mem_leak_ffi/annotated_icfg_v2.json	double_free_alloc	0	ff
corpus	uaf_mem_leak_ffi	/home/af/Documenti/a-phd/repro-results/pre-must-final118-20260919T120729Z/main/raw/uaf_mem_leak_ffi/annotated_icfg_v2.json	double_free_alloc_state	0	ff
corpus	uaf_mem_leak_ffi	/home/af/Documenti/a-phd/repro-results/pre-must-final118-20260919T120729Z/main/raw/uaf_mem_leak_ffi/annotated_icfg_v2.json	leak_alloc	0	unk
corpus	uaf_mem_leak_ffi	/home/af/Documenti/a-phd/repro-results/pre-must-final118-20260919T120729Z/main/raw/uaf_mem_leak_ffi/annotated_icfg_v2.json	leak_alloc_state	0	unk
corpus	uaf_mem_leak_ffi	/home/af/Documenti/a-phd/repro-results/pre-must-final118-20260919T120729Z/main/raw/uaf_mem_leak_ffi/annotated_icfg_v2.json	mir_rvalue_presence	0	ff
corpus	uaf_mem_leak_ffi	/home/af/Documenti/a-phd/repro-results/pre-must-final118-20260919T120729Z/main/raw/uaf_mem_leak_ffi/annotated_icfg_v2.json	mir_statement_presence	0	tt
corpus	uaf_mem_leak_ffi	/home/af/Documenti/a-phd/repro-results/pre-must-final118-20260919T120729Z/main/raw/uaf_mem_leak_ffi/annotated_icfg_v2.json	mir_structural_allocator_example	0	ff
corpus	uaf_mem_leak_ffi	/home/af/Documenti/a-phd/repro-results/pre-must-final118-20260919T120729Z/main/raw/uaf_mem_leak_ffi/annotated_icfg_v2.json	mir_terminator_presence	0	tt
corpus	uaf_mem_leak_ffi	/home/af/Documenti/a-phd/repro-results/pre-must-final118-20260919T120729Z/main/raw/uaf_mem_leak_ffi/annotated_icfg_v2.json	use_after_free_alloc	0	unk
corpus	uaf_mem_leak_ffi	/home/af/Documenti/a-phd/repro-results/pre-must-final118-20260919T120729Z/main/raw/uaf_mem_leak_ffi/annotated_icfg_v2.json	use_after_free_alloc_state	0	unk
corpus	uaf_read_ptr	/home/af/Documenti/a-phd/repro-results/pre-must-final118-20260919T120729Z/main/raw/uaf_read_ptr/annotated_icfg_v2.json	allocator_mismatch_ub	0	ff
corpus	uaf_read_ptr	/home/af/Documenti/a-phd/repro-results/pre-must-final118-20260919T120729Z/main/raw/uaf_read_ptr/annotated_icfg_v2.json	allocator_mismatch_ub_v2	0	ff
corpus	uaf_read_ptr	/home/af/Documenti/a-phd/repro-results/pre-must-final118-20260919T120729Z/main/raw/uaf_read_ptr/annotated_icfg_v2.json	double_free_alloc	0	ff
corpus	uaf_read_ptr	/home/af/Documenti/a-phd/repro-results/pre-must-final118-20260919T120729Z/main/raw/uaf_read_ptr/annotated_icfg_v2.json	double_free_alloc_state	0	ff
corpus	uaf_read_ptr	/home/af/Documenti/a-phd/repro-results/pre-must-final118-20260919T120729Z/main/raw/uaf_read_ptr/annotated_icfg_v2.json	leak_alloc	0	unk
corpus	uaf_read_ptr	/home/af/Documenti/a-phd/repro-results/pre-must-final118-20260919T120729Z/main/raw/uaf_read_ptr/annotated_icfg_v2.json	leak_alloc_state	0	unk
corpus	uaf_read_ptr	/home/af/Documenti/a-phd/repro-results/pre-must-final118-20260919T120729Z/main/raw/uaf_read_ptr/annotated_icfg_v2.json	mir_rvalue_presence	0	ff
corpus	uaf_read_ptr	/home/af/Documenti/a-phd/repro-results/pre-must-final118-20260919T120729Z/main/raw/uaf_read_ptr/annotated_icfg_v2.json	mir_statement_presence	0	tt
corpus	uaf_read_ptr	/home/af/Documenti/a-phd/repro-results/pre-must-final118-20260919T120729Z/main/raw/uaf_read_ptr/annotated_icfg_v2.json	mir_structural_allocator_example	0	ff
corpus	uaf_read_ptr	/home/af/Documenti/a-phd/repro-results/pre-must-final118-20260919T120729Z/main/raw/uaf_read_ptr/annotated_icfg_v2.json	mir_terminator_presence	0	tt
corpus	uaf_read_ptr	/home/af/Documenti/a-phd/repro-results/pre-must-final118-20260919T120729Z/main/raw/uaf_read_ptr/annotated_icfg_v2.json	use_after_free_alloc	0	unk
corpus	uaf_read_ptr	/home/af/Documenti/a-phd/repro-results/pre-must-final118-20260919T120729Z/main/raw/uaf_read_ptr/annotated_icfg_v2.json	use_after_free_alloc_state	0	unk
corpus	unsafely-created-owned-type	/home/af/Documenti/a-phd/repro-results/pre-must-final118-20260919T120729Z/main/raw/unsafely-created-owned-type/annotated_icfg_v2.json	allocator_mismatch_ub	0	ff
corpus	unsafely-created-owned-type	/home/af/Documenti/a-phd/repro-results/pre-must-final118-20260919T120729Z/main/raw/unsafely-created-owned-type/annotated_icfg_v2.json	allocator_mismatch_ub_v2	0	ff
corpus	unsafely-created-owned-type	/home/af/Documenti/a-phd/repro-results/pre-must-final118-20260919T120729Z/main/raw/unsafely-created-owned-type/annotated_icfg_v2.json	double_free_alloc	0	ff
corpus	unsafely-created-owned-type	/home/af/Documenti/a-phd/repro-results/pre-must-final118-20260919T120729Z/main/raw/unsafely-created-owned-type/annotated_icfg_v2.json	double_free_alloc_state	0	ff
corpus	unsafely-created-owned-type	/home/af/Documenti/a-phd/repro-results/pre-must-final118-20260919T120729Z/main/raw/unsafely-created-owned-type/annotated_icfg_v2.json	leak_alloc	0	unk
corpus	unsafely-created-owned-type	/home/af/Documenti/a-phd/repro-results/pre-must-final118-20260919T120729Z/main/raw/unsafely-created-owned-type/annotated_icfg_v2.json	leak_alloc_state	0	unk
corpus	unsafely-created-owned-type	/home/af/Documenti/a-phd/repro-results/pre-must-final118-20260919T120729Z/main/raw/unsafely-created-owned-type/annotated_icfg_v2.json	mir_rvalue_presence	0	ff
corpus	unsafely-created-owned-type	/home/af/Documenti/a-phd/repro-results/pre-must-final118-20260919T120729Z/main/raw/unsafely-created-owned-type/annotated_icfg_v2.json	mir_statement_presence	0	tt
corpus	unsafely-created-owned-type	/home/af/Documenti/a-phd/repro-results/pre-must-final118-20260919T120729Z/main/raw/unsafely-created-owned-type/annotated_icfg_v2.json	mir_structural_allocator_example	0	ff
corpus	unsafely-created-owned-type	/home/af/Documenti/a-phd/repro-results/pre-must-final118-20260919T120729Z/main/raw/unsafely-created-owned-type/annotated_icfg_v2.json	mir_terminator_presence	0	tt
corpus	unsafely-created-owned-type	/home/af/Documenti/a-phd/repro-results/pre-must-final118-20260919T120729Z/main/raw/unsafely-created-owned-type/annotated_icfg_v2.json	use_after_free_alloc	0	ff
corpus	unsafely-created-owned-type	/home/af/Documenti/a-phd/repro-results/pre-must-final118-20260919T120729Z/main/raw/unsafely-created-owned-type/annotated_icfg_v2.json	use_after_free_alloc_state	0	ff
corpus	unsized_struct	/home/af/Documenti/a-phd/repro-results/pre-must-final118-20260919T120729Z/main/raw/unsized_struct/annotated_icfg_v2.json	allocator_mismatch_ub	0	ff
corpus	unsized_struct	/home/af/Documenti/a-phd/repro-results/pre-must-final118-20260919T120729Z/main/raw/unsized_struct/annotated_icfg_v2.json	allocator_mismatch_ub_v2	0	ff
corpus	unsized_struct	/home/af/Documenti/a-phd/repro-results/pre-must-final118-20260919T120729Z/main/raw/unsized_struct/annotated_icfg_v2.json	double_free_alloc	0	ff
corpus	unsized_struct	/home/af/Documenti/a-phd/repro-results/pre-must-final118-20260919T120729Z/main/raw/unsized_struct/annotated_icfg_v2.json	double_free_alloc_state	0	ff
corpus	unsized_struct	/home/af/Documenti/a-phd/repro-results/pre-must-final118-20260919T120729Z/main/raw/unsized_struct/annotated_icfg_v2.json	leak_alloc	0	ff
corpus	unsized_struct	/home/af/Documenti/a-phd/repro-results/pre-must-final118-20260919T120729Z/main/raw/unsized_struct/annotated_icfg_v2.json	leak_alloc_state	0	ff
corpus	unsized_struct	/home/af/Documenti/a-phd/repro-results/pre-must-final118-20260919T120729Z/main/raw/unsized_struct/annotated_icfg_v2.json	mir_rvalue_presence	0	tt
corpus	unsized_struct	/home/af/Documenti/a-phd/repro-results/pre-must-final118-20260919T120729Z/main/raw/unsized_struct/annotated_icfg_v2.json	mir_statement_presence	0	tt
corpus	unsized_struct	/home/af/Documenti/a-phd/repro-results/pre-must-final118-20260919T120729Z/main/raw/unsized_struct/annotated_icfg_v2.json	mir_structural_allocator_example	0	ff
corpus	unsized_struct	/home/af/Documenti/a-phd/repro-results/pre-must-final118-20260919T120729Z/main/raw/unsized_struct/annotated_icfg_v2.json	mir_terminator_presence	0	tt
corpus	unsized_struct	/home/af/Documenti/a-phd/repro-results/pre-must-final118-20260919T120729Z/main/raw/unsized_struct/annotated_icfg_v2.json	use_after_free_alloc	0	ff
corpus	unsized_struct	/home/af/Documenti/a-phd/repro-results/pre-must-final118-20260919T120729Z/main/raw/unsized_struct/annotated_icfg_v2.json	use_after_free_alloc_state	0	ff
corpus	vuln_only_mem_leak_but_df_branch_overapprox_FFI	/home/af/Documenti/a-phd/repro-results/pre-must-final118-20260919T120729Z/main/raw/vuln_only_mem_leak_but_df_branch_overapprox_FFI/annotated_icfg_v2.json	allocator_mismatch_ub	0	unk
corpus	vuln_only_mem_leak_but_df_branch_overapprox_FFI	/home/af/Documenti/a-phd/repro-results/pre-must-final118-20260919T120729Z/main/raw/vuln_only_mem_leak_but_df_branch_overapprox_FFI/annotated_icfg_v2.json	allocator_mismatch_ub_v2	0	unk
corpus	vuln_only_mem_leak_but_df_branch_overapprox_FFI	/home/af/Documenti/a-phd/repro-results/pre-must-final118-20260919T120729Z/main/raw/vuln_only_mem_leak_but_df_branch_overapprox_FFI/annotated_icfg_v2.json	double_free_alloc	0	unk
corpus	vuln_only_mem_leak_but_df_branch_overapprox_FFI	/home/af/Documenti/a-phd/repro-results/pre-must-final118-20260919T120729Z/main/raw/vuln_only_mem_leak_but_df_branch_overapprox_FFI/annotated_icfg_v2.json	double_free_alloc_state	0	unk
corpus	vuln_only_mem_leak_but_df_branch_overapprox_FFI	/home/af/Documenti/a-phd/repro-results/pre-must-final118-20260919T120729Z/main/raw/vuln_only_mem_leak_but_df_branch_overapprox_FFI/annotated_icfg_v2.json	leak_alloc	0	unk
corpus	vuln_only_mem_leak_but_df_branch_overapprox_FFI	/home/af/Documenti/a-phd/repro-results/pre-must-final118-20260919T120729Z/main/raw/vuln_only_mem_leak_but_df_branch_overapprox_FFI/annotated_icfg_v2.json	leak_alloc_state	0	unk
corpus	vuln_only_mem_leak_but_df_branch_overapprox_FFI	/home/af/Documenti/a-phd/repro-results/pre-must-final118-20260919T120729Z/main/raw/vuln_only_mem_leak_but_df_branch_overapprox_FFI/annotated_icfg_v2.json	mir_rvalue_presence	0	ff
corpus	vuln_only_mem_leak_but_df_branch_overapprox_FFI	/home/af/Documenti/a-phd/repro-results/pre-must-final118-20260919T120729Z/main/raw/vuln_only_mem_leak_but_df_branch_overapprox_FFI/annotated_icfg_v2.json	mir_statement_presence	0	tt
corpus	vuln_only_mem_leak_but_df_branch_overapprox_FFI	/home/af/Documenti/a-phd/repro-results/pre-must-final118-20260919T120729Z/main/raw/vuln_only_mem_leak_but_df_branch_overapprox_FFI/annotated_icfg_v2.json	mir_structural_allocator_example	0	ff
corpus	vuln_only_mem_leak_but_df_branch_overapprox_FFI	/home/af/Documenti/a-phd/repro-results/pre-must-final118-20260919T120729Z/main/raw/vuln_only_mem_leak_but_df_branch_overapprox_FFI/annotated_icfg_v2.json	mir_terminator_presence	0	tt
corpus	vuln_only_mem_leak_but_df_branch_overapprox_FFI	/home/af/Documenti/a-phd/repro-results/pre-must-final118-20260919T120729Z/main/raw/vuln_only_mem_leak_but_df_branch_overapprox_FFI/annotated_icfg_v2.json	use_after_free_alloc	0	unk
corpus	vuln_only_mem_leak_but_df_branch_overapprox_FFI	/home/af/Documenti/a-phd/repro-results/pre-must-final118-20260919T120729Z/main/raw/vuln_only_mem_leak_but_df_branch_overapprox_FFI/annotated_icfg_v2.json	use_after_free_alloc_state	0	unk
corpus	warning_ub_bool	/home/af/Documenti/a-phd/repro-results/pre-must-final118-20260919T120729Z/main/raw/warning_ub_bool/annotated_icfg_v2.json	allocator_mismatch_ub	0	unk
corpus	warning_ub_bool	/home/af/Documenti/a-phd/repro-results/pre-must-final118-20260919T120729Z/main/raw/warning_ub_bool/annotated_icfg_v2.json	allocator_mismatch_ub_v2	0	unk
corpus	warning_ub_bool	/home/af/Documenti/a-phd/repro-results/pre-must-final118-20260919T120729Z/main/raw/warning_ub_bool/annotated_icfg_v2.json	double_free_alloc	0	ff
corpus	warning_ub_bool	/home/af/Documenti/a-phd/repro-results/pre-must-final118-20260919T120729Z/main/raw/warning_ub_bool/annotated_icfg_v2.json	double_free_alloc_state	0	ff
corpus	warning_ub_bool	/home/af/Documenti/a-phd/repro-results/pre-must-final118-20260919T120729Z/main/raw/warning_ub_bool/annotated_icfg_v2.json	leak_alloc	0	unk
corpus	warning_ub_bool	/home/af/Documenti/a-phd/repro-results/pre-must-final118-20260919T120729Z/main/raw/warning_ub_bool/annotated_icfg_v2.json	leak_alloc_state	0	unk
corpus	warning_ub_bool	/home/af/Documenti/a-phd/repro-results/pre-must-final118-20260919T120729Z/main/raw/warning_ub_bool/annotated_icfg_v2.json	mir_rvalue_presence	0	ff
corpus	warning_ub_bool	/home/af/Documenti/a-phd/repro-results/pre-must-final118-20260919T120729Z/main/raw/warning_ub_bool/annotated_icfg_v2.json	mir_statement_presence	0	tt
corpus	warning_ub_bool	/home/af/Documenti/a-phd/repro-results/pre-must-final118-20260919T120729Z/main/raw/warning_ub_bool/annotated_icfg_v2.json	mir_structural_allocator_example	0	ff
corpus	warning_ub_bool	/home/af/Documenti/a-phd/repro-results/pre-must-final118-20260919T120729Z/main/raw/warning_ub_bool/annotated_icfg_v2.json	mir_terminator_presence	0	tt
corpus	warning_ub_bool	/home/af/Documenti/a-phd/repro-results/pre-must-final118-20260919T120729Z/main/raw/warning_ub_bool/annotated_icfg_v2.json	use_after_free_alloc	0	ff
corpus	warning_ub_bool	/home/af/Documenti/a-phd/repro-results/pre-must-final118-20260919T120729Z/main/raw/warning_ub_bool/annotated_icfg_v2.json	use_after_free_alloc_state	0	ff
corpus	warning_ub_int	/home/af/Documenti/a-phd/repro-results/pre-must-final118-20260919T120729Z/main/raw/warning_ub_int/annotated_icfg_v2.json	allocator_mismatch_ub	0	unk
corpus	warning_ub_int	/home/af/Documenti/a-phd/repro-results/pre-must-final118-20260919T120729Z/main/raw/warning_ub_int/annotated_icfg_v2.json	allocator_mismatch_ub_v2	0	unk
corpus	warning_ub_int	/home/af/Documenti/a-phd/repro-results/pre-must-final118-20260919T120729Z/main/raw/warning_ub_int/annotated_icfg_v2.json	double_free_alloc	0	ff
corpus	warning_ub_int	/home/af/Documenti/a-phd/repro-results/pre-must-final118-20260919T120729Z/main/raw/warning_ub_int/annotated_icfg_v2.json	double_free_alloc_state	0	ff
corpus	warning_ub_int	/home/af/Documenti/a-phd/repro-results/pre-must-final118-20260919T120729Z/main/raw/warning_ub_int/annotated_icfg_v2.json	leak_alloc	0	unk
corpus	warning_ub_int	/home/af/Documenti/a-phd/repro-results/pre-must-final118-20260919T120729Z/main/raw/warning_ub_int/annotated_icfg_v2.json	leak_alloc_state	0	unk
corpus	warning_ub_int	/home/af/Documenti/a-phd/repro-results/pre-must-final118-20260919T120729Z/main/raw/warning_ub_int/annotated_icfg_v2.json	mir_rvalue_presence	0	ff
corpus	warning_ub_int	/home/af/Documenti/a-phd/repro-results/pre-must-final118-20260919T120729Z/main/raw/warning_ub_int/annotated_icfg_v2.json	mir_statement_presence	0	ff
corpus	warning_ub_int	/home/af/Documenti/a-phd/repro-results/pre-must-final118-20260919T120729Z/main/raw/warning_ub_int/annotated_icfg_v2.json	mir_structural_allocator_example	0	ff
corpus	warning_ub_int	/home/af/Documenti/a-phd/repro-results/pre-must-final118-20260919T120729Z/main/raw/warning_ub_int/annotated_icfg_v2.json	mir_terminator_presence	0	tt
corpus	warning_ub_int	/home/af/Documenti/a-phd/repro-results/pre-must-final118-20260919T120729Z/main/raw/warning_ub_int/annotated_icfg_v2.json	use_after_free_alloc	0	ff
corpus	warning_ub_int	/home/af/Documenti/a-phd/repro-results/pre-must-final118-20260919T120729Z/main/raw/warning_ub_int/annotated_icfg_v2.json	use_after_free_alloc_state	0	ff
corpus	warning_ub_mult	/home/af/Documenti/a-phd/repro-results/pre-must-final118-20260919T120729Z/main/raw/warning_ub_mult/annotated_icfg_v2.json	allocator_mismatch_ub	0	unk
corpus	warning_ub_mult	/home/af/Documenti/a-phd/repro-results/pre-must-final118-20260919T120729Z/main/raw/warning_ub_mult/annotated_icfg_v2.json	allocator_mismatch_ub_v2	0	unk
corpus	warning_ub_mult	/home/af/Documenti/a-phd/repro-results/pre-must-final118-20260919T120729Z/main/raw/warning_ub_mult/annotated_icfg_v2.json	double_free_alloc	0	ff
corpus	warning_ub_mult	/home/af/Documenti/a-phd/repro-results/pre-must-final118-20260919T120729Z/main/raw/warning_ub_mult/annotated_icfg_v2.json	double_free_alloc_state	0	ff
corpus	warning_ub_mult	/home/af/Documenti/a-phd/repro-results/pre-must-final118-20260919T120729Z/main/raw/warning_ub_mult/annotated_icfg_v2.json	leak_alloc	0	unk
corpus	warning_ub_mult	/home/af/Documenti/a-phd/repro-results/pre-must-final118-20260919T120729Z/main/raw/warning_ub_mult/annotated_icfg_v2.json	leak_alloc_state	0	unk
corpus	warning_ub_mult	/home/af/Documenti/a-phd/repro-results/pre-must-final118-20260919T120729Z/main/raw/warning_ub_mult/annotated_icfg_v2.json	mir_rvalue_presence	0	ff
corpus	warning_ub_mult	/home/af/Documenti/a-phd/repro-results/pre-must-final118-20260919T120729Z/main/raw/warning_ub_mult/annotated_icfg_v2.json	mir_statement_presence	0	tt
corpus	warning_ub_mult	/home/af/Documenti/a-phd/repro-results/pre-must-final118-20260919T120729Z/main/raw/warning_ub_mult/annotated_icfg_v2.json	mir_structural_allocator_example	0	ff
corpus	warning_ub_mult	/home/af/Documenti/a-phd/repro-results/pre-must-final118-20260919T120729Z/main/raw/warning_ub_mult/annotated_icfg_v2.json	mir_terminator_presence	0	tt
corpus	warning_ub_mult	/home/af/Documenti/a-phd/repro-results/pre-must-final118-20260919T120729Z/main/raw/warning_ub_mult/annotated_icfg_v2.json	use_after_free_alloc	0	ff
corpus	warning_ub_mult	/home/af/Documenti/a-phd/repro-results/pre-must-final118-20260919T120729Z/main/raw/warning_ub_mult/annotated_icfg_v2.json	use_after_free_alloc_state	0	ff
corpus	warning_ub_string	/home/af/Documenti/a-phd/repro-results/pre-must-final118-20260919T120729Z/main/raw/warning_ub_string/annotated_icfg_v2.json	allocator_mismatch_ub	0	unk
corpus	warning_ub_string	/home/af/Documenti/a-phd/repro-results/pre-must-final118-20260919T120729Z/main/raw/warning_ub_string/annotated_icfg_v2.json	allocator_mismatch_ub_v2	0	unk
corpus	warning_ub_string	/home/af/Documenti/a-phd/repro-results/pre-must-final118-20260919T120729Z/main/raw/warning_ub_string/annotated_icfg_v2.json	double_free_alloc	0	ff
corpus	warning_ub_string	/home/af/Documenti/a-phd/repro-results/pre-must-final118-20260919T120729Z/main/raw/warning_ub_string/annotated_icfg_v2.json	double_free_alloc_state	0	ff
corpus	warning_ub_string	/home/af/Documenti/a-phd/repro-results/pre-must-final118-20260919T120729Z/main/raw/warning_ub_string/annotated_icfg_v2.json	leak_alloc	0	unk
corpus	warning_ub_string	/home/af/Documenti/a-phd/repro-results/pre-must-final118-20260919T120729Z/main/raw/warning_ub_string/annotated_icfg_v2.json	leak_alloc_state	0	unk
corpus	warning_ub_string	/home/af/Documenti/a-phd/repro-results/pre-must-final118-20260919T120729Z/main/raw/warning_ub_string/annotated_icfg_v2.json	mir_rvalue_presence	0	ff
corpus	warning_ub_string	/home/af/Documenti/a-phd/repro-results/pre-must-final118-20260919T120729Z/main/raw/warning_ub_string/annotated_icfg_v2.json	mir_statement_presence	0	tt
corpus	warning_ub_string	/home/af/Documenti/a-phd/repro-results/pre-must-final118-20260919T120729Z/main/raw/warning_ub_string/annotated_icfg_v2.json	mir_structural_allocator_example	0	ff
corpus	warning_ub_string	/home/af/Documenti/a-phd/repro-results/pre-must-final118-20260919T120729Z/main/raw/warning_ub_string/annotated_icfg_v2.json	mir_terminator_presence	0	tt
corpus	warning_ub_string	/home/af/Documenti/a-phd/repro-results/pre-must-final118-20260919T120729Z/main/raw/warning_ub_string/annotated_icfg_v2.json	use_after_free_alloc	0	ff
corpus	warning_ub_string	/home/af/Documenti/a-phd/repro-results/pre-must-final118-20260919T120729Z/main/raw/warning_ub_string/annotated_icfg_v2.json	use_after_free_alloc_state	0	ff
corpus	wasm-demo	/home/af/Documenti/a-phd/repro-results/pre-must-final118-20260919T120729Z/main/raw/wasm-demo/annotated_icfg_v2.json	allocator_mismatch_ub	0	ff
corpus	wasm-demo	/home/af/Documenti/a-phd/repro-results/pre-must-final118-20260919T120729Z/main/raw/wasm-demo/annotated_icfg_v2.json	allocator_mismatch_ub_v2	0	ff
corpus	wasm-demo	/home/af/Documenti/a-phd/repro-results/pre-must-final118-20260919T120729Z/main/raw/wasm-demo/annotated_icfg_v2.json	double_free_alloc	0	ff
corpus	wasm-demo	/home/af/Documenti/a-phd/repro-results/pre-must-final118-20260919T120729Z/main/raw/wasm-demo/annotated_icfg_v2.json	double_free_alloc_state	0	ff
corpus	wasm-demo	/home/af/Documenti/a-phd/repro-results/pre-must-final118-20260919T120729Z/main/raw/wasm-demo/annotated_icfg_v2.json	leak_alloc	0	unk
corpus	wasm-demo	/home/af/Documenti/a-phd/repro-results/pre-must-final118-20260919T120729Z/main/raw/wasm-demo/annotated_icfg_v2.json	leak_alloc_state	0	unk
corpus	wasm-demo	/home/af/Documenti/a-phd/repro-results/pre-must-final118-20260919T120729Z/main/raw/wasm-demo/annotated_icfg_v2.json	mir_rvalue_presence	0	ff
corpus	wasm-demo	/home/af/Documenti/a-phd/repro-results/pre-must-final118-20260919T120729Z/main/raw/wasm-demo/annotated_icfg_v2.json	mir_statement_presence	0	tt
corpus	wasm-demo	/home/af/Documenti/a-phd/repro-results/pre-must-final118-20260919T120729Z/main/raw/wasm-demo/annotated_icfg_v2.json	mir_structural_allocator_example	0	ff
corpus	wasm-demo	/home/af/Documenti/a-phd/repro-results/pre-must-final118-20260919T120729Z/main/raw/wasm-demo/annotated_icfg_v2.json	mir_terminator_presence	0	tt
corpus	wasm-demo	/home/af/Documenti/a-phd/repro-results/pre-must-final118-20260919T120729Z/main/raw/wasm-demo/annotated_icfg_v2.json	use_after_free_alloc	0	ff
corpus	wasm-demo	/home/af/Documenti/a-phd/repro-results/pre-must-final118-20260919T120729Z/main/raw/wasm-demo/annotated_icfg_v2.json	use_after_free_alloc_state	0	ff
corpus	whisper-rs-example	/home/af/Documenti/a-phd/repro-results/pre-must-final118-20260919T120729Z/main/raw/whisper-rs-example/annotated_icfg_v2.json	allocator_mismatch_ub	0	ff
corpus	whisper-rs-example	/home/af/Documenti/a-phd/repro-results/pre-must-final118-20260919T120729Z/main/raw/whisper-rs-example/annotated_icfg_v2.json	allocator_mismatch_ub_v2	0	ff
corpus	whisper-rs-example	/home/af/Documenti/a-phd/repro-results/pre-must-final118-20260919T120729Z/main/raw/whisper-rs-example/annotated_icfg_v2.json	double_free_alloc	0	ff
corpus	whisper-rs-example	/home/af/Documenti/a-phd/repro-results/pre-must-final118-20260919T120729Z/main/raw/whisper-rs-example/annotated_icfg_v2.json	double_free_alloc_state	0	ff
corpus	whisper-rs-example	/home/af/Documenti/a-phd/repro-results/pre-must-final118-20260919T120729Z/main/raw/whisper-rs-example/annotated_icfg_v2.json	leak_alloc	0	unk
corpus	whisper-rs-example	/home/af/Documenti/a-phd/repro-results/pre-must-final118-20260919T120729Z/main/raw/whisper-rs-example/annotated_icfg_v2.json	leak_alloc_state	0	unk
corpus	whisper-rs-example	/home/af/Documenti/a-phd/repro-results/pre-must-final118-20260919T120729Z/main/raw/whisper-rs-example/annotated_icfg_v2.json	mir_rvalue_presence	0	ff
corpus	whisper-rs-example	/home/af/Documenti/a-phd/repro-results/pre-must-final118-20260919T120729Z/main/raw/whisper-rs-example/annotated_icfg_v2.json	mir_statement_presence	0	tt
corpus	whisper-rs-example	/home/af/Documenti/a-phd/repro-results/pre-must-final118-20260919T120729Z/main/raw/whisper-rs-example/annotated_icfg_v2.json	mir_structural_allocator_example	0	ff
corpus	whisper-rs-example	/home/af/Documenti/a-phd/repro-results/pre-must-final118-20260919T120729Z/main/raw/whisper-rs-example/annotated_icfg_v2.json	mir_terminator_presence	0	tt
corpus	whisper-rs-example	/home/af/Documenti/a-phd/repro-results/pre-must-final118-20260919T120729Z/main/raw/whisper-rs-example/annotated_icfg_v2.json	use_after_free_alloc	0	ff
corpus	whisper-rs-example	/home/af/Documenti/a-phd/repro-results/pre-must-final118-20260919T120729Z/main/raw/whisper-rs-example/annotated_icfg_v2.json	use_after_free_alloc_state	0	ff
experimental	bmulti_clean_two_args_ffi	/home/af/Documenti/a-phd/repro-results/pre-must-final118-20260919T120729Z/experimental/raw/bmulti_clean_two_args_ffi/annotated_icfg_v2.json	allocator_mismatch_ub	0	ff
experimental	bmulti_clean_two_args_ffi	/home/af/Documenti/a-phd/repro-results/pre-must-final118-20260919T120729Z/experimental/raw/bmulti_clean_two_args_ffi/annotated_icfg_v2.json	allocator_mismatch_ub_v2	0	ff
experimental	bmulti_clean_two_args_ffi	/home/af/Documenti/a-phd/repro-results/pre-must-final118-20260919T120729Z/experimental/raw/bmulti_clean_two_args_ffi/annotated_icfg_v2.json	double_free_alloc	0	ff
experimental	bmulti_clean_two_args_ffi	/home/af/Documenti/a-phd/repro-results/pre-must-final118-20260919T120729Z/experimental/raw/bmulti_clean_two_args_ffi/annotated_icfg_v2.json	double_free_alloc_state	0	ff
experimental	bmulti_clean_two_args_ffi	/home/af/Documenti/a-phd/repro-results/pre-must-final118-20260919T120729Z/experimental/raw/bmulti_clean_two_args_ffi/annotated_icfg_v2.json	leak_alloc	0	unk
experimental	bmulti_clean_two_args_ffi	/home/af/Documenti/a-phd/repro-results/pre-must-final118-20260919T120729Z/experimental/raw/bmulti_clean_two_args_ffi/annotated_icfg_v2.json	leak_alloc_state	0	unk
experimental	bmulti_clean_two_args_ffi	/home/af/Documenti/a-phd/repro-results/pre-must-final118-20260919T120729Z/experimental/raw/bmulti_clean_two_args_ffi/annotated_icfg_v2.json	mir_rvalue_presence	0	ff
experimental	bmulti_clean_two_args_ffi	/home/af/Documenti/a-phd/repro-results/pre-must-final118-20260919T120729Z/experimental/raw/bmulti_clean_two_args_ffi/annotated_icfg_v2.json	mir_statement_presence	0	ff
experimental	bmulti_clean_two_args_ffi	/home/af/Documenti/a-phd/repro-results/pre-must-final118-20260919T120729Z/experimental/raw/bmulti_clean_two_args_ffi/annotated_icfg_v2.json	mir_structural_allocator_example	0	ff
experimental	bmulti_clean_two_args_ffi	/home/af/Documenti/a-phd/repro-results/pre-must-final118-20260919T120729Z/experimental/raw/bmulti_clean_two_args_ffi/annotated_icfg_v2.json	mir_terminator_presence	0	tt
experimental	bmulti_clean_two_args_ffi	/home/af/Documenti/a-phd/repro-results/pre-must-final118-20260919T120729Z/experimental/raw/bmulti_clean_two_args_ffi/annotated_icfg_v2.json	use_after_free_alloc	0	ff
experimental	bmulti_clean_two_args_ffi	/home/af/Documenti/a-phd/repro-results/pre-must-final118-20260919T120729Z/experimental/raw/bmulti_clean_two_args_ffi/annotated_icfg_v2.json	use_after_free_alloc_state	0	ff
experimental	bmulti_df_second_ffi	/home/af/Documenti/a-phd/repro-results/pre-must-final118-20260919T120729Z/experimental/raw/bmulti_df_second_ffi/annotated_icfg_v2.json	allocator_mismatch_ub	0	unk
experimental	bmulti_df_second_ffi	/home/af/Documenti/a-phd/repro-results/pre-must-final118-20260919T120729Z/experimental/raw/bmulti_df_second_ffi/annotated_icfg_v2.json	allocator_mismatch_ub_v2	0	unk
experimental	bmulti_df_second_ffi	/home/af/Documenti/a-phd/repro-results/pre-must-final118-20260919T120729Z/experimental/raw/bmulti_df_second_ffi/annotated_icfg_v2.json	double_free_alloc	0	unk
experimental	bmulti_df_second_ffi	/home/af/Documenti/a-phd/repro-results/pre-must-final118-20260919T120729Z/experimental/raw/bmulti_df_second_ffi/annotated_icfg_v2.json	double_free_alloc_state	0	unk
experimental	bmulti_df_second_ffi	/home/af/Documenti/a-phd/repro-results/pre-must-final118-20260919T120729Z/experimental/raw/bmulti_df_second_ffi/annotated_icfg_v2.json	leak_alloc	0	unk
experimental	bmulti_df_second_ffi	/home/af/Documenti/a-phd/repro-results/pre-must-final118-20260919T120729Z/experimental/raw/bmulti_df_second_ffi/annotated_icfg_v2.json	leak_alloc_state	0	unk
experimental	bmulti_df_second_ffi	/home/af/Documenti/a-phd/repro-results/pre-must-final118-20260919T120729Z/experimental/raw/bmulti_df_second_ffi/annotated_icfg_v2.json	mir_rvalue_presence	0	ff
experimental	bmulti_df_second_ffi	/home/af/Documenti/a-phd/repro-results/pre-must-final118-20260919T120729Z/experimental/raw/bmulti_df_second_ffi/annotated_icfg_v2.json	mir_statement_presence	0	ff
experimental	bmulti_df_second_ffi	/home/af/Documenti/a-phd/repro-results/pre-must-final118-20260919T120729Z/experimental/raw/bmulti_df_second_ffi/annotated_icfg_v2.json	mir_structural_allocator_example	0	ff
experimental	bmulti_df_second_ffi	/home/af/Documenti/a-phd/repro-results/pre-must-final118-20260919T120729Z/experimental/raw/bmulti_df_second_ffi/annotated_icfg_v2.json	mir_terminator_presence	0	tt
experimental	bmulti_df_second_ffi	/home/af/Documenti/a-phd/repro-results/pre-must-final118-20260919T120729Z/experimental/raw/bmulti_df_second_ffi/annotated_icfg_v2.json	use_after_free_alloc	0	ff
experimental	bmulti_df_second_ffi	/home/af/Documenti/a-phd/repro-results/pre-must-final118-20260919T120729Z/experimental/raw/bmulti_df_second_ffi/annotated_icfg_v2.json	use_after_free_alloc_state	0	ff
experimental	bmulti_leak_second_ffi	/home/af/Documenti/a-phd/repro-results/pre-must-final118-20260919T120729Z/experimental/raw/bmulti_leak_second_ffi/annotated_icfg_v2.json	allocator_mismatch_ub	0	unk
experimental	bmulti_leak_second_ffi	/home/af/Documenti/a-phd/repro-results/pre-must-final118-20260919T120729Z/experimental/raw/bmulti_leak_second_ffi/annotated_icfg_v2.json	allocator_mismatch_ub_v2	0	unk
experimental	bmulti_leak_second_ffi	/home/af/Documenti/a-phd/repro-results/pre-must-final118-20260919T120729Z/experimental/raw/bmulti_leak_second_ffi/annotated_icfg_v2.json	double_free_alloc	0	ff
experimental	bmulti_leak_second_ffi	/home/af/Documenti/a-phd/repro-results/pre-must-final118-20260919T120729Z/experimental/raw/bmulti_leak_second_ffi/annotated_icfg_v2.json	double_free_alloc_state	0	ff
experimental	bmulti_leak_second_ffi	/home/af/Documenti/a-phd/repro-results/pre-must-final118-20260919T120729Z/experimental/raw/bmulti_leak_second_ffi/annotated_icfg_v2.json	leak_alloc	0	unk
experimental	bmulti_leak_second_ffi	/home/af/Documenti/a-phd/repro-results/pre-must-final118-20260919T120729Z/experimental/raw/bmulti_leak_second_ffi/annotated_icfg_v2.json	leak_alloc_state	0	unk
experimental	bmulti_leak_second_ffi	/home/af/Documenti/a-phd/repro-results/pre-must-final118-20260919T120729Z/experimental/raw/bmulti_leak_second_ffi/annotated_icfg_v2.json	mir_rvalue_presence	0	ff
experimental	bmulti_leak_second_ffi	/home/af/Documenti/a-phd/repro-results/pre-must-final118-20260919T120729Z/experimental/raw/bmulti_leak_second_ffi/annotated_icfg_v2.json	mir_statement_presence	0	ff
experimental	bmulti_leak_second_ffi	/home/af/Documenti/a-phd/repro-results/pre-must-final118-20260919T120729Z/experimental/raw/bmulti_leak_second_ffi/annotated_icfg_v2.json	mir_structural_allocator_example	0	ff
experimental	bmulti_leak_second_ffi	/home/af/Documenti/a-phd/repro-results/pre-must-final118-20260919T120729Z/experimental/raw/bmulti_leak_second_ffi/annotated_icfg_v2.json	mir_terminator_presence	0	tt
experimental	bmulti_leak_second_ffi	/home/af/Documenti/a-phd/repro-results/pre-must-final118-20260919T120729Z/experimental/raw/bmulti_leak_second_ffi/annotated_icfg_v2.json	use_after_free_alloc	0	ff
experimental	bmulti_leak_second_ffi	/home/af/Documenti/a-phd/repro-results/pre-must-final118-20260919T120729Z/experimental/raw/bmulti_leak_second_ffi/annotated_icfg_v2.json	use_after_free_alloc_state	0	ff
experimental	bmulti_uaf_second_ffi	/home/af/Documenti/a-phd/repro-results/pre-must-final118-20260919T120729Z/experimental/raw/bmulti_uaf_second_ffi/annotated_icfg_v2.json	allocator_mismatch_ub	0	unk
experimental	bmulti_uaf_second_ffi	/home/af/Documenti/a-phd/repro-results/pre-must-final118-20260919T120729Z/experimental/raw/bmulti_uaf_second_ffi/annotated_icfg_v2.json	allocator_mismatch_ub_v2	0	unk
experimental	bmulti_uaf_second_ffi	/home/af/Documenti/a-phd/repro-results/pre-must-final118-20260919T120729Z/experimental/raw/bmulti_uaf_second_ffi/annotated_icfg_v2.json	double_free_alloc	0	ff
experimental	bmulti_uaf_second_ffi	/home/af/Documenti/a-phd/repro-results/pre-must-final118-20260919T120729Z/experimental/raw/bmulti_uaf_second_ffi/annotated_icfg_v2.json	double_free_alloc_state	0	ff
experimental	bmulti_uaf_second_ffi	/home/af/Documenti/a-phd/repro-results/pre-must-final118-20260919T120729Z/experimental/raw/bmulti_uaf_second_ffi/annotated_icfg_v2.json	leak_alloc	0	unk
experimental	bmulti_uaf_second_ffi	/home/af/Documenti/a-phd/repro-results/pre-must-final118-20260919T120729Z/experimental/raw/bmulti_uaf_second_ffi/annotated_icfg_v2.json	leak_alloc_state	0	unk
experimental	bmulti_uaf_second_ffi	/home/af/Documenti/a-phd/repro-results/pre-must-final118-20260919T120729Z/experimental/raw/bmulti_uaf_second_ffi/annotated_icfg_v2.json	mir_rvalue_presence	0	ff
experimental	bmulti_uaf_second_ffi	/home/af/Documenti/a-phd/repro-results/pre-must-final118-20260919T120729Z/experimental/raw/bmulti_uaf_second_ffi/annotated_icfg_v2.json	mir_statement_presence	0	tt
experimental	bmulti_uaf_second_ffi	/home/af/Documenti/a-phd/repro-results/pre-must-final118-20260919T120729Z/experimental/raw/bmulti_uaf_second_ffi/annotated_icfg_v2.json	mir_structural_allocator_example	0	ff
experimental	bmulti_uaf_second_ffi	/home/af/Documenti/a-phd/repro-results/pre-must-final118-20260919T120729Z/experimental/raw/bmulti_uaf_second_ffi/annotated_icfg_v2.json	mir_terminator_presence	0	tt
experimental	bmulti_uaf_second_ffi	/home/af/Documenti/a-phd/repro-results/pre-must-final118-20260919T120729Z/experimental/raw/bmulti_uaf_second_ffi/annotated_icfg_v2.json	use_after_free_alloc	0	unk
experimental	bmulti_uaf_second_ffi	/home/af/Documenti/a-phd/repro-results/pre-must-final118-20260919T120729Z/experimental/raw/bmulti_uaf_second_ffi/annotated_icfg_v2.json	use_after_free_alloc_state	0	unk
registry	unicode-ident-1.0.18	/home/af/Documenti/a-phd/repro-results/pre-must-final118-20260919T120729Z/registry/unicode-ident-1.0.18/analysis/annotated_icfg_v2.json	allocator_mismatch_ub	0	ff
registry	unicode-ident-1.0.18	/home/af/Documenti/a-phd/repro-results/pre-must-final118-20260919T120729Z/registry/unicode-ident-1.0.18/analysis/annotated_icfg_v2.json	allocator_mismatch_ub_v2	0	ff
registry	unicode-ident-1.0.18	/home/af/Documenti/a-phd/repro-results/pre-must-final118-20260919T120729Z/registry/unicode-ident-1.0.18/analysis/annotated_icfg_v2.json	double_free_alloc	0	ff
registry	unicode-ident-1.0.18	/home/af/Documenti/a-phd/repro-results/pre-must-final118-20260919T120729Z/registry/unicode-ident-1.0.18/analysis/annotated_icfg_v2.json	double_free_alloc_state	0	ff
registry	unicode-ident-1.0.18	/home/af/Documenti/a-phd/repro-results/pre-must-final118-20260919T120729Z/registry/unicode-ident-1.0.18/analysis/annotated_icfg_v2.json	leak_alloc	0	ff
registry	unicode-ident-1.0.18	/home/af/Documenti/a-phd/repro-results/pre-must-final118-20260919T120729Z/registry/unicode-ident-1.0.18/analysis/annotated_icfg_v2.json	leak_alloc_state	0	ff
registry	unicode-ident-1.0.18	/home/af/Documenti/a-phd/repro-results/pre-must-final118-20260919T120729Z/registry/unicode-ident-1.0.18/analysis/annotated_icfg_v2.json	mir_rvalue_presence	0	tt
registry	unicode-ident-1.0.18	/home/af/Documenti/a-phd/repro-results/pre-must-final118-20260919T120729Z/registry/unicode-ident-1.0.18/analysis/annotated_icfg_v2.json	mir_statement_presence	0	tt
registry	unicode-ident-1.0.18	/home/af/Documenti/a-phd/repro-results/pre-must-final118-20260919T120729Z/registry/unicode-ident-1.0.18/analysis/annotated_icfg_v2.json	mir_structural_allocator_example	0	ff
registry	unicode-ident-1.0.18	/home/af/Documenti/a-phd/repro-results/pre-must-final118-20260919T120729Z/registry/unicode-ident-1.0.18/analysis/annotated_icfg_v2.json	mir_terminator_presence	0	tt
registry	unicode-ident-1.0.18	/home/af/Documenti/a-phd/repro-results/pre-must-final118-20260919T120729Z/registry/unicode-ident-1.0.18/analysis/annotated_icfg_v2.json	use_after_free_alloc	0	ff
registry	unicode-ident-1.0.18	/home/af/Documenti/a-phd/repro-results/pre-must-final118-20260919T120729Z/registry/unicode-ident-1.0.18/analysis/annotated_icfg_v2.json	use_after_free_alloc_state	0	ff
registry	ryu-1.0.20	/home/af/Documenti/a-phd/repro-results/pre-must-final118-20260919T120729Z/registry/ryu-1.0.20/analysis/annotated_icfg_v2.json	allocator_mismatch_ub	0	ff
registry	ryu-1.0.20	/home/af/Documenti/a-phd/repro-results/pre-must-final118-20260919T120729Z/registry/ryu-1.0.20/analysis/annotated_icfg_v2.json	allocator_mismatch_ub_v2	0	ff
registry	ryu-1.0.20	/home/af/Documenti/a-phd/repro-results/pre-must-final118-20260919T120729Z/registry/ryu-1.0.20/analysis/annotated_icfg_v2.json	double_free_alloc	0	ff
registry	ryu-1.0.20	/home/af/Documenti/a-phd/repro-results/pre-must-final118-20260919T120729Z/registry/ryu-1.0.20/analysis/annotated_icfg_v2.json	double_free_alloc_state	0	ff
registry	ryu-1.0.20	/home/af/Documenti/a-phd/repro-results/pre-must-final118-20260919T120729Z/registry/ryu-1.0.20/analysis/annotated_icfg_v2.json	leak_alloc	0	ff
registry	ryu-1.0.20	/home/af/Documenti/a-phd/repro-results/pre-must-final118-20260919T120729Z/registry/ryu-1.0.20/analysis/annotated_icfg_v2.json	leak_alloc_state	0	ff
registry	ryu-1.0.20	/home/af/Documenti/a-phd/repro-results/pre-must-final118-20260919T120729Z/registry/ryu-1.0.20/analysis/annotated_icfg_v2.json	mir_rvalue_presence	0	tt
registry	ryu-1.0.20	/home/af/Documenti/a-phd/repro-results/pre-must-final118-20260919T120729Z/registry/ryu-1.0.20/analysis/annotated_icfg_v2.json	mir_statement_presence	0	tt
registry	ryu-1.0.20	/home/af/Documenti/a-phd/repro-results/pre-must-final118-20260919T120729Z/registry/ryu-1.0.20/analysis/annotated_icfg_v2.json	mir_structural_allocator_example	0	ff
registry	ryu-1.0.20	/home/af/Documenti/a-phd/repro-results/pre-must-final118-20260919T120729Z/registry/ryu-1.0.20/analysis/annotated_icfg_v2.json	mir_terminator_presence	0	tt
registry	ryu-1.0.20	/home/af/Documenti/a-phd/repro-results/pre-must-final118-20260919T120729Z/registry/ryu-1.0.20/analysis/annotated_icfg_v2.json	use_after_free_alloc	0	ff
registry	ryu-1.0.20	/home/af/Documenti/a-phd/repro-results/pre-must-final118-20260919T120729Z/registry/ryu-1.0.20/analysis/annotated_icfg_v2.json	use_after_free_alloc_state	0	ff
registry	memchr-2.7.4	/home/af/Documenti/a-phd/repro-results/pre-must-final118-20260919T120729Z/registry/memchr-2.7.4/analysis/annotated_icfg_v2.json	allocator_mismatch_ub	0	ff
registry	memchr-2.7.4	/home/af/Documenti/a-phd/repro-results/pre-must-final118-20260919T120729Z/registry/memchr-2.7.4/analysis/annotated_icfg_v2.json	allocator_mismatch_ub_v2	0	ff
registry	memchr-2.7.4	/home/af/Documenti/a-phd/repro-results/pre-must-final118-20260919T120729Z/registry/memchr-2.7.4/analysis/annotated_icfg_v2.json	double_free_alloc	0	ff
registry	memchr-2.7.4	/home/af/Documenti/a-phd/repro-results/pre-must-final118-20260919T120729Z/registry/memchr-2.7.4/analysis/annotated_icfg_v2.json	double_free_alloc_state	0	ff
registry	memchr-2.7.4	/home/af/Documenti/a-phd/repro-results/pre-must-final118-20260919T120729Z/registry/memchr-2.7.4/analysis/annotated_icfg_v2.json	leak_alloc	0	ff
registry	memchr-2.7.4	/home/af/Documenti/a-phd/repro-results/pre-must-final118-20260919T120729Z/registry/memchr-2.7.4/analysis/annotated_icfg_v2.json	leak_alloc_state	0	ff
registry	memchr-2.7.4	/home/af/Documenti/a-phd/repro-results/pre-must-final118-20260919T120729Z/registry/memchr-2.7.4/analysis/annotated_icfg_v2.json	mir_rvalue_presence	0	tt
registry	memchr-2.7.4	/home/af/Documenti/a-phd/repro-results/pre-must-final118-20260919T120729Z/registry/memchr-2.7.4/analysis/annotated_icfg_v2.json	mir_statement_presence	0	tt
registry	memchr-2.7.4	/home/af/Documenti/a-phd/repro-results/pre-must-final118-20260919T120729Z/registry/memchr-2.7.4/analysis/annotated_icfg_v2.json	mir_structural_allocator_example	0	ff
registry	memchr-2.7.4	/home/af/Documenti/a-phd/repro-results/pre-must-final118-20260919T120729Z/registry/memchr-2.7.4/analysis/annotated_icfg_v2.json	mir_terminator_presence	0	tt
registry	memchr-2.7.4	/home/af/Documenti/a-phd/repro-results/pre-must-final118-20260919T120729Z/registry/memchr-2.7.4/analysis/annotated_icfg_v2.json	use_after_free_alloc	0	ff
registry	memchr-2.7.4	/home/af/Documenti/a-phd/repro-results/pre-must-final118-20260919T120729Z/registry/memchr-2.7.4/analysis/annotated_icfg_v2.json	use_after_free_alloc_state	0	ff
