group	target	query	r2_truth	stripped_truth	truth_same	assessment_same
corpus	boxed_bool__df	allocator_mismatch_ub.cqpl	ff	ff	True	True
corpus	boxed_bool__df	allocator_mismatch_ub_v2.cqpl	ff	ff	True	True
corpus	boxed_bool__df	double_free_alloc.cqpl	unk	unk	True	True
corpus	boxed_bool__df	double_free_alloc_state.cqpl	unk	unk	True	True
corpus	boxed_bool__df	leak_alloc.cqpl	unk	unk	True	True
corpus	boxed_bool__df	leak_alloc_state.cqpl	unk	unk	True	True
corpus	boxed_bool__df	mir_rvalue_presence.cqpl	ff	ff	True	True
corpus	boxed_bool__df	mir_statement_presence.cqpl	tt	tt	True	True
corpus	boxed_bool__df	mir_structural_allocator_example.cqpl	ff	ff	True	True
corpus	boxed_bool__df	mir_terminator_presence.cqpl	tt	tt	True	True
corpus	boxed_bool__df	use_after_free_alloc.cqpl	ff	ff	True	True
corpus	boxed_bool__df	use_after_free_alloc_state.cqpl	ff	ff	True	True
corpus	boxed_bool__ml	allocator_mismatch_ub.cqpl	ff	ff	True	True
corpus	boxed_bool__ml	allocator_mismatch_ub_v2.cqpl	ff	ff	True	True
corpus	boxed_bool__ml	double_free_alloc.cqpl	ff	ff	True	True
corpus	boxed_bool__ml	double_free_alloc_state.cqpl	ff	ff	True	True
corpus	boxed_bool__ml	leak_alloc.cqpl	unk	unk	True	True
corpus	boxed_bool__ml	leak_alloc_state.cqpl	unk	unk	True	True
corpus	boxed_bool__ml	mir_rvalue_presence.cqpl	ff	ff	True	True
corpus	boxed_bool__ml	mir_statement_presence.cqpl	tt	tt	True	True
corpus	boxed_bool__ml	mir_structural_allocator_example.cqpl	ff	ff	True	True
corpus	boxed_bool__ml	mir_terminator_presence.cqpl	tt	tt	True	True
corpus	boxed_bool__ml	use_after_free_alloc.cqpl	ff	ff	True	True
corpus	boxed_bool__ml	use_after_free_alloc_state.cqpl	ff	ff	True	True
corpus	boxed_bool__uaf	allocator_mismatch_ub.cqpl	ff	ff	True	True
corpus	boxed_bool__uaf	allocator_mismatch_ub_v2.cqpl	ff	ff	True	True
corpus	boxed_bool__uaf	double_free_alloc.cqpl	unk	unk	True	True
corpus	boxed_bool__uaf	double_free_alloc_state.cqpl	unk	unk	True	True
corpus	boxed_bool__uaf	leak_alloc.cqpl	unk	unk	True	True
corpus	boxed_bool__uaf	leak_alloc_state.cqpl	unk	unk	True	True
corpus	boxed_bool__uaf	mir_rvalue_presence.cqpl	ff	ff	True	True
corpus	boxed_bool__uaf	mir_statement_presence.cqpl	tt	tt	True	True
corpus	boxed_bool__uaf	mir_structural_allocator_example.cqpl	ff	ff	True	True
corpus	boxed_bool__uaf	mir_terminator_presence.cqpl	tt	tt	True	True
corpus	boxed_bool__uaf	use_after_free_alloc.cqpl	unk	unk	True	True
corpus	boxed_bool__uaf	use_after_free_alloc_state.cqpl	unk	unk	True	True
corpus	boxed_char__df	allocator_mismatch_ub.cqpl	ff	ff	True	True
corpus	boxed_char__df	allocator_mismatch_ub_v2.cqpl	ff	ff	True	True
corpus	boxed_char__df	double_free_alloc.cqpl	unk	unk	True	True
corpus	boxed_char__df	double_free_alloc_state.cqpl	unk	unk	True	True
corpus	boxed_char__df	leak_alloc.cqpl	unk	unk	True	True
corpus	boxed_char__df	leak_alloc_state.cqpl	unk	unk	True	True
corpus	boxed_char__df	mir_rvalue_presence.cqpl	ff	ff	True	True
corpus	boxed_char__df	mir_statement_presence.cqpl	tt	tt	True	True
corpus	boxed_char__df	mir_structural_allocator_example.cqpl	ff	ff	True	True
corpus	boxed_char__df	mir_terminator_presence.cqpl	tt	tt	True	True
corpus	boxed_char__df	use_after_free_alloc.cqpl	ff	ff	True	True
corpus	boxed_char__df	use_after_free_alloc_state.cqpl	ff	ff	True	True
corpus	boxed_char__ml	allocator_mismatch_ub.cqpl	ff	ff	True	True
corpus	boxed_char__ml	allocator_mismatch_ub_v2.cqpl	ff	ff	True	True
corpus	boxed_char__ml	double_free_alloc.cqpl	ff	ff	True	True
corpus	boxed_char__ml	double_free_alloc_state.cqpl	ff	ff	True	True
corpus	boxed_char__ml	leak_alloc.cqpl	unk	unk	True	True
corpus	boxed_char__ml	leak_alloc_state.cqpl	unk	unk	True	True
corpus	boxed_char__ml	mir_rvalue_presence.cqpl	ff	ff	True	True
corpus	boxed_char__ml	mir_statement_presence.cqpl	tt	tt	True	True
corpus	boxed_char__ml	mir_structural_allocator_example.cqpl	ff	ff	True	True
corpus	boxed_char__ml	mir_terminator_presence.cqpl	tt	tt	True	True
corpus	boxed_char__ml	use_after_free_alloc.cqpl	ff	ff	True	True
corpus	boxed_char__ml	use_after_free_alloc_state.cqpl	ff	ff	True	True
corpus	boxed_char__uaf	allocator_mismatch_ub.cqpl	ff	ff	True	True
corpus	boxed_char__uaf	allocator_mismatch_ub_v2.cqpl	ff	ff	True	True
corpus	boxed_char__uaf	double_free_alloc.cqpl	unk	unk	True	True
corpus	boxed_char__uaf	double_free_alloc_state.cqpl	unk	unk	True	True
corpus	boxed_char__uaf	leak_alloc.cqpl	unk	unk	True	True
corpus	boxed_char__uaf	leak_alloc_state.cqpl	unk	unk	True	True
corpus	boxed_char__uaf	mir_rvalue_presence.cqpl	ff	ff	True	True
corpus	boxed_char__uaf	mir_statement_presence.cqpl	tt	tt	True	True
corpus	boxed_char__uaf	mir_structural_allocator_example.cqpl	ff	ff	True	True
corpus	boxed_char__uaf	mir_terminator_presence.cqpl	tt	tt	True	True
corpus	boxed_char__uaf	use_after_free_alloc.cqpl	unk	unk	True	True
corpus	boxed_char__uaf	use_after_free_alloc_state.cqpl	unk	unk	True	True
corpus	boxed_f32__df	allocator_mismatch_ub.cqpl	ff	ff	True	True
corpus	boxed_f32__df	allocator_mismatch_ub_v2.cqpl	ff	ff	True	True
corpus	boxed_f32__df	double_free_alloc.cqpl	unk	unk	True	True
corpus	boxed_f32__df	double_free_alloc_state.cqpl	unk	unk	True	True
corpus	boxed_f32__df	leak_alloc.cqpl	unk	unk	True	True
corpus	boxed_f32__df	leak_alloc_state.cqpl	unk	unk	True	True
corpus	boxed_f32__df	mir_rvalue_presence.cqpl	ff	ff	True	True
corpus	boxed_f32__df	mir_statement_presence.cqpl	tt	tt	True	True
corpus	boxed_f32__df	mir_structural_allocator_example.cqpl	ff	ff	True	True
corpus	boxed_f32__df	mir_terminator_presence.cqpl	tt	tt	True	True
corpus	boxed_f32__df	use_after_free_alloc.cqpl	ff	ff	True	True
corpus	boxed_f32__df	use_after_free_alloc_state.cqpl	ff	ff	True	True
corpus	boxed_f32__ml	allocator_mismatch_ub.cqpl	ff	ff	True	True
corpus	boxed_f32__ml	allocator_mismatch_ub_v2.cqpl	ff	ff	True	True
corpus	boxed_f32__ml	double_free_alloc.cqpl	ff	ff	True	True
corpus	boxed_f32__ml	double_free_alloc_state.cqpl	ff	ff	True	True
corpus	boxed_f32__ml	leak_alloc.cqpl	unk	unk	True	True
corpus	boxed_f32__ml	leak_alloc_state.cqpl	unk	unk	True	True
corpus	boxed_f32__ml	mir_rvalue_presence.cqpl	ff	ff	True	True
corpus	boxed_f32__ml	mir_statement_presence.cqpl	tt	tt	True	True
corpus	boxed_f32__ml	mir_structural_allocator_example.cqpl	ff	ff	True	True
corpus	boxed_f32__ml	mir_terminator_presence.cqpl	tt	tt	True	True
corpus	boxed_f32__ml	use_after_free_alloc.cqpl	ff	ff	True	True
corpus	boxed_f32__ml	use_after_free_alloc_state.cqpl	ff	ff	True	True
corpus	boxed_f32__uaf	allocator_mismatch_ub.cqpl	ff	ff	True	True
corpus	boxed_f32__uaf	allocator_mismatch_ub_v2.cqpl	ff	ff	True	True
corpus	boxed_f32__uaf	double_free_alloc.cqpl	unk	unk	True	True
corpus	boxed_f32__uaf	double_free_alloc_state.cqpl	unk	unk	True	True
corpus	boxed_f32__uaf	leak_alloc.cqpl	unk	unk	True	True
corpus	boxed_f32__uaf	leak_alloc_state.cqpl	unk	unk	True	True
corpus	boxed_f32__uaf	mir_rvalue_presence.cqpl	ff	ff	True	True
corpus	boxed_f32__uaf	mir_statement_presence.cqpl	tt	tt	True	True
corpus	boxed_f32__uaf	mir_structural_allocator_example.cqpl	ff	ff	True	True
corpus	boxed_f32__uaf	mir_terminator_presence.cqpl	tt	tt	True	True
corpus	boxed_f32__uaf	use_after_free_alloc.cqpl	unk	unk	True	True
corpus	boxed_f32__uaf	use_after_free_alloc_state.cqpl	unk	unk	True	True
corpus	boxed_f64__df	allocator_mismatch_ub.cqpl	ff	ff	True	True
corpus	boxed_f64__df	allocator_mismatch_ub_v2.cqpl	ff	ff	True	True
corpus	boxed_f64__df	double_free_alloc.cqpl	unk	unk	True	True
corpus	boxed_f64__df	double_free_alloc_state.cqpl	unk	unk	True	True
corpus	boxed_f64__df	leak_alloc.cqpl	unk	unk	True	True
corpus	boxed_f64__df	leak_alloc_state.cqpl	unk	unk	True	True
corpus	boxed_f64__df	mir_rvalue_presence.cqpl	ff	ff	True	True
corpus	boxed_f64__df	mir_statement_presence.cqpl	tt	tt	True	True
corpus	boxed_f64__df	mir_structural_allocator_example.cqpl	ff	ff	True	True
corpus	boxed_f64__df	mir_terminator_presence.cqpl	tt	tt	True	True
corpus	boxed_f64__df	use_after_free_alloc.cqpl	ff	ff	True	True
corpus	boxed_f64__df	use_after_free_alloc_state.cqpl	ff	ff	True	True
corpus	boxed_f64__ml	allocator_mismatch_ub.cqpl	ff	ff	True	True
corpus	boxed_f64__ml	allocator_mismatch_ub_v2.cqpl	ff	ff	True	True
corpus	boxed_f64__ml	double_free_alloc.cqpl	ff	ff	True	True
corpus	boxed_f64__ml	double_free_alloc_state.cqpl	ff	ff	True	True
corpus	boxed_f64__ml	leak_alloc.cqpl	unk	unk	True	True
corpus	boxed_f64__ml	leak_alloc_state.cqpl	unk	unk	True	True
corpus	boxed_f64__ml	mir_rvalue_presence.cqpl	ff	ff	True	True
corpus	boxed_f64__ml	mir_statement_presence.cqpl	tt	tt	True	True
corpus	boxed_f64__ml	mir_structural_allocator_example.cqpl	ff	ff	True	True
corpus	boxed_f64__ml	mir_terminator_presence.cqpl	tt	tt	True	True
corpus	boxed_f64__ml	use_after_free_alloc.cqpl	ff	ff	True	True
corpus	boxed_f64__ml	use_after_free_alloc_state.cqpl	ff	ff	True	True
corpus	boxed_f64__uaf	allocator_mismatch_ub.cqpl	ff	ff	True	True
corpus	boxed_f64__uaf	allocator_mismatch_ub_v2.cqpl	ff	ff	True	True
corpus	boxed_f64__uaf	double_free_alloc.cqpl	unk	unk	True	True
corpus	boxed_f64__uaf	double_free_alloc_state.cqpl	unk	unk	True	True
corpus	boxed_f64__uaf	leak_alloc.cqpl	unk	unk	True	True
corpus	boxed_f64__uaf	leak_alloc_state.cqpl	unk	unk	True	True
corpus	boxed_f64__uaf	mir_rvalue_presence.cqpl	ff	ff	True	True
corpus	boxed_f64__uaf	mir_statement_presence.cqpl	tt	tt	True	True
corpus	boxed_f64__uaf	mir_structural_allocator_example.cqpl	ff	ff	True	True
corpus	boxed_f64__uaf	mir_terminator_presence.cqpl	tt	tt	True	True
corpus	boxed_f64__uaf	use_after_free_alloc.cqpl	unk	unk	True	True
corpus	boxed_f64__uaf	use_after_free_alloc_state.cqpl	unk	unk	True	True
corpus	boxed_i128__df	allocator_mismatch_ub.cqpl	ff	ff	True	True
corpus	boxed_i128__df	allocator_mismatch_ub_v2.cqpl	ff	ff	True	True
corpus	boxed_i128__df	double_free_alloc.cqpl	unk	unk	True	True
corpus	boxed_i128__df	double_free_alloc_state.cqpl	unk	unk	True	True
corpus	boxed_i128__df	leak_alloc.cqpl	unk	unk	True	True
corpus	boxed_i128__df	leak_alloc_state.cqpl	unk	unk	True	True
corpus	boxed_i128__df	mir_rvalue_presence.cqpl	ff	ff	True	True
corpus	boxed_i128__df	mir_statement_presence.cqpl	tt	tt	True	True
corpus	boxed_i128__df	mir_structural_allocator_example.cqpl	ff	ff	True	True
corpus	boxed_i128__df	mir_terminator_presence.cqpl	tt	tt	True	True
corpus	boxed_i128__df	use_after_free_alloc.cqpl	ff	ff	True	True
corpus	boxed_i128__df	use_after_free_alloc_state.cqpl	ff	ff	True	True
corpus	boxed_i128__ml	allocator_mismatch_ub.cqpl	ff	ff	True	True
corpus	boxed_i128__ml	allocator_mismatch_ub_v2.cqpl	ff	ff	True	True
corpus	boxed_i128__ml	double_free_alloc.cqpl	ff	ff	True	True
corpus	boxed_i128__ml	double_free_alloc_state.cqpl	ff	ff	True	True
corpus	boxed_i128__ml	leak_alloc.cqpl	unk	unk	True	True
corpus	boxed_i128__ml	leak_alloc_state.cqpl	unk	unk	True	True
corpus	boxed_i128__ml	mir_rvalue_presence.cqpl	ff	ff	True	True
corpus	boxed_i128__ml	mir_statement_presence.cqpl	tt	tt	True	True
corpus	boxed_i128__ml	mir_structural_allocator_example.cqpl	ff	ff	True	True
corpus	boxed_i128__ml	mir_terminator_presence.cqpl	tt	tt	True	True
corpus	boxed_i128__ml	use_after_free_alloc.cqpl	ff	ff	True	True
corpus	boxed_i128__ml	use_after_free_alloc_state.cqpl	ff	ff	True	True
corpus	boxed_i128__uaf	allocator_mismatch_ub.cqpl	ff	ff	True	True
corpus	boxed_i128__uaf	allocator_mismatch_ub_v2.cqpl	ff	ff	True	True
corpus	boxed_i128__uaf	double_free_alloc.cqpl	unk	unk	True	True
corpus	boxed_i128__uaf	double_free_alloc_state.cqpl	unk	unk	True	True
corpus	boxed_i128__uaf	leak_alloc.cqpl	unk	unk	True	True
corpus	boxed_i128__uaf	leak_alloc_state.cqpl	unk	unk	True	True
corpus	boxed_i128__uaf	mir_rvalue_presence.cqpl	ff	ff	True	True
corpus	boxed_i128__uaf	mir_statement_presence.cqpl	tt	tt	True	True
corpus	boxed_i128__uaf	mir_structural_allocator_example.cqpl	ff	ff	True	True
corpus	boxed_i128__uaf	mir_terminator_presence.cqpl	tt	tt	True	True
corpus	boxed_i128__uaf	use_after_free_alloc.cqpl	unk	unk	True	True
corpus	boxed_i128__uaf	use_after_free_alloc_state.cqpl	unk	unk	True	True
corpus	boxed_i16__df	allocator_mismatch_ub.cqpl	ff	ff	True	True
corpus	boxed_i16__df	allocator_mismatch_ub_v2.cqpl	ff	ff	True	True
corpus	boxed_i16__df	double_free_alloc.cqpl	unk	unk	True	True
corpus	boxed_i16__df	double_free_alloc_state.cqpl	unk	unk	True	True
corpus	boxed_i16__df	leak_alloc.cqpl	unk	unk	True	True
corpus	boxed_i16__df	leak_alloc_state.cqpl	unk	unk	True	True
corpus	boxed_i16__df	mir_rvalue_presence.cqpl	ff	ff	True	True
corpus	boxed_i16__df	mir_statement_presence.cqpl	tt	tt	True	True
corpus	boxed_i16__df	mir_structural_allocator_example.cqpl	ff	ff	True	True
corpus	boxed_i16__df	mir_terminator_presence.cqpl	tt	tt	True	True
corpus	boxed_i16__df	use_after_free_alloc.cqpl	ff	ff	True	True
corpus	boxed_i16__df	use_after_free_alloc_state.cqpl	ff	ff	True	True
corpus	boxed_i16__ml	allocator_mismatch_ub.cqpl	ff	ff	True	True
corpus	boxed_i16__ml	allocator_mismatch_ub_v2.cqpl	ff	ff	True	True
corpus	boxed_i16__ml	double_free_alloc.cqpl	ff	ff	True	True
corpus	boxed_i16__ml	double_free_alloc_state.cqpl	ff	ff	True	True
corpus	boxed_i16__ml	leak_alloc.cqpl	unk	unk	True	True
corpus	boxed_i16__ml	leak_alloc_state.cqpl	unk	unk	True	True
corpus	boxed_i16__ml	mir_rvalue_presence.cqpl	ff	ff	True	True
corpus	boxed_i16__ml	mir_statement_presence.cqpl	tt	tt	True	True
corpus	boxed_i16__ml	mir_structural_allocator_example.cqpl	ff	ff	True	True
corpus	boxed_i16__ml	mir_terminator_presence.cqpl	tt	tt	True	True
corpus	boxed_i16__ml	use_after_free_alloc.cqpl	ff	ff	True	True
corpus	boxed_i16__ml	use_after_free_alloc_state.cqpl	ff	ff	True	True
corpus	boxed_i16__uaf	allocator_mismatch_ub.cqpl	ff	ff	True	True
corpus	boxed_i16__uaf	allocator_mismatch_ub_v2.cqpl	ff	ff	True	True
corpus	boxed_i16__uaf	double_free_alloc.cqpl	unk	unk	True	True
corpus	boxed_i16__uaf	double_free_alloc_state.cqpl	unk	unk	True	True
corpus	boxed_i16__uaf	leak_alloc.cqpl	unk	unk	True	True
corpus	boxed_i16__uaf	leak_alloc_state.cqpl	unk	unk	True	True
corpus	boxed_i16__uaf	mir_rvalue_presence.cqpl	ff	ff	True	True
corpus	boxed_i16__uaf	mir_statement_presence.cqpl	tt	tt	True	True
corpus	boxed_i16__uaf	mir_structural_allocator_example.cqpl	ff	ff	True	True
corpus	boxed_i16__uaf	mir_terminator_presence.cqpl	tt	tt	True	True
corpus	boxed_i16__uaf	use_after_free_alloc.cqpl	unk	unk	True	True
corpus	boxed_i16__uaf	use_after_free_alloc_state.cqpl	unk	unk	True	True
corpus	boxed_i32__df	allocator_mismatch_ub.cqpl	ff	ff	True	True
corpus	boxed_i32__df	allocator_mismatch_ub_v2.cqpl	ff	ff	True	True
corpus	boxed_i32__df	double_free_alloc.cqpl	unk	unk	True	True
corpus	boxed_i32__df	double_free_alloc_state.cqpl	unk	unk	True	True
corpus	boxed_i32__df	leak_alloc.cqpl	unk	unk	True	True
corpus	boxed_i32__df	leak_alloc_state.cqpl	unk	unk	True	True
corpus	boxed_i32__df	mir_rvalue_presence.cqpl	ff	ff	True	True
corpus	boxed_i32__df	mir_statement_presence.cqpl	tt	tt	True	True
corpus	boxed_i32__df	mir_structural_allocator_example.cqpl	ff	ff	True	True
corpus	boxed_i32__df	mir_terminator_presence.cqpl	tt	tt	True	True
corpus	boxed_i32__df	use_after_free_alloc.cqpl	ff	ff	True	True
corpus	boxed_i32__df	use_after_free_alloc_state.cqpl	ff	ff	True	True
corpus	boxed_i32__ml	allocator_mismatch_ub.cqpl	ff	ff	True	True
corpus	boxed_i32__ml	allocator_mismatch_ub_v2.cqpl	ff	ff	True	True
corpus	boxed_i32__ml	double_free_alloc.cqpl	ff	ff	True	True
corpus	boxed_i32__ml	double_free_alloc_state.cqpl	ff	ff	True	True
corpus	boxed_i32__ml	leak_alloc.cqpl	unk	unk	True	True
corpus	boxed_i32__ml	leak_alloc_state.cqpl	unk	unk	True	True
corpus	boxed_i32__ml	mir_rvalue_presence.cqpl	ff	ff	True	True
corpus	boxed_i32__ml	mir_statement_presence.cqpl	tt	tt	True	True
corpus	boxed_i32__ml	mir_structural_allocator_example.cqpl	ff	ff	True	True
corpus	boxed_i32__ml	mir_terminator_presence.cqpl	tt	tt	True	True
corpus	boxed_i32__ml	use_after_free_alloc.cqpl	ff	ff	True	True
corpus	boxed_i32__ml	use_after_free_alloc_state.cqpl	ff	ff	True	True
corpus	boxed_i32__uaf	allocator_mismatch_ub.cqpl	ff	ff	True	True
corpus	boxed_i32__uaf	allocator_mismatch_ub_v2.cqpl	ff	ff	True	True
corpus	boxed_i32__uaf	double_free_alloc.cqpl	unk	unk	True	True
corpus	boxed_i32__uaf	double_free_alloc_state.cqpl	unk	unk	True	True
corpus	boxed_i32__uaf	leak_alloc.cqpl	unk	unk	True	True
corpus	boxed_i32__uaf	leak_alloc_state.cqpl	unk	unk	True	True
corpus	boxed_i32__uaf	mir_rvalue_presence.cqpl	ff	ff	True	True
corpus	boxed_i32__uaf	mir_statement_presence.cqpl	tt	tt	True	True
corpus	boxed_i32__uaf	mir_structural_allocator_example.cqpl	ff	ff	True	True
corpus	boxed_i32__uaf	mir_terminator_presence.cqpl	tt	tt	True	True
corpus	boxed_i32__uaf	use_after_free_alloc.cqpl	unk	unk	True	True
corpus	boxed_i32__uaf	use_after_free_alloc_state.cqpl	unk	unk	True	True
corpus	boxed_i64__df	allocator_mismatch_ub.cqpl	ff	ff	True	True
corpus	boxed_i64__df	allocator_mismatch_ub_v2.cqpl	ff	ff	True	True
corpus	boxed_i64__df	double_free_alloc.cqpl	unk	unk	True	True
corpus	boxed_i64__df	double_free_alloc_state.cqpl	unk	unk	True	True
corpus	boxed_i64__df	leak_alloc.cqpl	unk	unk	True	True
corpus	boxed_i64__df	leak_alloc_state.cqpl	unk	unk	True	True
corpus	boxed_i64__df	mir_rvalue_presence.cqpl	ff	ff	True	True
corpus	boxed_i64__df	mir_statement_presence.cqpl	tt	tt	True	True
corpus	boxed_i64__df	mir_structural_allocator_example.cqpl	ff	ff	True	True
corpus	boxed_i64__df	mir_terminator_presence.cqpl	tt	tt	True	True
corpus	boxed_i64__df	use_after_free_alloc.cqpl	ff	ff	True	True
corpus	boxed_i64__df	use_after_free_alloc_state.cqpl	ff	ff	True	True
corpus	boxed_i64__ml	allocator_mismatch_ub.cqpl	ff	ff	True	True
corpus	boxed_i64__ml	allocator_mismatch_ub_v2.cqpl	ff	ff	True	True
corpus	boxed_i64__ml	double_free_alloc.cqpl	ff	ff	True	True
corpus	boxed_i64__ml	double_free_alloc_state.cqpl	ff	ff	True	True
corpus	boxed_i64__ml	leak_alloc.cqpl	unk	unk	True	True
corpus	boxed_i64__ml	leak_alloc_state.cqpl	unk	unk	True	True
corpus	boxed_i64__ml	mir_rvalue_presence.cqpl	ff	ff	True	True
corpus	boxed_i64__ml	mir_statement_presence.cqpl	tt	tt	True	True
corpus	boxed_i64__ml	mir_structural_allocator_example.cqpl	ff	ff	True	True
corpus	boxed_i64__ml	mir_terminator_presence.cqpl	tt	tt	True	True
corpus	boxed_i64__ml	use_after_free_alloc.cqpl	ff	ff	True	True
corpus	boxed_i64__ml	use_after_free_alloc_state.cqpl	ff	ff	True	True
corpus	boxed_i64__uaf	allocator_mismatch_ub.cqpl	ff	ff	True	True
corpus	boxed_i64__uaf	allocator_mismatch_ub_v2.cqpl	ff	ff	True	True
corpus	boxed_i64__uaf	double_free_alloc.cqpl	unk	unk	True	True
corpus	boxed_i64__uaf	double_free_alloc_state.cqpl	unk	unk	True	True
corpus	boxed_i64__uaf	leak_alloc.cqpl	unk	unk	True	True
corpus	boxed_i64__uaf	leak_alloc_state.cqpl	unk	unk	True	True
corpus	boxed_i64__uaf	mir_rvalue_presence.cqpl	ff	ff	True	True
corpus	boxed_i64__uaf	mir_statement_presence.cqpl	tt	tt	True	True
corpus	boxed_i64__uaf	mir_structural_allocator_example.cqpl	ff	ff	True	True
corpus	boxed_i64__uaf	mir_terminator_presence.cqpl	tt	tt	True	True
corpus	boxed_i64__uaf	use_after_free_alloc.cqpl	unk	unk	True	True
corpus	boxed_i64__uaf	use_after_free_alloc_state.cqpl	unk	unk	True	True
corpus	boxed_i8__df	allocator_mismatch_ub.cqpl	ff	ff	True	True
corpus	boxed_i8__df	allocator_mismatch_ub_v2.cqpl	ff	ff	True	True
corpus	boxed_i8__df	double_free_alloc.cqpl	unk	unk	True	True
corpus	boxed_i8__df	double_free_alloc_state.cqpl	unk	unk	True	True
corpus	boxed_i8__df	leak_alloc.cqpl	unk	unk	True	True
corpus	boxed_i8__df	leak_alloc_state.cqpl	unk	unk	True	True
corpus	boxed_i8__df	mir_rvalue_presence.cqpl	ff	ff	True	True
corpus	boxed_i8__df	mir_statement_presence.cqpl	tt	tt	True	True
corpus	boxed_i8__df	mir_structural_allocator_example.cqpl	ff	ff	True	True
corpus	boxed_i8__df	mir_terminator_presence.cqpl	tt	tt	True	True
corpus	boxed_i8__df	use_after_free_alloc.cqpl	ff	ff	True	True
corpus	boxed_i8__df	use_after_free_alloc_state.cqpl	ff	ff	True	True
corpus	boxed_i8__ml	allocator_mismatch_ub.cqpl	ff	ff	True	True
corpus	boxed_i8__ml	allocator_mismatch_ub_v2.cqpl	ff	ff	True	True
corpus	boxed_i8__ml	double_free_alloc.cqpl	ff	ff	True	True
corpus	boxed_i8__ml	double_free_alloc_state.cqpl	ff	ff	True	True
corpus	boxed_i8__ml	leak_alloc.cqpl	unk	unk	True	True
corpus	boxed_i8__ml	leak_alloc_state.cqpl	unk	unk	True	True
corpus	boxed_i8__ml	mir_rvalue_presence.cqpl	ff	ff	True	True
corpus	boxed_i8__ml	mir_statement_presence.cqpl	tt	tt	True	True
corpus	boxed_i8__ml	mir_structural_allocator_example.cqpl	ff	ff	True	True
corpus	boxed_i8__ml	mir_terminator_presence.cqpl	tt	tt	True	True
corpus	boxed_i8__ml	use_after_free_alloc.cqpl	ff	ff	True	True
corpus	boxed_i8__ml	use_after_free_alloc_state.cqpl	ff	ff	True	True
corpus	boxed_i8__uaf	allocator_mismatch_ub.cqpl	ff	ff	True	True
corpus	boxed_i8__uaf	allocator_mismatch_ub_v2.cqpl	ff	ff	True	True
corpus	boxed_i8__uaf	double_free_alloc.cqpl	unk	unk	True	True
corpus	boxed_i8__uaf	double_free_alloc_state.cqpl	unk	unk	True	True
corpus	boxed_i8__uaf	leak_alloc.cqpl	unk	unk	True	True
corpus	boxed_i8__uaf	leak_alloc_state.cqpl	unk	unk	True	True
corpus	boxed_i8__uaf	mir_rvalue_presence.cqpl	ff	ff	True	True
corpus	boxed_i8__uaf	mir_statement_presence.cqpl	tt	tt	True	True
corpus	boxed_i8__uaf	mir_structural_allocator_example.cqpl	ff	ff	True	True
corpus	boxed_i8__uaf	mir_terminator_presence.cqpl	tt	tt	True	True
corpus	boxed_i8__uaf	use_after_free_alloc.cqpl	unk	unk	True	True
corpus	boxed_i8__uaf	use_after_free_alloc_state.cqpl	unk	unk	True	True
corpus	boxed_isize__df	allocator_mismatch_ub.cqpl	ff	ff	True	True
corpus	boxed_isize__df	allocator_mismatch_ub_v2.cqpl	ff	ff	True	True
corpus	boxed_isize__df	double_free_alloc.cqpl	unk	unk	True	True
corpus	boxed_isize__df	double_free_alloc_state.cqpl	unk	unk	True	True
corpus	boxed_isize__df	leak_alloc.cqpl	unk	unk	True	True
corpus	boxed_isize__df	leak_alloc_state.cqpl	unk	unk	True	True
corpus	boxed_isize__df	mir_rvalue_presence.cqpl	ff	ff	True	True
corpus	boxed_isize__df	mir_statement_presence.cqpl	tt	tt	True	True
corpus	boxed_isize__df	mir_structural_allocator_example.cqpl	ff	ff	True	True
corpus	boxed_isize__df	mir_terminator_presence.cqpl	tt	tt	True	True
corpus	boxed_isize__df	use_after_free_alloc.cqpl	ff	ff	True	True
corpus	boxed_isize__df	use_after_free_alloc_state.cqpl	ff	ff	True	True
corpus	boxed_isize__ml	allocator_mismatch_ub.cqpl	ff	ff	True	True
corpus	boxed_isize__ml	allocator_mismatch_ub_v2.cqpl	ff	ff	True	True
corpus	boxed_isize__ml	double_free_alloc.cqpl	ff	ff	True	True
corpus	boxed_isize__ml	double_free_alloc_state.cqpl	ff	ff	True	True
corpus	boxed_isize__ml	leak_alloc.cqpl	unk	unk	True	True
corpus	boxed_isize__ml	leak_alloc_state.cqpl	unk	unk	True	True
corpus	boxed_isize__ml	mir_rvalue_presence.cqpl	ff	ff	True	True
corpus	boxed_isize__ml	mir_statement_presence.cqpl	tt	tt	True	True
corpus	boxed_isize__ml	mir_structural_allocator_example.cqpl	ff	ff	True	True
corpus	boxed_isize__ml	mir_terminator_presence.cqpl	tt	tt	True	True
corpus	boxed_isize__ml	use_after_free_alloc.cqpl	ff	ff	True	True
corpus	boxed_isize__ml	use_after_free_alloc_state.cqpl	ff	ff	True	True
corpus	boxed_isize__uaf	allocator_mismatch_ub.cqpl	ff	ff	True	True
corpus	boxed_isize__uaf	allocator_mismatch_ub_v2.cqpl	ff	ff	True	True
corpus	boxed_isize__uaf	double_free_alloc.cqpl	unk	unk	True	True
corpus	boxed_isize__uaf	double_free_alloc_state.cqpl	unk	unk	True	True
corpus	boxed_isize__uaf	leak_alloc.cqpl	unk	unk	True	True
corpus	boxed_isize__uaf	leak_alloc_state.cqpl	unk	unk	True	True
corpus	boxed_isize__uaf	mir_rvalue_presence.cqpl	ff	ff	True	True
corpus	boxed_isize__uaf	mir_statement_presence.cqpl	tt	tt	True	True
corpus	boxed_isize__uaf	mir_structural_allocator_example.cqpl	ff	ff	True	True
corpus	boxed_isize__uaf	mir_terminator_presence.cqpl	tt	tt	True	True
corpus	boxed_isize__uaf	use_after_free_alloc.cqpl	unk	unk	True	True
corpus	boxed_isize__uaf	use_after_free_alloc_state.cqpl	unk	unk	True	True
corpus	boxed_u128__df	allocator_mismatch_ub.cqpl	ff	ff	True	True
corpus	boxed_u128__df	allocator_mismatch_ub_v2.cqpl	ff	ff	True	True
corpus	boxed_u128__df	double_free_alloc.cqpl	unk	unk	True	True
corpus	boxed_u128__df	double_free_alloc_state.cqpl	unk	unk	True	True
corpus	boxed_u128__df	leak_alloc.cqpl	unk	unk	True	True
corpus	boxed_u128__df	leak_alloc_state.cqpl	unk	unk	True	True
corpus	boxed_u128__df	mir_rvalue_presence.cqpl	ff	ff	True	True
corpus	boxed_u128__df	mir_statement_presence.cqpl	tt	tt	True	True
corpus	boxed_u128__df	mir_structural_allocator_example.cqpl	ff	ff	True	True
corpus	boxed_u128__df	mir_terminator_presence.cqpl	tt	tt	True	True
corpus	boxed_u128__df	use_after_free_alloc.cqpl	ff	ff	True	True
corpus	boxed_u128__df	use_after_free_alloc_state.cqpl	ff	ff	True	True
corpus	boxed_u128__ml	allocator_mismatch_ub.cqpl	ff	ff	True	True
corpus	boxed_u128__ml	allocator_mismatch_ub_v2.cqpl	ff	ff	True	True
corpus	boxed_u128__ml	double_free_alloc.cqpl	ff	ff	True	True
corpus	boxed_u128__ml	double_free_alloc_state.cqpl	ff	ff	True	True
corpus	boxed_u128__ml	leak_alloc.cqpl	unk	unk	True	True
corpus	boxed_u128__ml	leak_alloc_state.cqpl	unk	unk	True	True
corpus	boxed_u128__ml	mir_rvalue_presence.cqpl	ff	ff	True	True
corpus	boxed_u128__ml	mir_statement_presence.cqpl	tt	tt	True	True
corpus	boxed_u128__ml	mir_structural_allocator_example.cqpl	ff	ff	True	True
corpus	boxed_u128__ml	mir_terminator_presence.cqpl	tt	tt	True	True
corpus	boxed_u128__ml	use_after_free_alloc.cqpl	ff	ff	True	True
corpus	boxed_u128__ml	use_after_free_alloc_state.cqpl	ff	ff	True	True
corpus	boxed_u128__uaf	allocator_mismatch_ub.cqpl	ff	ff	True	True
corpus	boxed_u128__uaf	allocator_mismatch_ub_v2.cqpl	ff	ff	True	True
corpus	boxed_u128__uaf	double_free_alloc.cqpl	unk	unk	True	True
corpus	boxed_u128__uaf	double_free_alloc_state.cqpl	unk	unk	True	True
corpus	boxed_u128__uaf	leak_alloc.cqpl	unk	unk	True	True
corpus	boxed_u128__uaf	leak_alloc_state.cqpl	unk	unk	True	True
corpus	boxed_u128__uaf	mir_rvalue_presence.cqpl	ff	ff	True	True
corpus	boxed_u128__uaf	mir_statement_presence.cqpl	tt	tt	True	True
corpus	boxed_u128__uaf	mir_structural_allocator_example.cqpl	ff	ff	True	True
corpus	boxed_u128__uaf	mir_terminator_presence.cqpl	tt	tt	True	True
corpus	boxed_u128__uaf	use_after_free_alloc.cqpl	unk	unk	True	True
corpus	boxed_u128__uaf	use_after_free_alloc_state.cqpl	unk	unk	True	True
corpus	boxed_u16__df	allocator_mismatch_ub.cqpl	ff	ff	True	True
corpus	boxed_u16__df	allocator_mismatch_ub_v2.cqpl	ff	ff	True	True
corpus	boxed_u16__df	double_free_alloc.cqpl	unk	unk	True	True
corpus	boxed_u16__df	double_free_alloc_state.cqpl	unk	unk	True	True
corpus	boxed_u16__df	leak_alloc.cqpl	unk	unk	True	True
corpus	boxed_u16__df	leak_alloc_state.cqpl	unk	unk	True	True
corpus	boxed_u16__df	mir_rvalue_presence.cqpl	ff	ff	True	True
corpus	boxed_u16__df	mir_statement_presence.cqpl	tt	tt	True	True
corpus	boxed_u16__df	mir_structural_allocator_example.cqpl	ff	ff	True	True
corpus	boxed_u16__df	mir_terminator_presence.cqpl	tt	tt	True	True
corpus	boxed_u16__df	use_after_free_alloc.cqpl	ff	ff	True	True
corpus	boxed_u16__df	use_after_free_alloc_state.cqpl	ff	ff	True	True
corpus	boxed_u16__ml	allocator_mismatch_ub.cqpl	ff	ff	True	True
corpus	boxed_u16__ml	allocator_mismatch_ub_v2.cqpl	ff	ff	True	True
corpus	boxed_u16__ml	double_free_alloc.cqpl	ff	ff	True	True
corpus	boxed_u16__ml	double_free_alloc_state.cqpl	ff	ff	True	True
corpus	boxed_u16__ml	leak_alloc.cqpl	unk	unk	True	True
corpus	boxed_u16__ml	leak_alloc_state.cqpl	unk	unk	True	True
corpus	boxed_u16__ml	mir_rvalue_presence.cqpl	ff	ff	True	True
corpus	boxed_u16__ml	mir_statement_presence.cqpl	tt	tt	True	True
corpus	boxed_u16__ml	mir_structural_allocator_example.cqpl	ff	ff	True	True
corpus	boxed_u16__ml	mir_terminator_presence.cqpl	tt	tt	True	True
corpus	boxed_u16__ml	use_after_free_alloc.cqpl	ff	ff	True	True
corpus	boxed_u16__ml	use_after_free_alloc_state.cqpl	ff	ff	True	True
corpus	boxed_u16__uaf	allocator_mismatch_ub.cqpl	ff	ff	True	True
corpus	boxed_u16__uaf	allocator_mismatch_ub_v2.cqpl	ff	ff	True	True
corpus	boxed_u16__uaf	double_free_alloc.cqpl	unk	unk	True	True
corpus	boxed_u16__uaf	double_free_alloc_state.cqpl	unk	unk	True	True
corpus	boxed_u16__uaf	leak_alloc.cqpl	unk	unk	True	True
corpus	boxed_u16__uaf	leak_alloc_state.cqpl	unk	unk	True	True
corpus	boxed_u16__uaf	mir_rvalue_presence.cqpl	ff	ff	True	True
corpus	boxed_u16__uaf	mir_statement_presence.cqpl	tt	tt	True	True
corpus	boxed_u16__uaf	mir_structural_allocator_example.cqpl	ff	ff	True	True
corpus	boxed_u16__uaf	mir_terminator_presence.cqpl	tt	tt	True	True
corpus	boxed_u16__uaf	use_after_free_alloc.cqpl	unk	unk	True	True
corpus	boxed_u16__uaf	use_after_free_alloc_state.cqpl	unk	unk	True	True
corpus	boxed_u32__df	allocator_mismatch_ub.cqpl	ff	ff	True	True
corpus	boxed_u32__df	allocator_mismatch_ub_v2.cqpl	ff	ff	True	True
corpus	boxed_u32__df	double_free_alloc.cqpl	unk	unk	True	True
corpus	boxed_u32__df	double_free_alloc_state.cqpl	unk	unk	True	True
corpus	boxed_u32__df	leak_alloc.cqpl	unk	unk	True	True
corpus	boxed_u32__df	leak_alloc_state.cqpl	unk	unk	True	True
corpus	boxed_u32__df	mir_rvalue_presence.cqpl	ff	ff	True	True
corpus	boxed_u32__df	mir_statement_presence.cqpl	tt	tt	True	True
corpus	boxed_u32__df	mir_structural_allocator_example.cqpl	ff	ff	True	True
corpus	boxed_u32__df	mir_terminator_presence.cqpl	tt	tt	True	True
corpus	boxed_u32__df	use_after_free_alloc.cqpl	ff	ff	True	True
corpus	boxed_u32__df	use_after_free_alloc_state.cqpl	ff	ff	True	True
corpus	boxed_u32__ml	allocator_mismatch_ub.cqpl	ff	ff	True	True
corpus	boxed_u32__ml	allocator_mismatch_ub_v2.cqpl	ff	ff	True	True
corpus	boxed_u32__ml	double_free_alloc.cqpl	ff	ff	True	True
corpus	boxed_u32__ml	double_free_alloc_state.cqpl	ff	ff	True	True
corpus	boxed_u32__ml	leak_alloc.cqpl	unk	unk	True	True
corpus	boxed_u32__ml	leak_alloc_state.cqpl	unk	unk	True	True
corpus	boxed_u32__ml	mir_rvalue_presence.cqpl	ff	ff	True	True
corpus	boxed_u32__ml	mir_statement_presence.cqpl	tt	tt	True	True
corpus	boxed_u32__ml	mir_structural_allocator_example.cqpl	ff	ff	True	True
corpus	boxed_u32__ml	mir_terminator_presence.cqpl	tt	tt	True	True
corpus	boxed_u32__ml	use_after_free_alloc.cqpl	ff	ff	True	True
corpus	boxed_u32__ml	use_after_free_alloc_state.cqpl	ff	ff	True	True
corpus	boxed_u32__uaf	allocator_mismatch_ub.cqpl	ff	ff	True	True
corpus	boxed_u32__uaf	allocator_mismatch_ub_v2.cqpl	ff	ff	True	True
corpus	boxed_u32__uaf	double_free_alloc.cqpl	unk	unk	True	True
corpus	boxed_u32__uaf	double_free_alloc_state.cqpl	unk	unk	True	True
corpus	boxed_u32__uaf	leak_alloc.cqpl	unk	unk	True	True
corpus	boxed_u32__uaf	leak_alloc_state.cqpl	unk	unk	True	True
corpus	boxed_u32__uaf	mir_rvalue_presence.cqpl	ff	ff	True	True
corpus	boxed_u32__uaf	mir_statement_presence.cqpl	tt	tt	True	True
corpus	boxed_u32__uaf	mir_structural_allocator_example.cqpl	ff	ff	True	True
corpus	boxed_u32__uaf	mir_terminator_presence.cqpl	tt	tt	True	True
corpus	boxed_u32__uaf	use_after_free_alloc.cqpl	unk	unk	True	True
corpus	boxed_u32__uaf	use_after_free_alloc_state.cqpl	unk	unk	True	True
corpus	boxed_u64__df	allocator_mismatch_ub.cqpl	ff	ff	True	True
corpus	boxed_u64__df	allocator_mismatch_ub_v2.cqpl	ff	ff	True	True
corpus	boxed_u64__df	double_free_alloc.cqpl	unk	unk	True	True
corpus	boxed_u64__df	double_free_alloc_state.cqpl	unk	unk	True	True
corpus	boxed_u64__df	leak_alloc.cqpl	unk	unk	True	True
corpus	boxed_u64__df	leak_alloc_state.cqpl	unk	unk	True	True
corpus	boxed_u64__df	mir_rvalue_presence.cqpl	ff	ff	True	True
corpus	boxed_u64__df	mir_statement_presence.cqpl	tt	tt	True	True
corpus	boxed_u64__df	mir_structural_allocator_example.cqpl	ff	ff	True	True
corpus	boxed_u64__df	mir_terminator_presence.cqpl	tt	tt	True	True
corpus	boxed_u64__df	use_after_free_alloc.cqpl	ff	ff	True	True
corpus	boxed_u64__df	use_after_free_alloc_state.cqpl	ff	ff	True	True
corpus	boxed_u64__ml	allocator_mismatch_ub.cqpl	ff	ff	True	True
corpus	boxed_u64__ml	allocator_mismatch_ub_v2.cqpl	ff	ff	True	True
corpus	boxed_u64__ml	double_free_alloc.cqpl	ff	ff	True	True
corpus	boxed_u64__ml	double_free_alloc_state.cqpl	ff	ff	True	True
corpus	boxed_u64__ml	leak_alloc.cqpl	unk	unk	True	True
corpus	boxed_u64__ml	leak_alloc_state.cqpl	unk	unk	True	True
corpus	boxed_u64__ml	mir_rvalue_presence.cqpl	ff	ff	True	True
corpus	boxed_u64__ml	mir_statement_presence.cqpl	tt	tt	True	True
corpus	boxed_u64__ml	mir_structural_allocator_example.cqpl	ff	ff	True	True
corpus	boxed_u64__ml	mir_terminator_presence.cqpl	tt	tt	True	True
corpus	boxed_u64__ml	use_after_free_alloc.cqpl	ff	ff	True	True
corpus	boxed_u64__ml	use_after_free_alloc_state.cqpl	ff	ff	True	True
corpus	boxed_u64__uaf	allocator_mismatch_ub.cqpl	ff	ff	True	True
corpus	boxed_u64__uaf	allocator_mismatch_ub_v2.cqpl	ff	ff	True	True
corpus	boxed_u64__uaf	double_free_alloc.cqpl	unk	unk	True	True
corpus	boxed_u64__uaf	double_free_alloc_state.cqpl	unk	unk	True	True
corpus	boxed_u64__uaf	leak_alloc.cqpl	unk	unk	True	True
corpus	boxed_u64__uaf	leak_alloc_state.cqpl	unk	unk	True	True
corpus	boxed_u64__uaf	mir_rvalue_presence.cqpl	ff	ff	True	True
corpus	boxed_u64__uaf	mir_statement_presence.cqpl	tt	tt	True	True
corpus	boxed_u64__uaf	mir_structural_allocator_example.cqpl	ff	ff	True	True
corpus	boxed_u64__uaf	mir_terminator_presence.cqpl	tt	tt	True	True
corpus	boxed_u64__uaf	use_after_free_alloc.cqpl	unk	unk	True	True
corpus	boxed_u64__uaf	use_after_free_alloc_state.cqpl	unk	unk	True	True
corpus	boxed_u8__df	allocator_mismatch_ub.cqpl	ff	ff	True	True
corpus	boxed_u8__df	allocator_mismatch_ub_v2.cqpl	ff	ff	True	True
corpus	boxed_u8__df	double_free_alloc.cqpl	unk	unk	True	True
corpus	boxed_u8__df	double_free_alloc_state.cqpl	unk	unk	True	True
corpus	boxed_u8__df	leak_alloc.cqpl	unk	unk	True	True
corpus	boxed_u8__df	leak_alloc_state.cqpl	unk	unk	True	True
corpus	boxed_u8__df	mir_rvalue_presence.cqpl	ff	ff	True	True
corpus	boxed_u8__df	mir_statement_presence.cqpl	tt	tt	True	True
corpus	boxed_u8__df	mir_structural_allocator_example.cqpl	ff	ff	True	True
corpus	boxed_u8__df	mir_terminator_presence.cqpl	tt	tt	True	True
corpus	boxed_u8__df	use_after_free_alloc.cqpl	ff	ff	True	True
corpus	boxed_u8__df	use_after_free_alloc_state.cqpl	ff	ff	True	True
corpus	boxed_u8__ml	allocator_mismatch_ub.cqpl	ff	ff	True	True
corpus	boxed_u8__ml	allocator_mismatch_ub_v2.cqpl	ff	ff	True	True
corpus	boxed_u8__ml	double_free_alloc.cqpl	ff	ff	True	True
corpus	boxed_u8__ml	double_free_alloc_state.cqpl	ff	ff	True	True
corpus	boxed_u8__ml	leak_alloc.cqpl	unk	unk	True	True
corpus	boxed_u8__ml	leak_alloc_state.cqpl	unk	unk	True	True
corpus	boxed_u8__ml	mir_rvalue_presence.cqpl	ff	ff	True	True
corpus	boxed_u8__ml	mir_statement_presence.cqpl	tt	tt	True	True
corpus	boxed_u8__ml	mir_structural_allocator_example.cqpl	ff	ff	True	True
corpus	boxed_u8__ml	mir_terminator_presence.cqpl	tt	tt	True	True
corpus	boxed_u8__ml	use_after_free_alloc.cqpl	ff	ff	True	True
corpus	boxed_u8__ml	use_after_free_alloc_state.cqpl	ff	ff	True	True
corpus	boxed_u8__uaf	allocator_mismatch_ub.cqpl	ff	ff	True	True
corpus	boxed_u8__uaf	allocator_mismatch_ub_v2.cqpl	ff	ff	True	True
corpus	boxed_u8__uaf	double_free_alloc.cqpl	unk	unk	True	True
corpus	boxed_u8__uaf	double_free_alloc_state.cqpl	unk	unk	True	True
corpus	boxed_u8__uaf	leak_alloc.cqpl	unk	unk	True	True
corpus	boxed_u8__uaf	leak_alloc_state.cqpl	unk	unk	True	True
corpus	boxed_u8__uaf	mir_rvalue_presence.cqpl	ff	ff	True	True
corpus	boxed_u8__uaf	mir_statement_presence.cqpl	tt	tt	True	True
corpus	boxed_u8__uaf	mir_structural_allocator_example.cqpl	ff	ff	True	True
corpus	boxed_u8__uaf	mir_terminator_presence.cqpl	tt	tt	True	True
corpus	boxed_u8__uaf	use_after_free_alloc.cqpl	unk	unk	True	True
corpus	boxed_u8__uaf	use_after_free_alloc_state.cqpl	unk	unk	True	True
corpus	boxed_usize__df	allocator_mismatch_ub.cqpl	ff	ff	True	True
corpus	boxed_usize__df	allocator_mismatch_ub_v2.cqpl	ff	ff	True	True
corpus	boxed_usize__df	double_free_alloc.cqpl	unk	unk	True	True
corpus	boxed_usize__df	double_free_alloc_state.cqpl	unk	unk	True	True
corpus	boxed_usize__df	leak_alloc.cqpl	unk	unk	True	True
corpus	boxed_usize__df	leak_alloc_state.cqpl	unk	unk	True	True
corpus	boxed_usize__df	mir_rvalue_presence.cqpl	ff	ff	True	True
corpus	boxed_usize__df	mir_statement_presence.cqpl	tt	tt	True	True
corpus	boxed_usize__df	mir_structural_allocator_example.cqpl	ff	ff	True	True
corpus	boxed_usize__df	mir_terminator_presence.cqpl	tt	tt	True	True
corpus	boxed_usize__df	use_after_free_alloc.cqpl	ff	ff	True	True
corpus	boxed_usize__df	use_after_free_alloc_state.cqpl	ff	ff	True	True
corpus	boxed_usize__ml	allocator_mismatch_ub.cqpl	ff	ff	True	True
corpus	boxed_usize__ml	allocator_mismatch_ub_v2.cqpl	ff	ff	True	True
corpus	boxed_usize__ml	double_free_alloc.cqpl	ff	ff	True	True
corpus	boxed_usize__ml	double_free_alloc_state.cqpl	ff	ff	True	True
corpus	boxed_usize__ml	leak_alloc.cqpl	unk	unk	True	True
corpus	boxed_usize__ml	leak_alloc_state.cqpl	unk	unk	True	True
corpus	boxed_usize__ml	mir_rvalue_presence.cqpl	ff	ff	True	True
corpus	boxed_usize__ml	mir_statement_presence.cqpl	tt	tt	True	True
corpus	boxed_usize__ml	mir_structural_allocator_example.cqpl	ff	ff	True	True
corpus	boxed_usize__ml	mir_terminator_presence.cqpl	tt	tt	True	True
corpus	boxed_usize__ml	use_after_free_alloc.cqpl	ff	ff	True	True
corpus	boxed_usize__ml	use_after_free_alloc_state.cqpl	ff	ff	True	True
corpus	boxed_usize__uaf	allocator_mismatch_ub.cqpl	ff	ff	True	True
corpus	boxed_usize__uaf	allocator_mismatch_ub_v2.cqpl	ff	ff	True	True
corpus	boxed_usize__uaf	double_free_alloc.cqpl	unk	unk	True	True
corpus	boxed_usize__uaf	double_free_alloc_state.cqpl	unk	unk	True	True
corpus	boxed_usize__uaf	leak_alloc.cqpl	unk	unk	True	True
corpus	boxed_usize__uaf	leak_alloc_state.cqpl	unk	unk	True	True
corpus	boxed_usize__uaf	mir_rvalue_presence.cqpl	ff	ff	True	True
corpus	boxed_usize__uaf	mir_statement_presence.cqpl	tt	tt	True	True
corpus	boxed_usize__uaf	mir_structural_allocator_example.cqpl	ff	ff	True	True
corpus	boxed_usize__uaf	mir_terminator_presence.cqpl	tt	tt	True	True
corpus	boxed_usize__uaf	use_after_free_alloc.cqpl	unk	unk	True	True
corpus	boxed_usize__uaf	use_after_free_alloc_state.cqpl	unk	unk	True	True
corpus	branch_df_mem_leak_ffi	allocator_mismatch_ub.cqpl	unk	unk	True	True
corpus	branch_df_mem_leak_ffi	allocator_mismatch_ub_v2.cqpl	unk	unk	True	True
corpus	branch_df_mem_leak_ffi	double_free_alloc.cqpl	unk	unk	True	True
corpus	branch_df_mem_leak_ffi	double_free_alloc_state.cqpl	unk	unk	True	True
corpus	branch_df_mem_leak_ffi	leak_alloc.cqpl	unk	unk	True	True
corpus	branch_df_mem_leak_ffi	leak_alloc_state.cqpl	unk	unk	True	True
corpus	branch_df_mem_leak_ffi	mir_rvalue_presence.cqpl	ff	ff	True	True
corpus	branch_df_mem_leak_ffi	mir_statement_presence.cqpl	tt	tt	True	True
corpus	branch_df_mem_leak_ffi	mir_structural_allocator_example.cqpl	ff	ff	True	True
corpus	branch_df_mem_leak_ffi	mir_terminator_presence.cqpl	tt	tt	True	True
corpus	branch_df_mem_leak_ffi	use_after_free_alloc.cqpl	unk	unk	True	True
corpus	branch_df_mem_leak_ffi	use_after_free_alloc_state.cqpl	unk	unk	True	True
corpus	c-callback-rust-closure	allocator_mismatch_ub.cqpl	ff	ff	True	True
corpus	c-callback-rust-closure	allocator_mismatch_ub_v2.cqpl	ff	ff	True	True
corpus	c-callback-rust-closure	double_free_alloc.cqpl	ff	ff	True	True
corpus	c-callback-rust-closure	double_free_alloc_state.cqpl	ff	ff	True	True
corpus	c-callback-rust-closure	leak_alloc.cqpl	unk	unk	True	True
corpus	c-callback-rust-closure	leak_alloc_state.cqpl	unk	unk	True	True
corpus	c-callback-rust-closure	mir_rvalue_presence.cqpl	ff	ff	True	True
corpus	c-callback-rust-closure	mir_statement_presence.cqpl	tt	tt	True	True
corpus	c-callback-rust-closure	mir_structural_allocator_example.cqpl	ff	ff	True	True
corpus	c-callback-rust-closure	mir_terminator_presence.cqpl	tt	tt	True	True
corpus	c-callback-rust-closure	use_after_free_alloc.cqpl	ff	ff	True	True
corpus	c-callback-rust-closure	use_after_free_alloc_state.cqpl	ff	ff	True	True
corpus	c_calloc_leak_ml	allocator_mismatch_ub.cqpl	ff	ff	True	True
corpus	c_calloc_leak_ml	allocator_mismatch_ub_v2.cqpl	ff	ff	True	True
corpus	c_calloc_leak_ml	double_free_alloc.cqpl	ff	ff	True	True
corpus	c_calloc_leak_ml	double_free_alloc_state.cqpl	ff	ff	True	True
corpus	c_calloc_leak_ml	leak_alloc.cqpl	unk	unk	True	True
corpus	c_calloc_leak_ml	leak_alloc_state.cqpl	unk	unk	True	True
corpus	c_calloc_leak_ml	mir_rvalue_presence.cqpl	ff	ff	True	True
corpus	c_calloc_leak_ml	mir_statement_presence.cqpl	tt	tt	True	True
corpus	c_calloc_leak_ml	mir_structural_allocator_example.cqpl	ff	ff	True	True
corpus	c_calloc_leak_ml	mir_terminator_presence.cqpl	tt	tt	True	True
corpus	c_calloc_leak_ml	use_after_free_alloc.cqpl	ff	ff	True	True
corpus	c_calloc_leak_ml	use_after_free_alloc_state.cqpl	ff	ff	True	True
corpus	clean_alloc_read_and_drop	allocator_mismatch_ub.cqpl	ff	ff	True	True
corpus	clean_alloc_read_and_drop	allocator_mismatch_ub_v2.cqpl	ff	ff	True	True
corpus	clean_alloc_read_and_drop	double_free_alloc.cqpl	unk	unk	True	True
corpus	clean_alloc_read_and_drop	double_free_alloc_state.cqpl	unk	unk	True	True
corpus	clean_alloc_read_and_drop	leak_alloc.cqpl	unk	unk	True	True
corpus	clean_alloc_read_and_drop	leak_alloc_state.cqpl	unk	unk	True	True
corpus	clean_alloc_read_and_drop	mir_rvalue_presence.cqpl	ff	ff	True	True
corpus	clean_alloc_read_and_drop	mir_statement_presence.cqpl	tt	tt	True	True
corpus	clean_alloc_read_and_drop	mir_structural_allocator_example.cqpl	ff	ff	True	True
corpus	clean_alloc_read_and_drop	mir_terminator_presence.cqpl	tt	tt	True	True
corpus	clean_alloc_read_and_drop	use_after_free_alloc.cqpl	ff	ff	True	True
corpus	clean_alloc_read_and_drop	use_after_free_alloc_state.cqpl	ff	ff	True	True
corpus	clean_cstring_no_errors_only_rust	allocator_mismatch_ub.cqpl	unk	unk	True	True
corpus	clean_cstring_no_errors_only_rust	allocator_mismatch_ub_v2.cqpl	unk	unk	True	True
corpus	clean_cstring_no_errors_only_rust	double_free_alloc.cqpl	ff	ff	True	True
corpus	clean_cstring_no_errors_only_rust	double_free_alloc_state.cqpl	ff	ff	True	True
corpus	clean_cstring_no_errors_only_rust	leak_alloc.cqpl	unk	unk	True	True
corpus	clean_cstring_no_errors_only_rust	leak_alloc_state.cqpl	unk	unk	True	True
corpus	clean_cstring_no_errors_only_rust	mir_rvalue_presence.cqpl	ff	ff	True	True
corpus	clean_cstring_no_errors_only_rust	mir_statement_presence.cqpl	ff	ff	True	True
corpus	clean_cstring_no_errors_only_rust	mir_structural_allocator_example.cqpl	ff	ff	True	True
corpus	clean_cstring_no_errors_only_rust	mir_terminator_presence.cqpl	tt	tt	True	True
corpus	clean_cstring_no_errors_only_rust	use_after_free_alloc.cqpl	ff	ff	True	True
corpus	clean_cstring_no_errors_only_rust	use_after_free_alloc_state.cqpl	ff	ff	True	True
corpus	clean_into_from_raw	allocator_mismatch_ub.cqpl	ff	ff	True	True
corpus	clean_into_from_raw	allocator_mismatch_ub_v2.cqpl	ff	ff	True	True
corpus	clean_into_from_raw	double_free_alloc.cqpl	ff	ff	True	True
corpus	clean_into_from_raw	double_free_alloc_state.cqpl	ff	ff	True	True
corpus	clean_into_from_raw	leak_alloc.cqpl	unk	unk	True	True
corpus	clean_into_from_raw	leak_alloc_state.cqpl	unk	unk	True	True
corpus	clean_into_from_raw	mir_rvalue_presence.cqpl	tt	tt	True	True
corpus	clean_into_from_raw	mir_statement_presence.cqpl	tt	tt	True	True
corpus	clean_into_from_raw	mir_structural_allocator_example.cqpl	ff	ff	True	True
corpus	clean_into_from_raw	mir_terminator_presence.cqpl	tt	tt	True	True
corpus	clean_into_from_raw	use_after_free_alloc.cqpl	ff	ff	True	True
corpus	clean_into_from_raw	use_after_free_alloc_state.cqpl	ff	ff	True	True
corpus	clean_mul_fn_ffi_no_errors	allocator_mismatch_ub.cqpl	ff	ff	True	True
corpus	clean_mul_fn_ffi_no_errors	allocator_mismatch_ub_v2.cqpl	ff	ff	True	True
corpus	clean_mul_fn_ffi_no_errors	double_free_alloc.cqpl	ff	ff	True	True
corpus	clean_mul_fn_ffi_no_errors	double_free_alloc_state.cqpl	ff	ff	True	True
corpus	clean_mul_fn_ffi_no_errors	leak_alloc.cqpl	unk	unk	True	True
corpus	clean_mul_fn_ffi_no_errors	leak_alloc_state.cqpl	unk	unk	True	True
corpus	clean_mul_fn_ffi_no_errors	mir_rvalue_presence.cqpl	ff	ff	True	True
corpus	clean_mul_fn_ffi_no_errors	mir_statement_presence.cqpl	tt	tt	True	True
corpus	clean_mul_fn_ffi_no_errors	mir_structural_allocator_example.cqpl	ff	ff	True	True
corpus	clean_mul_fn_ffi_no_errors	mir_terminator_presence.cqpl	tt	tt	True	True
corpus	clean_mul_fn_ffi_no_errors	use_after_free_alloc.cqpl	ff	ff	True	True
corpus	clean_mul_fn_ffi_no_errors	use_after_free_alloc_state.cqpl	ff	ff	True	True
corpus	clean_struct_point_mem_leak_into_raw_no_errors	allocator_mismatch_ub.cqpl	ff	ff	True	True
corpus	clean_struct_point_mem_leak_into_raw_no_errors	allocator_mismatch_ub_v2.cqpl	ff	ff	True	True
corpus	clean_struct_point_mem_leak_into_raw_no_errors	double_free_alloc.cqpl	unk	unk	True	True
corpus	clean_struct_point_mem_leak_into_raw_no_errors	double_free_alloc_state.cqpl	unk	unk	True	True
corpus	clean_struct_point_mem_leak_into_raw_no_errors	leak_alloc.cqpl	unk	unk	True	True
corpus	clean_struct_point_mem_leak_into_raw_no_errors	leak_alloc_state.cqpl	unk	unk	True	True
corpus	clean_struct_point_mem_leak_into_raw_no_errors	mir_rvalue_presence.cqpl	ff	ff	True	True
corpus	clean_struct_point_mem_leak_into_raw_no_errors	mir_statement_presence.cqpl	tt	tt	True	True
corpus	clean_struct_point_mem_leak_into_raw_no_errors	mir_structural_allocator_example.cqpl	ff	ff	True	True
corpus	clean_struct_point_mem_leak_into_raw_no_errors	mir_terminator_presence.cqpl	tt	tt	True	True
corpus	clean_struct_point_mem_leak_into_raw_no_errors	use_after_free_alloc.cqpl	ff	ff	True	True
corpus	clean_struct_point_mem_leak_into_raw_no_errors	use_after_free_alloc_state.cqpl	ff	ff	True	True
corpus	closure_df	allocator_mismatch_ub.cqpl	ff	ff	True	True
corpus	closure_df	allocator_mismatch_ub_v2.cqpl	ff	ff	True	True
corpus	closure_df	double_free_alloc.cqpl	unk	unk	True	True
corpus	closure_df	double_free_alloc_state.cqpl	unk	unk	True	True
corpus	closure_df	leak_alloc.cqpl	unk	unk	True	True
corpus	closure_df	leak_alloc_state.cqpl	unk	unk	True	True
corpus	closure_df	mir_rvalue_presence.cqpl	ff	ff	True	True
corpus	closure_df	mir_statement_presence.cqpl	tt	tt	True	True
corpus	closure_df	mir_structural_allocator_example.cqpl	ff	ff	True	True
corpus	closure_df	mir_terminator_presence.cqpl	tt	tt	True	True
corpus	closure_df	use_after_free_alloc.cqpl	unk	unk	True	True
corpus	closure_df	use_after_free_alloc_state.cqpl	unk	unk	True	True
corpus	c_malloc_c_double_free_df	allocator_mismatch_ub.cqpl	ff	ff	True	True
corpus	c_malloc_c_double_free_df	allocator_mismatch_ub_v2.cqpl	ff	ff	True	True
corpus	c_malloc_c_double_free_df	double_free_alloc.cqpl	unk	unk	True	True
corpus	c_malloc_c_double_free_df	double_free_alloc_state.cqpl	unk	unk	True	True
corpus	c_malloc_c_double_free_df	leak_alloc.cqpl	unk	unk	True	True
corpus	c_malloc_c_double_free_df	leak_alloc_state.cqpl	unk	unk	True	True
corpus	c_malloc_c_double_free_df	mir_rvalue_presence.cqpl	ff	ff	True	True
corpus	c_malloc_c_double_free_df	mir_statement_presence.cqpl	ff	ff	True	True
corpus	c_malloc_c_double_free_df	mir_structural_allocator_example.cqpl	ff	ff	True	True
corpus	c_malloc_c_double_free_df	mir_terminator_presence.cqpl	tt	tt	True	True
corpus	c_malloc_c_double_free_df	use_after_free_alloc.cqpl	unk	unk	True	True
corpus	c_malloc_c_double_free_df	use_after_free_alloc_state.cqpl	unk	unk	True	True
corpus	c_malloc_c_free_clean	allocator_mismatch_ub.cqpl	ff	ff	True	True
corpus	c_malloc_c_free_clean	allocator_mismatch_ub_v2.cqpl	ff	ff	True	True
corpus	c_malloc_c_free_clean	double_free_alloc.cqpl	ff	ff	True	True
corpus	c_malloc_c_free_clean	double_free_alloc_state.cqpl	ff	ff	True	True
corpus	c_malloc_c_free_clean	leak_alloc.cqpl	unk	unk	True	True
corpus	c_malloc_c_free_clean	leak_alloc_state.cqpl	unk	unk	True	True
corpus	c_malloc_c_free_clean	mir_rvalue_presence.cqpl	ff	ff	True	True
corpus	c_malloc_c_free_clean	mir_statement_presence.cqpl	tt	tt	True	True
corpus	c_malloc_c_free_clean	mir_structural_allocator_example.cqpl	ff	ff	True	True
corpus	c_malloc_c_free_clean	mir_terminator_presence.cqpl	tt	tt	True	True
corpus	c_malloc_c_free_clean	use_after_free_alloc.cqpl	ff	ff	True	True
corpus	c_malloc_c_free_clean	use_after_free_alloc_state.cqpl	ff	ff	True	True
corpus	c_malloc_c_free_then_rust_use_uaf	allocator_mismatch_ub.cqpl	ff	ff	True	True
corpus	c_malloc_c_free_then_rust_use_uaf	allocator_mismatch_ub_v2.cqpl	ff	ff	True	True
corpus	c_malloc_c_free_then_rust_use_uaf	double_free_alloc.cqpl	ff	ff	True	True
corpus	c_malloc_c_free_then_rust_use_uaf	double_free_alloc_state.cqpl	ff	ff	True	True
corpus	c_malloc_c_free_then_rust_use_uaf	leak_alloc.cqpl	unk	unk	True	True
corpus	c_malloc_c_free_then_rust_use_uaf	leak_alloc_state.cqpl	unk	unk	True	True
corpus	c_malloc_c_free_then_rust_use_uaf	mir_rvalue_presence.cqpl	ff	ff	True	True
corpus	c_malloc_c_free_then_rust_use_uaf	mir_statement_presence.cqpl	tt	tt	True	True
corpus	c_malloc_c_free_then_rust_use_uaf	mir_structural_allocator_example.cqpl	ff	ff	True	True
corpus	c_malloc_c_free_then_rust_use_uaf	mir_terminator_presence.cqpl	tt	tt	True	True
corpus	c_malloc_c_free_then_rust_use_uaf	use_after_free_alloc.cqpl	unk	unk	True	True
corpus	c_malloc_c_free_then_rust_use_uaf	use_after_free_alloc_state.cqpl	unk	unk	True	True
corpus	c_malloc_cstr_borrow_c_free_clean	allocator_mismatch_ub.cqpl	ff	ff	True	True
corpus	c_malloc_cstr_borrow_c_free_clean	allocator_mismatch_ub_v2.cqpl	ff	ff	True	True
corpus	c_malloc_cstr_borrow_c_free_clean	double_free_alloc.cqpl	ff	ff	True	True
corpus	c_malloc_cstr_borrow_c_free_clean	double_free_alloc_state.cqpl	ff	ff	True	True
corpus	c_malloc_cstr_borrow_c_free_clean	leak_alloc.cqpl	unk	unk	True	True
corpus	c_malloc_cstr_borrow_c_free_clean	leak_alloc_state.cqpl	unk	unk	True	True
corpus	c_malloc_cstr_borrow_c_free_clean	mir_rvalue_presence.cqpl	ff	ff	True	True
corpus	c_malloc_cstr_borrow_c_free_clean	mir_statement_presence.cqpl	tt	tt	True	True
corpus	c_malloc_cstr_borrow_c_free_clean	mir_structural_allocator_example.cqpl	ff	ff	True	True
corpus	c_malloc_cstr_borrow_c_free_clean	mir_terminator_presence.cqpl	tt	tt	True	True
corpus	c_malloc_cstr_borrow_c_free_clean	use_after_free_alloc.cqpl	ff	ff	True	True
corpus	c_malloc_cstr_borrow_c_free_clean	use_after_free_alloc_state.cqpl	ff	ff	True	True
corpus	c_malloc_leak_ml	allocator_mismatch_ub.cqpl	ff	ff	True	True
corpus	c_malloc_leak_ml	allocator_mismatch_ub_v2.cqpl	ff	ff	True	True
corpus	c_malloc_leak_ml	double_free_alloc.cqpl	ff	ff	True	True
corpus	c_malloc_leak_ml	double_free_alloc_state.cqpl	ff	ff	True	True
corpus	c_malloc_leak_ml	leak_alloc.cqpl	unk	unk	True	True
corpus	c_malloc_leak_ml	leak_alloc_state.cqpl	unk	unk	True	True
corpus	c_malloc_leak_ml	mir_rvalue_presence.cqpl	ff	ff	True	True
corpus	c_malloc_leak_ml	mir_statement_presence.cqpl	tt	tt	True	True
corpus	c_malloc_leak_ml	mir_structural_allocator_example.cqpl	ff	ff	True	True
corpus	c_malloc_leak_ml	mir_terminator_presence.cqpl	tt	tt	True	True
corpus	c_malloc_leak_ml	use_after_free_alloc.cqpl	ff	ff	True	True
corpus	c_malloc_leak_ml	use_after_free_alloc_state.cqpl	ff	ff	True	True
corpus	c_malloc_rust_box_from_raw_ub	allocator_mismatch_ub.cqpl	unk	unk	True	True
corpus	c_malloc_rust_box_from_raw_ub	allocator_mismatch_ub_v2.cqpl	unk	unk	True	True
corpus	c_malloc_rust_box_from_raw_ub	double_free_alloc.cqpl	ff	ff	True	True
corpus	c_malloc_rust_box_from_raw_ub	double_free_alloc_state.cqpl	ff	ff	True	True
corpus	c_malloc_rust_box_from_raw_ub	leak_alloc.cqpl	unk	unk	True	True
corpus	c_malloc_rust_box_from_raw_ub	leak_alloc_state.cqpl	unk	unk	True	True
corpus	c_malloc_rust_box_from_raw_ub	mir_rvalue_presence.cqpl	ff	ff	True	True
corpus	c_malloc_rust_box_from_raw_ub	mir_statement_presence.cqpl	tt	tt	True	True
corpus	c_malloc_rust_box_from_raw_ub	mir_structural_allocator_example.cqpl	unk	unk	True	True
corpus	c_malloc_rust_box_from_raw_ub	mir_terminator_presence.cqpl	tt	tt	True	True
corpus	c_malloc_rust_box_from_raw_ub	use_after_free_alloc.cqpl	ff	ff	True	True
corpus	c_malloc_rust_box_from_raw_ub	use_after_free_alloc_state.cqpl	ff	ff	True	True
corpus	c_malloc_rust_cstring_from_raw_ub	allocator_mismatch_ub.cqpl	unk	unk	True	True
corpus	c_malloc_rust_cstring_from_raw_ub	allocator_mismatch_ub_v2.cqpl	unk	unk	True	True
corpus	c_malloc_rust_cstring_from_raw_ub	double_free_alloc.cqpl	ff	ff	True	True
corpus	c_malloc_rust_cstring_from_raw_ub	double_free_alloc_state.cqpl	ff	ff	True	True
corpus	c_malloc_rust_cstring_from_raw_ub	leak_alloc.cqpl	unk	unk	True	True
corpus	c_malloc_rust_cstring_from_raw_ub	leak_alloc_state.cqpl	unk	unk	True	True
corpus	c_malloc_rust_cstring_from_raw_ub	mir_rvalue_presence.cqpl	ff	ff	True	True
corpus	c_malloc_rust_cstring_from_raw_ub	mir_statement_presence.cqpl	tt	tt	True	True
corpus	c_malloc_rust_cstring_from_raw_ub	mir_structural_allocator_example.cqpl	unk	unk	True	True
corpus	c_malloc_rust_cstring_from_raw_ub	mir_terminator_presence.cqpl	tt	tt	True	True
corpus	c_malloc_rust_cstring_from_raw_ub	use_after_free_alloc.cqpl	ff	ff	True	True
corpus	c_malloc_rust_cstring_from_raw_ub	use_after_free_alloc_state.cqpl	ff	ff	True	True
corpus	c_malloc_rust_double_free_df	allocator_mismatch_ub.cqpl	ff	ff	True	True
corpus	c_malloc_rust_double_free_df	allocator_mismatch_ub_v2.cqpl	ff	ff	True	True
corpus	c_malloc_rust_double_free_df	double_free_alloc.cqpl	unk	unk	True	True
corpus	c_malloc_rust_double_free_df	double_free_alloc_state.cqpl	unk	unk	True	True
corpus	c_malloc_rust_double_free_df	leak_alloc.cqpl	unk	unk	True	True
corpus	c_malloc_rust_double_free_df	leak_alloc_state.cqpl	unk	unk	True	True
corpus	c_malloc_rust_double_free_df	mir_rvalue_presence.cqpl	ff	ff	True	True
corpus	c_malloc_rust_double_free_df	mir_statement_presence.cqpl	ff	ff	True	True
corpus	c_malloc_rust_double_free_df	mir_structural_allocator_example.cqpl	ff	ff	True	True
corpus	c_malloc_rust_double_free_df	mir_terminator_presence.cqpl	tt	tt	True	True
corpus	c_malloc_rust_double_free_df	use_after_free_alloc.cqpl	ff	ff	True	True
corpus	c_malloc_rust_double_free_df	use_after_free_alloc_state.cqpl	ff	ff	True	True
corpus	c_malloc_rust_free_clean	allocator_mismatch_ub.cqpl	ff	ff	True	True
corpus	c_malloc_rust_free_clean	allocator_mismatch_ub_v2.cqpl	ff	ff	True	True
corpus	c_malloc_rust_free_clean	double_free_alloc.cqpl	ff	ff	True	True
corpus	c_malloc_rust_free_clean	double_free_alloc_state.cqpl	ff	ff	True	True
corpus	c_malloc_rust_free_clean	leak_alloc.cqpl	unk	unk	True	True
corpus	c_malloc_rust_free_clean	leak_alloc_state.cqpl	unk	unk	True	True
corpus	c_malloc_rust_free_clean	mir_rvalue_presence.cqpl	ff	ff	True	True
corpus	c_malloc_rust_free_clean	mir_statement_presence.cqpl	tt	tt	True	True
corpus	c_malloc_rust_free_clean	mir_structural_allocator_example.cqpl	ff	ff	True	True
corpus	c_malloc_rust_free_clean	mir_terminator_presence.cqpl	tt	tt	True	True
corpus	c_malloc_rust_free_clean	use_after_free_alloc.cqpl	ff	ff	True	True
corpus	c_malloc_rust_free_clean	use_after_free_alloc_state.cqpl	ff	ff	True	True
corpus	c_malloc_rust_free_then_use_uaf	allocator_mismatch_ub.cqpl	ff	ff	True	True
corpus	c_malloc_rust_free_then_use_uaf	allocator_mismatch_ub_v2.cqpl	ff	ff	True	True
corpus	c_malloc_rust_free_then_use_uaf	double_free_alloc.cqpl	ff	ff	True	True
corpus	c_malloc_rust_free_then_use_uaf	double_free_alloc_state.cqpl	ff	ff	True	True
corpus	c_malloc_rust_free_then_use_uaf	leak_alloc.cqpl	unk	unk	True	True
corpus	c_malloc_rust_free_then_use_uaf	leak_alloc_state.cqpl	unk	unk	True	True
corpus	c_malloc_rust_free_then_use_uaf	mir_rvalue_presence.cqpl	ff	ff	True	True
corpus	c_malloc_rust_free_then_use_uaf	mir_statement_presence.cqpl	tt	tt	True	True
corpus	c_malloc_rust_free_then_use_uaf	mir_structural_allocator_example.cqpl	ff	ff	True	True
corpus	c_malloc_rust_free_then_use_uaf	mir_terminator_presence.cqpl	tt	tt	True	True
corpus	c_malloc_rust_free_then_use_uaf	use_after_free_alloc.cqpl	unk	unk	True	True
corpus	c_malloc_rust_free_then_use_uaf	use_after_free_alloc_state.cqpl	unk	unk	True	True
corpus	c_malloc_rust_std_dealloc_ub	allocator_mismatch_ub.cqpl	unk	unk	True	True
corpus	c_malloc_rust_std_dealloc_ub	allocator_mismatch_ub_v2.cqpl	unk	unk	True	True
corpus	c_malloc_rust_std_dealloc_ub	double_free_alloc.cqpl	ff	ff	True	True
corpus	c_malloc_rust_std_dealloc_ub	double_free_alloc_state.cqpl	ff	ff	True	True
corpus	c_malloc_rust_std_dealloc_ub	leak_alloc.cqpl	unk	unk	True	True
corpus	c_malloc_rust_std_dealloc_ub	leak_alloc_state.cqpl	unk	unk	True	True
corpus	c_malloc_rust_std_dealloc_ub	mir_rvalue_presence.cqpl	ff	ff	True	True
corpus	c_malloc_rust_std_dealloc_ub	mir_statement_presence.cqpl	tt	tt	True	True
corpus	c_malloc_rust_std_dealloc_ub	mir_structural_allocator_example.cqpl	ff	ff	True	True
corpus	c_malloc_rust_std_dealloc_ub	mir_terminator_presence.cqpl	tt	tt	True	True
corpus	c_malloc_rust_std_dealloc_ub	use_after_free_alloc.cqpl	ff	ff	True	True
corpus	c_malloc_rust_std_dealloc_ub	use_after_free_alloc_state.cqpl	ff	ff	True	True
corpus	c_malloc_rust_string_from_raw_parts_ub	allocator_mismatch_ub.cqpl	unk	unk	True	True
corpus	c_malloc_rust_string_from_raw_parts_ub	allocator_mismatch_ub_v2.cqpl	unk	unk	True	True
corpus	c_malloc_rust_string_from_raw_parts_ub	double_free_alloc.cqpl	ff	ff	True	True
corpus	c_malloc_rust_string_from_raw_parts_ub	double_free_alloc_state.cqpl	ff	ff	True	True
corpus	c_malloc_rust_string_from_raw_parts_ub	leak_alloc.cqpl	unk	unk	True	True
corpus	c_malloc_rust_string_from_raw_parts_ub	leak_alloc_state.cqpl	unk	unk	True	True
corpus	c_malloc_rust_string_from_raw_parts_ub	mir_rvalue_presence.cqpl	ff	ff	True	True
corpus	c_malloc_rust_string_from_raw_parts_ub	mir_statement_presence.cqpl	tt	tt	True	True
corpus	c_malloc_rust_string_from_raw_parts_ub	mir_structural_allocator_example.cqpl	unk	unk	True	True
corpus	c_malloc_rust_string_from_raw_parts_ub	mir_terminator_presence.cqpl	tt	tt	True	True
corpus	c_malloc_rust_string_from_raw_parts_ub	use_after_free_alloc.cqpl	ff	ff	True	True
corpus	c_malloc_rust_string_from_raw_parts_ub	use_after_free_alloc_state.cqpl	ff	ff	True	True
corpus	c_malloc_rust_vec_from_raw_parts_ub	allocator_mismatch_ub.cqpl	unk	unk	True	True
corpus	c_malloc_rust_vec_from_raw_parts_ub	allocator_mismatch_ub_v2.cqpl	unk	unk	True	True
corpus	c_malloc_rust_vec_from_raw_parts_ub	double_free_alloc.cqpl	ff	ff	True	True
corpus	c_malloc_rust_vec_from_raw_parts_ub	double_free_alloc_state.cqpl	ff	ff	True	True
corpus	c_malloc_rust_vec_from_raw_parts_ub	leak_alloc.cqpl	unk	unk	True	True
corpus	c_malloc_rust_vec_from_raw_parts_ub	leak_alloc_state.cqpl	unk	unk	True	True
corpus	c_malloc_rust_vec_from_raw_parts_ub	mir_rvalue_presence.cqpl	ff	ff	True	True
corpus	c_malloc_rust_vec_from_raw_parts_ub	mir_statement_presence.cqpl	tt	tt	True	True
corpus	c_malloc_rust_vec_from_raw_parts_ub	mir_structural_allocator_example.cqpl	unk	unk	True	True
corpus	c_malloc_rust_vec_from_raw_parts_ub	mir_terminator_presence.cqpl	tt	tt	True	True
corpus	c_malloc_rust_vec_from_raw_parts_ub	use_after_free_alloc.cqpl	ff	ff	True	True
corpus	c_malloc_rust_vec_from_raw_parts_ub	use_after_free_alloc_state.cqpl	ff	ff	True	True
corpus	concurrent-verification	allocator_mismatch_ub.cqpl	ff	ff	True	True
corpus	concurrent-verification	allocator_mismatch_ub_v2.cqpl	ff	ff	True	True
corpus	concurrent-verification	double_free_alloc.cqpl	ff	ff	True	True
corpus	concurrent-verification	double_free_alloc_state.cqpl	ff	ff	True	True
corpus	concurrent-verification	leak_alloc.cqpl	unk	unk	True	True
corpus	concurrent-verification	leak_alloc_state.cqpl	unk	unk	True	True
corpus	concurrent-verification	mir_rvalue_presence.cqpl	ff	ff	True	True
corpus	concurrent-verification	mir_statement_presence.cqpl	tt	tt	True	True
corpus	concurrent-verification	mir_structural_allocator_example.cqpl	ff	ff	True	True
corpus	concurrent-verification	mir_terminator_presence.cqpl	tt	tt	True	True
corpus	concurrent-verification	use_after_free_alloc.cqpl	ff	ff	True	True
corpus	concurrent-verification	use_after_free_alloc_state.cqpl	ff	ff	True	True
corpus	c_static_cstr_borrow_clean	allocator_mismatch_ub.cqpl	ff	ff	True	True
corpus	c_static_cstr_borrow_clean	allocator_mismatch_ub_v2.cqpl	ff	ff	True	True
corpus	c_static_cstr_borrow_clean	double_free_alloc.cqpl	ff	ff	True	True
corpus	c_static_cstr_borrow_clean	double_free_alloc_state.cqpl	ff	ff	True	True
corpus	c_static_cstr_borrow_clean	leak_alloc.cqpl	ff	ff	True	True
corpus	c_static_cstr_borrow_clean	leak_alloc_state.cqpl	ff	ff	True	True
corpus	c_static_cstr_borrow_clean	mir_rvalue_presence.cqpl	ff	ff	True	True
corpus	c_static_cstr_borrow_clean	mir_statement_presence.cqpl	tt	tt	True	True
corpus	c_static_cstr_borrow_clean	mir_structural_allocator_example.cqpl	ff	ff	True	True
corpus	c_static_cstr_borrow_clean	mir_terminator_presence.cqpl	tt	tt	True	True
corpus	c_static_cstr_borrow_clean	use_after_free_alloc.cqpl	ff	ff	True	True
corpus	c_static_cstr_borrow_clean	use_after_free_alloc_state.cqpl	ff	ff	True	True
corpus	cstr_cargo_df_ffi	allocator_mismatch_ub.cqpl	unk	unk	True	True
corpus	cstr_cargo_df_ffi	allocator_mismatch_ub_v2.cqpl	unk	unk	True	True
corpus	cstr_cargo_df_ffi	double_free_alloc.cqpl	unk	unk	True	True
corpus	cstr_cargo_df_ffi	double_free_alloc_state.cqpl	unk	unk	True	True
corpus	cstr_cargo_df_ffi	leak_alloc.cqpl	unk	unk	True	True
corpus	cstr_cargo_df_ffi	leak_alloc_state.cqpl	unk	unk	True	True
corpus	cstr_cargo_df_ffi	mir_rvalue_presence.cqpl	ff	ff	True	True
corpus	cstr_cargo_df_ffi	mir_statement_presence.cqpl	tt	tt	True	True
corpus	cstr_cargo_df_ffi	mir_structural_allocator_example.cqpl	ff	ff	True	True
corpus	cstr_cargo_df_ffi	mir_terminator_presence.cqpl	tt	tt	True	True
corpus	cstr_cargo_df_ffi	use_after_free_alloc.cqpl	unk	unk	True	True
corpus	cstr_cargo_df_ffi	use_after_free_alloc_state.cqpl	unk	unk	True	True
corpus	cstr_expect_uaf_and_ub_ffi	allocator_mismatch_ub.cqpl	unk	unk	True	True
corpus	cstr_expect_uaf_and_ub_ffi	allocator_mismatch_ub_v2.cqpl	unk	unk	True	True
corpus	cstr_expect_uaf_and_ub_ffi	double_free_alloc.cqpl	ff	ff	True	True
corpus	cstr_expect_uaf_and_ub_ffi	double_free_alloc_state.cqpl	ff	ff	True	True
corpus	cstr_expect_uaf_and_ub_ffi	leak_alloc.cqpl	unk	unk	True	True
corpus	cstr_expect_uaf_and_ub_ffi	leak_alloc_state.cqpl	unk	unk	True	True
corpus	cstr_expect_uaf_and_ub_ffi	mir_rvalue_presence.cqpl	ff	ff	True	True
corpus	cstr_expect_uaf_and_ub_ffi	mir_statement_presence.cqpl	tt	tt	True	True
corpus	cstr_expect_uaf_and_ub_ffi	mir_structural_allocator_example.cqpl	ff	ff	True	True
corpus	cstr_expect_uaf_and_ub_ffi	mir_terminator_presence.cqpl	tt	tt	True	True
corpus	cstr_expect_uaf_and_ub_ffi	use_after_free_alloc.cqpl	unk	unk	True	True
corpus	cstr_expect_uaf_and_ub_ffi	use_after_free_alloc_state.cqpl	unk	unk	True	True
corpus	cstringcargo_df_ffi	allocator_mismatch_ub.cqpl	unk	unk	True	True
corpus	cstringcargo_df_ffi	allocator_mismatch_ub_v2.cqpl	unk	unk	True	True
corpus	cstringcargo_df_ffi	double_free_alloc.cqpl	unk	unk	True	True
corpus	cstringcargo_df_ffi	double_free_alloc_state.cqpl	unk	unk	True	True
corpus	cstringcargo_df_ffi	leak_alloc.cqpl	unk	unk	True	True
corpus	cstringcargo_df_ffi	leak_alloc_state.cqpl	unk	unk	True	True
corpus	cstringcargo_df_ffi	mir_rvalue_presence.cqpl	ff	ff	True	True
corpus	cstringcargo_df_ffi	mir_statement_presence.cqpl	tt	tt	True	True
corpus	cstringcargo_df_ffi	mir_structural_allocator_example.cqpl	ff	ff	True	True
corpus	cstringcargo_df_ffi	mir_terminator_presence.cqpl	tt	tt	True	True
corpus	cstringcargo_df_ffi	use_after_free_alloc.cqpl	unk	unk	True	True
corpus	cstringcargo_df_ffi	use_after_free_alloc_state.cqpl	unk	unk	True	True
corpus	cstringcargo_enum_df_only_rust	allocator_mismatch_ub.cqpl	unk	unk	True	True
corpus	cstringcargo_enum_df_only_rust	allocator_mismatch_ub_v2.cqpl	unk	unk	True	True
corpus	cstringcargo_enum_df_only_rust	double_free_alloc.cqpl	unk	unk	True	True
corpus	cstringcargo_enum_df_only_rust	double_free_alloc_state.cqpl	unk	unk	True	True
corpus	cstringcargo_enum_df_only_rust	leak_alloc.cqpl	unk	unk	True	True
corpus	cstringcargo_enum_df_only_rust	leak_alloc_state.cqpl	unk	unk	True	True
corpus	cstringcargo_enum_df_only_rust	mir_rvalue_presence.cqpl	ff	ff	True	True
corpus	cstringcargo_enum_df_only_rust	mir_statement_presence.cqpl	tt	tt	True	True
corpus	cstringcargo_enum_df_only_rust	mir_structural_allocator_example.cqpl	unk	unk	True	True
corpus	cstringcargo_enum_df_only_rust	mir_terminator_presence.cqpl	tt	tt	True	True
corpus	cstringcargo_enum_df_only_rust	use_after_free_alloc.cqpl	unk	unk	True	True
corpus	cstringcargo_enum_df_only_rust	use_after_free_alloc_state.cqpl	unk	unk	True	True
corpus	cstring_df_only_rust	allocator_mismatch_ub.cqpl	unk	unk	True	True
corpus	cstring_df_only_rust	allocator_mismatch_ub_v2.cqpl	unk	unk	True	True
corpus	cstring_df_only_rust	double_free_alloc.cqpl	unk	unk	True	True
corpus	cstring_df_only_rust	double_free_alloc_state.cqpl	unk	unk	True	True
corpus	cstring_df_only_rust	leak_alloc.cqpl	unk	unk	True	True
corpus	cstring_df_only_rust	leak_alloc_state.cqpl	unk	unk	True	True
corpus	cstring_df_only_rust	mir_rvalue_presence.cqpl	ff	ff	True	True
corpus	cstring_df_only_rust	mir_statement_presence.cqpl	ff	ff	True	True
corpus	cstring_df_only_rust	mir_structural_allocator_example.cqpl	ff	ff	True	True
corpus	cstring_df_only_rust	mir_terminator_presence.cqpl	tt	tt	True	True
corpus	cstring_df_only_rust	use_after_free_alloc.cqpl	unk	unk	True	True
corpus	cstring_df_only_rust	use_after_free_alloc_state.cqpl	unk	unk	True	True
corpus	df_rand_cargo_c_ffi	allocator_mismatch_ub.cqpl	unk	unk	True	True
corpus	df_rand_cargo_c_ffi	allocator_mismatch_ub_v2.cqpl	unk	unk	True	True
corpus	df_rand_cargo_c_ffi	double_free_alloc.cqpl	unk	unk	True	True
corpus	df_rand_cargo_c_ffi	double_free_alloc_state.cqpl	unk	unk	True	True
corpus	df_rand_cargo_c_ffi	leak_alloc.cqpl	unk	unk	True	True
corpus	df_rand_cargo_c_ffi	leak_alloc_state.cqpl	unk	unk	True	True
corpus	df_rand_cargo_c_ffi	mir_rvalue_presence.cqpl	ff	ff	True	True
corpus	df_rand_cargo_c_ffi	mir_statement_presence.cqpl	tt	tt	True	True
corpus	df_rand_cargo_c_ffi	mir_structural_allocator_example.cqpl	ff	ff	True	True
corpus	df_rand_cargo_c_ffi	mir_terminator_presence.cqpl	tt	tt	True	True
corpus	df_rand_cargo_c_ffi	use_after_free_alloc.cqpl	ff	ff	True	True
corpus	df_rand_cargo_c_ffi	use_after_free_alloc_state.cqpl	ff	ff	True	True
corpus	drop_raw_ptr_no_free	allocator_mismatch_ub.cqpl	ff	ff	True	True
corpus	drop_raw_ptr_no_free	allocator_mismatch_ub_v2.cqpl	ff	ff	True	True
corpus	drop_raw_ptr_no_free	double_free_alloc.cqpl	ff	ff	True	True
corpus	drop_raw_ptr_no_free	double_free_alloc_state.cqpl	ff	ff	True	True
corpus	drop_raw_ptr_no_free	leak_alloc.cqpl	unk	unk	True	True
corpus	drop_raw_ptr_no_free	leak_alloc_state.cqpl	unk	unk	True	True
corpus	drop_raw_ptr_no_free	mir_rvalue_presence.cqpl	ff	ff	True	True
corpus	drop_raw_ptr_no_free	mir_statement_presence.cqpl	tt	tt	True	True
corpus	drop_raw_ptr_no_free	mir_structural_allocator_example.cqpl	ff	ff	True	True
corpus	drop_raw_ptr_no_free	mir_terminator_presence.cqpl	tt	tt	True	True
corpus	drop_raw_ptr_no_free	use_after_free_alloc.cqpl	ff	ff	True	True
corpus	drop_raw_ptr_no_free	use_after_free_alloc_state.cqpl	ff	ff	True	True
corpus	explicit_drop_df_only_rust	allocator_mismatch_ub.cqpl	ff	ff	True	True
corpus	explicit_drop_df_only_rust	allocator_mismatch_ub_v2.cqpl	ff	ff	True	True
corpus	explicit_drop_df_only_rust	double_free_alloc.cqpl	unk	unk	True	True
corpus	explicit_drop_df_only_rust	double_free_alloc_state.cqpl	unk	unk	True	True
corpus	explicit_drop_df_only_rust	leak_alloc.cqpl	unk	unk	True	True
corpus	explicit_drop_df_only_rust	leak_alloc_state.cqpl	unk	unk	True	True
corpus	explicit_drop_df_only_rust	mir_rvalue_presence.cqpl	ff	ff	True	True
corpus	explicit_drop_df_only_rust	mir_statement_presence.cqpl	ff	ff	True	True
corpus	explicit_drop_df_only_rust	mir_structural_allocator_example.cqpl	ff	ff	True	True
corpus	explicit_drop_df_only_rust	mir_terminator_presence.cqpl	tt	tt	True	True
corpus	explicit_drop_df_only_rust	use_after_free_alloc.cqpl	ff	ff	True	True
corpus	explicit_drop_df_only_rust	use_after_free_alloc_state.cqpl	ff	ff	True	True
corpus	for_df_ffi	allocator_mismatch_ub.cqpl	unk	unk	True	True
corpus	for_df_ffi	allocator_mismatch_ub_v2.cqpl	unk	unk	True	True
corpus	for_df_ffi	double_free_alloc.cqpl	unk	unk	True	True
corpus	for_df_ffi	double_free_alloc_state.cqpl	unk	unk	True	True
corpus	for_df_ffi	leak_alloc.cqpl	unk	unk	True	True
corpus	for_df_ffi	leak_alloc_state.cqpl	unk	unk	True	True
corpus	for_df_ffi	mir_rvalue_presence.cqpl	ff	ff	True	True
corpus	for_df_ffi	mir_statement_presence.cqpl	tt	tt	True	True
corpus	for_df_ffi	mir_structural_allocator_example.cqpl	ff	ff	True	True
corpus	for_df_ffi	mir_terminator_presence.cqpl	tt	tt	True	True
corpus	for_df_ffi	use_after_free_alloc.cqpl	unk	unk	True	True
corpus	for_df_ffi	use_after_free_alloc_state.cqpl	unk	unk	True	True
corpus	for_memory_leak_ffi	allocator_mismatch_ub.cqpl	ff	ff	True	True
corpus	for_memory_leak_ffi	allocator_mismatch_ub_v2.cqpl	ff	ff	True	True
corpus	for_memory_leak_ffi	double_free_alloc.cqpl	ff	ff	True	True
corpus	for_memory_leak_ffi	double_free_alloc_state.cqpl	ff	ff	True	True
corpus	for_memory_leak_ffi	leak_alloc.cqpl	unk	unk	True	True
corpus	for_memory_leak_ffi	leak_alloc_state.cqpl	unk	unk	True	True
corpus	for_memory_leak_ffi	mir_rvalue_presence.cqpl	ff	ff	True	True
corpus	for_memory_leak_ffi	mir_statement_presence.cqpl	tt	tt	True	True
corpus	for_memory_leak_ffi	mir_structural_allocator_example.cqpl	ff	ff	True	True
corpus	for_memory_leak_ffi	mir_terminator_presence.cqpl	tt	tt	True	True
corpus	for_memory_leak_ffi	use_after_free_alloc.cqpl	ff	ff	True	True
corpus	for_memory_leak_ffi	use_after_free_alloc_state.cqpl	ff	ff	True	True
corpus	lock-free	allocator_mismatch_ub.cqpl	ff	ff	True	True
corpus	lock-free	allocator_mismatch_ub_v2.cqpl	ff	ff	True	True
corpus	lock-free	double_free_alloc.cqpl	ff	ff	True	True
corpus	lock-free	double_free_alloc_state.cqpl	ff	ff	True	True
corpus	lock-free	leak_alloc.cqpl	unk	unk	True	True
corpus	lock-free	leak_alloc_state.cqpl	unk	unk	True	True
corpus	lock-free	mir_rvalue_presence.cqpl	tt	tt	True	True
corpus	lock-free	mir_statement_presence.cqpl	tt	tt	True	True
corpus	lock-free	mir_structural_allocator_example.cqpl	ff	ff	True	True
corpus	lock-free	mir_terminator_presence.cqpl	tt	tt	True	True
corpus	lock-free	use_after_free_alloc.cqpl	ff	ff	True	True
corpus	lock-free	use_after_free_alloc_state.cqpl	ff	ff	True	True
corpus	lock_free_non_blocking_linked_list	allocator_mismatch_ub.cqpl	ff	ff	True	True
corpus	lock_free_non_blocking_linked_list	allocator_mismatch_ub_v2.cqpl	ff	ff	True	True
corpus	lock_free_non_blocking_linked_list	double_free_alloc.cqpl	ff	ff	True	True
corpus	lock_free_non_blocking_linked_list	double_free_alloc_state.cqpl	ff	ff	True	True
corpus	lock_free_non_blocking_linked_list	leak_alloc.cqpl	unk	unk	True	True
corpus	lock_free_non_blocking_linked_list	leak_alloc_state.cqpl	unk	unk	True	True
corpus	lock_free_non_blocking_linked_list	mir_rvalue_presence.cqpl	ff	ff	True	True
corpus	lock_free_non_blocking_linked_list	mir_statement_presence.cqpl	tt	tt	True	True
corpus	lock_free_non_blocking_linked_list	mir_structural_allocator_example.cqpl	ff	ff	True	True
corpus	lock_free_non_blocking_linked_list	mir_terminator_presence.cqpl	tt	tt	True	True
corpus	lock_free_non_blocking_linked_list	use_after_free_alloc.cqpl	ff	ff	True	True
corpus	lock_free_non_blocking_linked_list	use_after_free_alloc_state.cqpl	ff	ff	True	True
corpus	napkin-math-test	allocator_mismatch_ub.cqpl	ff	ff	True	True
corpus	napkin-math-test	allocator_mismatch_ub_v2.cqpl	ff	ff	True	True
corpus	napkin-math-test	double_free_alloc.cqpl	ff	ff	True	True
corpus	napkin-math-test	double_free_alloc_state.cqpl	ff	ff	True	True
corpus	napkin-math-test	leak_alloc.cqpl	unk	unk	True	True
corpus	napkin-math-test	leak_alloc_state.cqpl	unk	unk	True	True
corpus	napkin-math-test	mir_rvalue_presence.cqpl	tt	tt	True	True
corpus	napkin-math-test	mir_statement_presence.cqpl	tt	tt	True	True
corpus	napkin-math-test	mir_structural_allocator_example.cqpl	ff	ff	True	True
corpus	napkin-math-test	mir_terminator_presence.cqpl	tt	tt	True	True
corpus	napkin-math-test	use_after_free_alloc.cqpl	ff	ff	True	True
corpus	napkin-math-test	use_after_free_alloc_state.cqpl	ff	ff	True	True
corpus	noGenerator	allocator_mismatch_ub.cqpl	ff	ff	True	True
corpus	noGenerator	allocator_mismatch_ub_v2.cqpl	ff	ff	True	True
corpus	noGenerator	double_free_alloc.cqpl	ff	ff	True	True
corpus	noGenerator	double_free_alloc_state.cqpl	ff	ff	True	True
corpus	noGenerator	leak_alloc.cqpl	unk	unk	True	True
corpus	noGenerator	leak_alloc_state.cqpl	unk	unk	True	True
corpus	noGenerator	mir_rvalue_presence.cqpl	ff	ff	True	True
corpus	noGenerator	mir_statement_presence.cqpl	tt	tt	True	True
corpus	noGenerator	mir_structural_allocator_example.cqpl	ff	ff	True	True
corpus	noGenerator	mir_terminator_presence.cqpl	tt	tt	True	True
corpus	noGenerator	use_after_free_alloc.cqpl	ff	ff	True	True
corpus	noGenerator	use_after_free_alloc_state.cqpl	ff	ff	True	True
corpus	rc-playground	allocator_mismatch_ub.cqpl	ff	ff	True	True
corpus	rc-playground	allocator_mismatch_ub_v2.cqpl	ff	ff	True	True
corpus	rc-playground	double_free_alloc.cqpl	ff	ff	True	True
corpus	rc-playground	double_free_alloc_state.cqpl	ff	ff	True	True
corpus	rc-playground	leak_alloc.cqpl	unk	unk	True	True
corpus	rc-playground	leak_alloc_state.cqpl	unk	unk	True	True
corpus	rc-playground	mir_rvalue_presence.cqpl	tt	tt	True	True
corpus	rc-playground	mir_statement_presence.cqpl	tt	tt	True	True
corpus	rc-playground	mir_structural_allocator_example.cqpl	ff	ff	True	True
corpus	rc-playground	mir_terminator_presence.cqpl	tt	tt	True	True
corpus	rc-playground	use_after_free_alloc.cqpl	ff	ff	True	True
corpus	rc-playground	use_after_free_alloc_state.cqpl	ff	ff	True	True
corpus	rusant	allocator_mismatch_ub.cqpl	ff	ff	True	True
corpus	rusant	allocator_mismatch_ub_v2.cqpl	ff	ff	True	True
corpus	rusant	double_free_alloc.cqpl	ff	ff	True	True
corpus	rusant	double_free_alloc_state.cqpl	ff	ff	True	True
corpus	rusant	leak_alloc.cqpl	unk	unk	True	True
corpus	rusant	leak_alloc_state.cqpl	unk	unk	True	True
corpus	rusant	mir_rvalue_presence.cqpl	ff	ff	True	True
corpus	rusant	mir_statement_presence.cqpl	tt	tt	True	True
corpus	rusant	mir_structural_allocator_example.cqpl	ff	ff	True	True
corpus	rusant	mir_terminator_presence.cqpl	tt	tt	True	True
corpus	rusant	use_after_free_alloc.cqpl	ff	ff	True	True
corpus	rusant	use_after_free_alloc_state.cqpl	ff	ff	True	True
corpus	rust-boks	allocator_mismatch_ub.cqpl	ff	ff	True	True
corpus	rust-boks	allocator_mismatch_ub_v2.cqpl	ff	ff	True	True
corpus	rust-boks	double_free_alloc.cqpl	unk	unk	True	True
corpus	rust-boks	double_free_alloc_state.cqpl	unk	unk	True	True
corpus	rust-boks	leak_alloc.cqpl	unk	unk	True	True
corpus	rust-boks	leak_alloc_state.cqpl	unk	unk	True	True
corpus	rust-boks	mir_rvalue_presence.cqpl	ff	ff	True	True
corpus	rust-boks	mir_statement_presence.cqpl	tt	tt	True	True
corpus	rust-boks	mir_structural_allocator_example.cqpl	ff	ff	True	True
corpus	rust-boks	mir_terminator_presence.cqpl	tt	tt	True	True
corpus	rust-boks	use_after_free_alloc.cqpl	ff	ff	True	True
corpus	rust-boks	use_after_free_alloc_state.cqpl	ff	ff	True	True
corpus	rust_box_direct_c_free_ub	allocator_mismatch_ub.cqpl	unk	unk	True	True
corpus	rust_box_direct_c_free_ub	allocator_mismatch_ub_v2.cqpl	unk	unk	True	True
corpus	rust_box_direct_c_free_ub	double_free_alloc.cqpl	ff	ff	True	True
corpus	rust_box_direct_c_free_ub	double_free_alloc_state.cqpl	ff	ff	True	True
corpus	rust_box_direct_c_free_ub	leak_alloc.cqpl	unk	unk	True	True
corpus	rust_box_direct_c_free_ub	leak_alloc_state.cqpl	unk	unk	True	True
corpus	rust_box_direct_c_free_ub	mir_rvalue_presence.cqpl	ff	ff	True	True
corpus	rust_box_direct_c_free_ub	mir_statement_presence.cqpl	ff	ff	True	True
corpus	rust_box_direct_c_free_ub	mir_structural_allocator_example.cqpl	ff	ff	True	True
corpus	rust_box_direct_c_free_ub	mir_terminator_presence.cqpl	tt	tt	True	True
corpus	rust_box_direct_c_free_ub	use_after_free_alloc.cqpl	ff	ff	True	True
corpus	rust_box_direct_c_free_ub	use_after_free_alloc_state.cqpl	ff	ff	True	True
corpus	rust_hw3	allocator_mismatch_ub.cqpl	ff	ff	True	True
corpus	rust_hw3	allocator_mismatch_ub_v2.cqpl	ff	ff	True	True
corpus	rust_hw3	double_free_alloc.cqpl	ff	ff	True	True
corpus	rust_hw3	double_free_alloc_state.cqpl	ff	ff	True	True
corpus	rust_hw3	leak_alloc.cqpl	unk	unk	True	True
corpus	rust_hw3	leak_alloc_state.cqpl	unk	unk	True	True
corpus	rust_hw3	mir_rvalue_presence.cqpl	tt	tt	True	True
corpus	rust_hw3	mir_statement_presence.cqpl	tt	tt	True	True
corpus	rust_hw3	mir_structural_allocator_example.cqpl	ff	ff	True	True
corpus	rust_hw3	mir_terminator_presence.cqpl	tt	tt	True	True
corpus	rust_hw3	use_after_free_alloc.cqpl	ff	ff	True	True
corpus	rust_hw3	use_after_free_alloc_state.cqpl	ff	ff	True	True
corpus	rust_memory	allocator_mismatch_ub.cqpl	ff	ff	True	True
corpus	rust_memory	allocator_mismatch_ub_v2.cqpl	ff	ff	True	True
corpus	rust_memory	double_free_alloc.cqpl	ff	ff	True	True
corpus	rust_memory	double_free_alloc_state.cqpl	ff	ff	True	True
corpus	rust_memory	leak_alloc.cqpl	unk	unk	True	True
corpus	rust_memory	leak_alloc_state.cqpl	unk	unk	True	True
corpus	rust_memory	mir_rvalue_presence.cqpl	tt	tt	True	True
corpus	rust_memory	mir_statement_presence.cqpl	tt	tt	True	True
corpus	rust_memory	mir_structural_allocator_example.cqpl	ff	ff	True	True
corpus	rust_memory	mir_terminator_presence.cqpl	tt	tt	True	True
corpus	rust_memory	use_after_free_alloc.cqpl	ff	ff	True	True
corpus	rust_memory	use_after_free_alloc_state.cqpl	ff	ff	True	True
corpus	shared-register	allocator_mismatch_ub.cqpl	ff	ff	True	True
corpus	shared-register	allocator_mismatch_ub_v2.cqpl	ff	ff	True	True
corpus	shared-register	double_free_alloc.cqpl	ff	ff	True	True
corpus	shared-register	double_free_alloc_state.cqpl	ff	ff	True	True
corpus	shared-register	leak_alloc.cqpl	unk	unk	True	True
corpus	shared-register	leak_alloc_state.cqpl	unk	unk	True	True
corpus	shared-register	mir_rvalue_presence.cqpl	tt	tt	True	True
corpus	shared-register	mir_statement_presence.cqpl	tt	tt	True	True
corpus	shared-register	mir_structural_allocator_example.cqpl	ff	ff	True	True
corpus	shared-register	mir_terminator_presence.cqpl	tt	tt	True	True
corpus	shared-register	use_after_free_alloc.cqpl	ff	ff	True	True
corpus	shared-register	use_after_free_alloc_state.cqpl	ff	ff	True	True
corpus	skip-list-test	allocator_mismatch_ub.cqpl	ff	ff	True	True
corpus	skip-list-test	allocator_mismatch_ub_v2.cqpl	ff	ff	True	True
corpus	skip-list-test	double_free_alloc.cqpl	ff	ff	True	True
corpus	skip-list-test	double_free_alloc_state.cqpl	ff	ff	True	True
corpus	skip-list-test	leak_alloc.cqpl	unk	unk	True	True
corpus	skip-list-test	leak_alloc_state.cqpl	unk	unk	True	True
corpus	skip-list-test	mir_rvalue_presence.cqpl	ff	ff	True	True
corpus	skip-list-test	mir_statement_presence.cqpl	tt	tt	True	True
corpus	skip-list-test	mir_structural_allocator_example.cqpl	ff	ff	True	True
corpus	skip-list-test	mir_terminator_presence.cqpl	tt	tt	True	True
corpus	skip-list-test	use_after_free_alloc.cqpl	ff	ff	True	True
corpus	skip-list-test	use_after_free_alloc_state.cqpl	ff	ff	True	True
corpus	square	allocator_mismatch_ub.cqpl	ff	ff	True	True
corpus	square	allocator_mismatch_ub_v2.cqpl	ff	ff	True	True
corpus	square	double_free_alloc.cqpl	ff	ff	True	True
corpus	square	double_free_alloc_state.cqpl	ff	ff	True	True
corpus	square	leak_alloc.cqpl	ff	ff	True	True
corpus	square	leak_alloc_state.cqpl	ff	ff	True	True
corpus	square	mir_rvalue_presence.cqpl	ff	ff	True	True
corpus	square	mir_statement_presence.cqpl	ff	ff	True	True
corpus	square	mir_structural_allocator_example.cqpl	ff	ff	True	True
corpus	square	mir_terminator_presence.cqpl	tt	tt	True	True
corpus	square	use_after_free_alloc.cqpl	ff	ff	True	True
corpus	square	use_after_free_alloc_state.cqpl	ff	ff	True	True
corpus	stackswap-coroutines	allocator_mismatch_ub.cqpl	ff	ff	True	True
corpus	stackswap-coroutines	allocator_mismatch_ub_v2.cqpl	ff	ff	True	True
corpus	stackswap-coroutines	double_free_alloc.cqpl	ff	ff	True	True
corpus	stackswap-coroutines	double_free_alloc_state.cqpl	ff	ff	True	True
corpus	stackswap-coroutines	leak_alloc.cqpl	ff	ff	True	True
corpus	stackswap-coroutines	leak_alloc_state.cqpl	ff	ff	True	True
corpus	stackswap-coroutines	mir_rvalue_presence.cqpl	ff	ff	True	True
corpus	stackswap-coroutines	mir_statement_presence.cqpl	ff	ff	True	True
corpus	stackswap-coroutines	mir_structural_allocator_example.cqpl	ff	ff	True	True
corpus	stackswap-coroutines	mir_terminator_presence.cqpl	tt	tt	True	True
corpus	stackswap-coroutines	use_after_free_alloc.cqpl	ff	ff	True	True
corpus	stackswap-coroutines	use_after_free_alloc_state.cqpl	ff	ff	True	True
corpus	std_mem_forget_mem_leak_rust	allocator_mismatch_ub.cqpl	ff	ff	True	True
corpus	std_mem_forget_mem_leak_rust	allocator_mismatch_ub_v2.cqpl	ff	ff	True	True
corpus	std_mem_forget_mem_leak_rust	double_free_alloc.cqpl	ff	ff	True	True
corpus	std_mem_forget_mem_leak_rust	double_free_alloc_state.cqpl	ff	ff	True	True
corpus	std_mem_forget_mem_leak_rust	leak_alloc.cqpl	unk	unk	True	True
corpus	std_mem_forget_mem_leak_rust	leak_alloc_state.cqpl	unk	unk	True	True
corpus	std_mem_forget_mem_leak_rust	mir_rvalue_presence.cqpl	ff	ff	True	True
corpus	std_mem_forget_mem_leak_rust	mir_statement_presence.cqpl	tt	tt	True	True
corpus	std_mem_forget_mem_leak_rust	mir_structural_allocator_example.cqpl	ff	ff	True	True
corpus	std_mem_forget_mem_leak_rust	mir_terminator_presence.cqpl	tt	tt	True	True
corpus	std_mem_forget_mem_leak_rust	use_after_free_alloc.cqpl	ff	ff	True	True
corpus	std_mem_forget_mem_leak_rust	use_after_free_alloc_state.cqpl	ff	ff	True	True
corpus	struct_point_df_only_rust	allocator_mismatch_ub.cqpl	ff	ff	True	True
corpus	struct_point_df_only_rust	allocator_mismatch_ub_v2.cqpl	ff	ff	True	True
corpus	struct_point_df_only_rust	double_free_alloc.cqpl	unk	unk	True	True
corpus	struct_point_df_only_rust	double_free_alloc_state.cqpl	unk	unk	True	True
corpus	struct_point_df_only_rust	leak_alloc.cqpl	unk	unk	True	True
corpus	struct_point_df_only_rust	leak_alloc_state.cqpl	unk	unk	True	True
corpus	struct_point_df_only_rust	mir_rvalue_presence.cqpl	ff	ff	True	True
corpus	struct_point_df_only_rust	mir_statement_presence.cqpl	tt	tt	True	True
corpus	struct_point_df_only_rust	mir_structural_allocator_example.cqpl	ff	ff	True	True
corpus	struct_point_df_only_rust	mir_terminator_presence.cqpl	tt	tt	True	True
corpus	struct_point_df_only_rust	use_after_free_alloc.cqpl	ff	ff	True	True
corpus	struct_point_df_only_rust	use_after_free_alloc_state.cqpl	ff	ff	True	True
corpus	struct_point_mem_leak	allocator_mismatch_ub.cqpl	ff	ff	True	True
corpus	struct_point_mem_leak	allocator_mismatch_ub_v2.cqpl	ff	ff	True	True
corpus	struct_point_mem_leak	double_free_alloc.cqpl	unk	unk	True	True
corpus	struct_point_mem_leak	double_free_alloc_state.cqpl	unk	unk	True	True
corpus	struct_point_mem_leak	leak_alloc.cqpl	unk	unk	True	True
corpus	struct_point_mem_leak	leak_alloc_state.cqpl	unk	unk	True	True
corpus	struct_point_mem_leak	mir_rvalue_presence.cqpl	ff	ff	True	True
corpus	struct_point_mem_leak	mir_statement_presence.cqpl	tt	tt	True	True
corpus	struct_point_mem_leak	mir_structural_allocator_example.cqpl	ff	ff	True	True
corpus	struct_point_mem_leak	mir_terminator_presence.cqpl	tt	tt	True	True
corpus	struct_point_mem_leak	use_after_free_alloc.cqpl	ff	ff	True	True
corpus	struct_point_mem_leak	use_after_free_alloc_state.cqpl	ff	ff	True	True
corpus	uaf-df-mail-lillo	allocator_mismatch_ub.cqpl	unk	unk	True	True
corpus	uaf-df-mail-lillo	allocator_mismatch_ub_v2.cqpl	unk	unk	True	True
corpus	uaf-df-mail-lillo	double_free_alloc.cqpl	unk	unk	True	True
corpus	uaf-df-mail-lillo	double_free_alloc_state.cqpl	unk	unk	True	True
corpus	uaf-df-mail-lillo	leak_alloc.cqpl	unk	unk	True	True
corpus	uaf-df-mail-lillo	leak_alloc_state.cqpl	unk	unk	True	True
corpus	uaf-df-mail-lillo	mir_rvalue_presence.cqpl	ff	ff	True	True
corpus	uaf-df-mail-lillo	mir_statement_presence.cqpl	tt	tt	True	True
corpus	uaf-df-mail-lillo	mir_structural_allocator_example.cqpl	ff	ff	True	True
corpus	uaf-df-mail-lillo	mir_terminator_presence.cqpl	tt	tt	True	True
corpus	uaf-df-mail-lillo	use_after_free_alloc.cqpl	unk	unk	True	True
corpus	uaf-df-mail-lillo	use_after_free_alloc_state.cqpl	unk	unk	True	True
corpus	uaf_mem_leak_ffi	allocator_mismatch_ub.cqpl	unk	unk	True	True
corpus	uaf_mem_leak_ffi	allocator_mismatch_ub_v2.cqpl	unk	unk	True	True
corpus	uaf_mem_leak_ffi	double_free_alloc.cqpl	ff	ff	True	True
corpus	uaf_mem_leak_ffi	double_free_alloc_state.cqpl	ff	ff	True	True
corpus	uaf_mem_leak_ffi	leak_alloc.cqpl	unk	unk	True	True
corpus	uaf_mem_leak_ffi	leak_alloc_state.cqpl	unk	unk	True	True
corpus	uaf_mem_leak_ffi	mir_rvalue_presence.cqpl	ff	ff	True	True
corpus	uaf_mem_leak_ffi	mir_statement_presence.cqpl	tt	tt	True	True
corpus	uaf_mem_leak_ffi	mir_structural_allocator_example.cqpl	ff	ff	True	True
corpus	uaf_mem_leak_ffi	mir_terminator_presence.cqpl	tt	tt	True	True
corpus	uaf_mem_leak_ffi	use_after_free_alloc.cqpl	unk	unk	True	True
corpus	uaf_mem_leak_ffi	use_after_free_alloc_state.cqpl	unk	unk	True	True
corpus	uaf_read_ptr	allocator_mismatch_ub.cqpl	ff	ff	True	True
corpus	uaf_read_ptr	allocator_mismatch_ub_v2.cqpl	ff	ff	True	True
corpus	uaf_read_ptr	double_free_alloc.cqpl	ff	ff	True	True
corpus	uaf_read_ptr	double_free_alloc_state.cqpl	ff	ff	True	True
corpus	uaf_read_ptr	leak_alloc.cqpl	unk	unk	True	True
corpus	uaf_read_ptr	leak_alloc_state.cqpl	unk	unk	True	True
corpus	uaf_read_ptr	mir_rvalue_presence.cqpl	ff	ff	True	True
corpus	uaf_read_ptr	mir_statement_presence.cqpl	tt	tt	True	True
corpus	uaf_read_ptr	mir_structural_allocator_example.cqpl	ff	ff	True	True
corpus	uaf_read_ptr	mir_terminator_presence.cqpl	tt	tt	True	True
corpus	uaf_read_ptr	use_after_free_alloc.cqpl	unk	unk	True	True
corpus	uaf_read_ptr	use_after_free_alloc_state.cqpl	unk	unk	True	True
corpus	unsafely-created-owned-type	allocator_mismatch_ub.cqpl	ff	ff	True	True
corpus	unsafely-created-owned-type	allocator_mismatch_ub_v2.cqpl	ff	ff	True	True
corpus	unsafely-created-owned-type	double_free_alloc.cqpl	ff	ff	True	True
corpus	unsafely-created-owned-type	double_free_alloc_state.cqpl	ff	ff	True	True
corpus	unsafely-created-owned-type	leak_alloc.cqpl	unk	unk	True	True
corpus	unsafely-created-owned-type	leak_alloc_state.cqpl	unk	unk	True	True
corpus	unsafely-created-owned-type	mir_rvalue_presence.cqpl	ff	ff	True	True
corpus	unsafely-created-owned-type	mir_statement_presence.cqpl	tt	tt	True	True
corpus	unsafely-created-owned-type	mir_structural_allocator_example.cqpl	ff	ff	True	True
corpus	unsafely-created-owned-type	mir_terminator_presence.cqpl	tt	tt	True	True
corpus	unsafely-created-owned-type	use_after_free_alloc.cqpl	ff	ff	True	True
corpus	unsafely-created-owned-type	use_after_free_alloc_state.cqpl	ff	ff	True	True
corpus	unsized_struct	allocator_mismatch_ub.cqpl	ff	ff	True	True
corpus	unsized_struct	allocator_mismatch_ub_v2.cqpl	ff	ff	True	True
corpus	unsized_struct	double_free_alloc.cqpl	ff	ff	True	True
corpus	unsized_struct	double_free_alloc_state.cqpl	ff	ff	True	True
corpus	unsized_struct	leak_alloc.cqpl	ff	ff	True	True
corpus	unsized_struct	leak_alloc_state.cqpl	ff	ff	True	True
corpus	unsized_struct	mir_rvalue_presence.cqpl	tt	tt	True	True
corpus	unsized_struct	mir_statement_presence.cqpl	tt	tt	True	True
corpus	unsized_struct	mir_structural_allocator_example.cqpl	ff	ff	True	True
corpus	unsized_struct	mir_terminator_presence.cqpl	tt	tt	True	True
corpus	unsized_struct	use_after_free_alloc.cqpl	ff	ff	True	True
corpus	unsized_struct	use_after_free_alloc_state.cqpl	ff	ff	True	True
corpus	vuln_only_mem_leak_but_df_branch_overapprox_FFI	allocator_mismatch_ub.cqpl	unk	unk	True	True
corpus	vuln_only_mem_leak_but_df_branch_overapprox_FFI	allocator_mismatch_ub_v2.cqpl	unk	unk	True	True
corpus	vuln_only_mem_leak_but_df_branch_overapprox_FFI	double_free_alloc.cqpl	unk	unk	True	True
corpus	vuln_only_mem_leak_but_df_branch_overapprox_FFI	double_free_alloc_state.cqpl	unk	unk	True	True
corpus	vuln_only_mem_leak_but_df_branch_overapprox_FFI	leak_alloc.cqpl	unk	unk	True	True
corpus	vuln_only_mem_leak_but_df_branch_overapprox_FFI	leak_alloc_state.cqpl	unk	unk	True	True
corpus	vuln_only_mem_leak_but_df_branch_overapprox_FFI	mir_rvalue_presence.cqpl	ff	ff	True	True
corpus	vuln_only_mem_leak_but_df_branch_overapprox_FFI	mir_statement_presence.cqpl	tt	tt	True	True
corpus	vuln_only_mem_leak_but_df_branch_overapprox_FFI	mir_structural_allocator_example.cqpl	ff	ff	True	True
corpus	vuln_only_mem_leak_but_df_branch_overapprox_FFI	mir_terminator_presence.cqpl	tt	tt	True	True
corpus	vuln_only_mem_leak_but_df_branch_overapprox_FFI	use_after_free_alloc.cqpl	unk	unk	True	True
corpus	vuln_only_mem_leak_but_df_branch_overapprox_FFI	use_after_free_alloc_state.cqpl	unk	unk	True	True
corpus	warning_ub_bool	allocator_mismatch_ub.cqpl	unk	unk	True	True
corpus	warning_ub_bool	allocator_mismatch_ub_v2.cqpl	unk	unk	True	True
corpus	warning_ub_bool	double_free_alloc.cqpl	ff	ff	True	True
corpus	warning_ub_bool	double_free_alloc_state.cqpl	ff	ff	True	True
corpus	warning_ub_bool	leak_alloc.cqpl	unk	unk	True	True
corpus	warning_ub_bool	leak_alloc_state.cqpl	unk	unk	True	True
corpus	warning_ub_bool	mir_rvalue_presence.cqpl	ff	ff	True	True
corpus	warning_ub_bool	mir_statement_presence.cqpl	tt	tt	True	True
corpus	warning_ub_bool	mir_structural_allocator_example.cqpl	ff	ff	True	True
corpus	warning_ub_bool	mir_terminator_presence.cqpl	tt	tt	True	True
corpus	warning_ub_bool	use_after_free_alloc.cqpl	ff	ff	True	True
corpus	warning_ub_bool	use_after_free_alloc_state.cqpl	ff	ff	True	True
corpus	warning_ub_int	allocator_mismatch_ub.cqpl	unk	unk	True	True
corpus	warning_ub_int	allocator_mismatch_ub_v2.cqpl	unk	unk	True	True
corpus	warning_ub_int	double_free_alloc.cqpl	ff	ff	True	True
corpus	warning_ub_int	double_free_alloc_state.cqpl	ff	ff	True	True
corpus	warning_ub_int	leak_alloc.cqpl	unk	unk	True	True
corpus	warning_ub_int	leak_alloc_state.cqpl	unk	unk	True	True
corpus	warning_ub_int	mir_rvalue_presence.cqpl	ff	ff	True	True
corpus	warning_ub_int	mir_statement_presence.cqpl	ff	ff	True	True
corpus	warning_ub_int	mir_structural_allocator_example.cqpl	ff	ff	True	True
corpus	warning_ub_int	mir_terminator_presence.cqpl	tt	tt	True	True
corpus	warning_ub_int	use_after_free_alloc.cqpl	ff	ff	True	True
corpus	warning_ub_int	use_after_free_alloc_state.cqpl	ff	ff	True	True
corpus	warning_ub_mult	allocator_mismatch_ub.cqpl	unk	unk	True	True
corpus	warning_ub_mult	allocator_mismatch_ub_v2.cqpl	unk	unk	True	True
corpus	warning_ub_mult	double_free_alloc.cqpl	ff	ff	True	True
corpus	warning_ub_mult	double_free_alloc_state.cqpl	ff	ff	True	True
corpus	warning_ub_mult	leak_alloc.cqpl	unk	unk	True	True
corpus	warning_ub_mult	leak_alloc_state.cqpl	unk	unk	True	True
corpus	warning_ub_mult	mir_rvalue_presence.cqpl	ff	ff	True	True
corpus	warning_ub_mult	mir_statement_presence.cqpl	tt	tt	True	True
corpus	warning_ub_mult	mir_structural_allocator_example.cqpl	ff	ff	True	True
corpus	warning_ub_mult	mir_terminator_presence.cqpl	tt	tt	True	True
corpus	warning_ub_mult	use_after_free_alloc.cqpl	ff	ff	True	True
corpus	warning_ub_mult	use_after_free_alloc_state.cqpl	ff	ff	True	True
corpus	warning_ub_string	allocator_mismatch_ub.cqpl	unk	unk	True	True
corpus	warning_ub_string	allocator_mismatch_ub_v2.cqpl	unk	unk	True	True
corpus	warning_ub_string	double_free_alloc.cqpl	ff	ff	True	True
corpus	warning_ub_string	double_free_alloc_state.cqpl	ff	ff	True	True
corpus	warning_ub_string	leak_alloc.cqpl	unk	unk	True	True
corpus	warning_ub_string	leak_alloc_state.cqpl	unk	unk	True	True
corpus	warning_ub_string	mir_rvalue_presence.cqpl	ff	ff	True	True
corpus	warning_ub_string	mir_statement_presence.cqpl	tt	tt	True	True
corpus	warning_ub_string	mir_structural_allocator_example.cqpl	ff	ff	True	True
corpus	warning_ub_string	mir_terminator_presence.cqpl	tt	tt	True	True
corpus	warning_ub_string	use_after_free_alloc.cqpl	ff	ff	True	True
corpus	warning_ub_string	use_after_free_alloc_state.cqpl	ff	ff	True	True
corpus	wasm-demo	allocator_mismatch_ub.cqpl	ff	ff	True	True
corpus	wasm-demo	allocator_mismatch_ub_v2.cqpl	ff	ff	True	True
corpus	wasm-demo	double_free_alloc.cqpl	ff	ff	True	True
corpus	wasm-demo	double_free_alloc_state.cqpl	ff	ff	True	True
corpus	wasm-demo	leak_alloc.cqpl	unk	unk	True	True
corpus	wasm-demo	leak_alloc_state.cqpl	unk	unk	True	True
corpus	wasm-demo	mir_rvalue_presence.cqpl	ff	ff	True	True
corpus	wasm-demo	mir_statement_presence.cqpl	tt	tt	True	True
corpus	wasm-demo	mir_structural_allocator_example.cqpl	ff	ff	True	True
corpus	wasm-demo	mir_terminator_presence.cqpl	tt	tt	True	True
corpus	wasm-demo	use_after_free_alloc.cqpl	ff	ff	True	True
corpus	wasm-demo	use_after_free_alloc_state.cqpl	ff	ff	True	True
corpus	whisper-rs-example	allocator_mismatch_ub.cqpl	ff	ff	True	True
corpus	whisper-rs-example	allocator_mismatch_ub_v2.cqpl	ff	ff	True	True
corpus	whisper-rs-example	double_free_alloc.cqpl	ff	ff	True	True
corpus	whisper-rs-example	double_free_alloc_state.cqpl	ff	ff	True	True
corpus	whisper-rs-example	leak_alloc.cqpl	unk	unk	True	True
corpus	whisper-rs-example	leak_alloc_state.cqpl	unk	unk	True	True
corpus	whisper-rs-example	mir_rvalue_presence.cqpl	ff	ff	True	True
corpus	whisper-rs-example	mir_statement_presence.cqpl	tt	tt	True	True
corpus	whisper-rs-example	mir_structural_allocator_example.cqpl	ff	ff	True	True
corpus	whisper-rs-example	mir_terminator_presence.cqpl	tt	tt	True	True
corpus	whisper-rs-example	use_after_free_alloc.cqpl	ff	ff	True	True
corpus	whisper-rs-example	use_after_free_alloc_state.cqpl	ff	ff	True	True
experimental	bmulti_clean_two_args_ffi	allocator_mismatch_ub.cqpl	ff	ff	True	True
experimental	bmulti_clean_two_args_ffi	allocator_mismatch_ub_v2.cqpl	ff	ff	True	True
experimental	bmulti_clean_two_args_ffi	double_free_alloc.cqpl	ff	ff	True	True
experimental	bmulti_clean_two_args_ffi	double_free_alloc_state.cqpl	ff	ff	True	True
experimental	bmulti_clean_two_args_ffi	leak_alloc.cqpl	unk	unk	True	True
experimental	bmulti_clean_two_args_ffi	leak_alloc_state.cqpl	unk	unk	True	True
experimental	bmulti_clean_two_args_ffi	mir_rvalue_presence.cqpl	ff	ff	True	True
experimental	bmulti_clean_two_args_ffi	mir_statement_presence.cqpl	ff	ff	True	True
experimental	bmulti_clean_two_args_ffi	mir_structural_allocator_example.cqpl	ff	ff	True	True
experimental	bmulti_clean_two_args_ffi	mir_terminator_presence.cqpl	tt	tt	True	True
experimental	bmulti_clean_two_args_ffi	use_after_free_alloc.cqpl	ff	ff	True	True
experimental	bmulti_clean_two_args_ffi	use_after_free_alloc_state.cqpl	ff	ff	True	True
experimental	bmulti_df_second_ffi	allocator_mismatch_ub.cqpl	unk	unk	True	True
experimental	bmulti_df_second_ffi	allocator_mismatch_ub_v2.cqpl	unk	unk	True	True
experimental	bmulti_df_second_ffi	double_free_alloc.cqpl	unk	unk	True	True
experimental	bmulti_df_second_ffi	double_free_alloc_state.cqpl	unk	unk	True	True
experimental	bmulti_df_second_ffi	leak_alloc.cqpl	unk	unk	True	True
experimental	bmulti_df_second_ffi	leak_alloc_state.cqpl	unk	unk	True	True
experimental	bmulti_df_second_ffi	mir_rvalue_presence.cqpl	ff	ff	True	True
experimental	bmulti_df_second_ffi	mir_statement_presence.cqpl	ff	ff	True	True
experimental	bmulti_df_second_ffi	mir_structural_allocator_example.cqpl	ff	ff	True	True
experimental	bmulti_df_second_ffi	mir_terminator_presence.cqpl	tt	tt	True	True
experimental	bmulti_df_second_ffi	use_after_free_alloc.cqpl	ff	ff	True	True
experimental	bmulti_df_second_ffi	use_after_free_alloc_state.cqpl	ff	ff	True	True
experimental	bmulti_leak_second_ffi	allocator_mismatch_ub.cqpl	unk	unk	True	True
experimental	bmulti_leak_second_ffi	allocator_mismatch_ub_v2.cqpl	unk	unk	True	True
experimental	bmulti_leak_second_ffi	double_free_alloc.cqpl	ff	ff	True	True
experimental	bmulti_leak_second_ffi	double_free_alloc_state.cqpl	ff	ff	True	True
experimental	bmulti_leak_second_ffi	leak_alloc.cqpl	unk	unk	True	True
experimental	bmulti_leak_second_ffi	leak_alloc_state.cqpl	unk	unk	True	True
experimental	bmulti_leak_second_ffi	mir_rvalue_presence.cqpl	ff	ff	True	True
experimental	bmulti_leak_second_ffi	mir_statement_presence.cqpl	ff	ff	True	True
experimental	bmulti_leak_second_ffi	mir_structural_allocator_example.cqpl	ff	ff	True	True
experimental	bmulti_leak_second_ffi	mir_terminator_presence.cqpl	tt	tt	True	True
experimental	bmulti_leak_second_ffi	use_after_free_alloc.cqpl	ff	ff	True	True
experimental	bmulti_leak_second_ffi	use_after_free_alloc_state.cqpl	ff	ff	True	True
experimental	bmulti_uaf_second_ffi	allocator_mismatch_ub.cqpl	unk	unk	True	True
experimental	bmulti_uaf_second_ffi	allocator_mismatch_ub_v2.cqpl	unk	unk	True	True
experimental	bmulti_uaf_second_ffi	double_free_alloc.cqpl	ff	ff	True	True
experimental	bmulti_uaf_second_ffi	double_free_alloc_state.cqpl	ff	ff	True	True
experimental	bmulti_uaf_second_ffi	leak_alloc.cqpl	unk	unk	True	True
experimental	bmulti_uaf_second_ffi	leak_alloc_state.cqpl	unk	unk	True	True
experimental	bmulti_uaf_second_ffi	mir_rvalue_presence.cqpl	ff	ff	True	True
experimental	bmulti_uaf_second_ffi	mir_statement_presence.cqpl	tt	tt	True	True
experimental	bmulti_uaf_second_ffi	mir_structural_allocator_example.cqpl	ff	ff	True	True
experimental	bmulti_uaf_second_ffi	mir_terminator_presence.cqpl	tt	tt	True	True
experimental	bmulti_uaf_second_ffi	use_after_free_alloc.cqpl	unk	unk	True	True
experimental	bmulti_uaf_second_ffi	use_after_free_alloc_state.cqpl	unk	unk	True	True
registry	unicode-ident-1.0.18	allocator_mismatch_ub.cqpl	ff	ff	True	True
registry	unicode-ident-1.0.18	allocator_mismatch_ub_v2.cqpl	ff	ff	True	True
registry	unicode-ident-1.0.18	double_free_alloc.cqpl	ff	ff	True	True
registry	unicode-ident-1.0.18	double_free_alloc_state.cqpl	ff	ff	True	True
registry	unicode-ident-1.0.18	leak_alloc.cqpl	ff	ff	True	True
registry	unicode-ident-1.0.18	leak_alloc_state.cqpl	ff	ff	True	True
registry	unicode-ident-1.0.18	mir_rvalue_presence.cqpl	tt	tt	True	True
registry	unicode-ident-1.0.18	mir_statement_presence.cqpl	tt	tt	True	True
registry	unicode-ident-1.0.18	mir_structural_allocator_example.cqpl	ff	ff	True	True
registry	unicode-ident-1.0.18	mir_terminator_presence.cqpl	tt	tt	True	True
registry	unicode-ident-1.0.18	use_after_free_alloc.cqpl	ff	ff	True	True
registry	unicode-ident-1.0.18	use_after_free_alloc_state.cqpl	ff	ff	True	True
registry	ryu-1.0.20	allocator_mismatch_ub.cqpl	ff	ff	True	True
registry	ryu-1.0.20	allocator_mismatch_ub_v2.cqpl	ff	ff	True	True
registry	ryu-1.0.20	double_free_alloc.cqpl	ff	ff	True	True
registry	ryu-1.0.20	double_free_alloc_state.cqpl	ff	ff	True	True
registry	ryu-1.0.20	leak_alloc.cqpl	ff	ff	True	True
registry	ryu-1.0.20	leak_alloc_state.cqpl	ff	ff	True	True
registry	ryu-1.0.20	mir_rvalue_presence.cqpl	tt	tt	True	True
registry	ryu-1.0.20	mir_statement_presence.cqpl	tt	tt	True	True
registry	ryu-1.0.20	mir_structural_allocator_example.cqpl	ff	ff	True	True
registry	ryu-1.0.20	mir_terminator_presence.cqpl	tt	tt	True	True
registry	ryu-1.0.20	use_after_free_alloc.cqpl	ff	ff	True	True
registry	ryu-1.0.20	use_after_free_alloc_state.cqpl	ff	ff	True	True
registry	memchr-2.7.4	allocator_mismatch_ub.cqpl	ff	ff	True	True
registry	memchr-2.7.4	allocator_mismatch_ub_v2.cqpl	ff	ff	True	True
registry	memchr-2.7.4	double_free_alloc.cqpl	ff	ff	True	True
registry	memchr-2.7.4	double_free_alloc_state.cqpl	ff	ff	True	True
registry	memchr-2.7.4	leak_alloc.cqpl	ff	ff	True	True
registry	memchr-2.7.4	leak_alloc_state.cqpl	ff	ff	True	True
registry	memchr-2.7.4	mir_rvalue_presence.cqpl	tt	tt	True	True
registry	memchr-2.7.4	mir_statement_presence.cqpl	tt	tt	True	True
registry	memchr-2.7.4	mir_structural_allocator_example.cqpl	ff	ff	True	True
registry	memchr-2.7.4	mir_terminator_presence.cqpl	tt	tt	True	True
registry	memchr-2.7.4	use_after_free_alloc.cqpl	ff	ff	True	True
registry	memchr-2.7.4	use_after_free_alloc_state.cqpl	ff	ff	True	True
