group	target	artifact	query	result	subresult	direction	strength	assessment_schema	assessment_basis	assessment_caveats	explanation	reason_frontier	witnesses	supporting_findings	supporting_finding_kinds	supporting_finding_strengths	refuting_findings	refuting_finding_kinds	refuting_finding_strengths
corpus	boxed_bool__df	/home/af/Documenti/a-phd/repro-results/gate-l1-normal-execution-20260919T152848Z/main/raw/boxed_bool__df/annotated_icfg_v2.json	double_free_alloc	unk	unk_true	true	observational_candidate	cqpl_result_assessment_v1	contract_basis:rust_box_global_drop;cqpl_three_valued_model_check_v1;evidence:allocation_state_includes_allocated;evidence:may_deallocation_observed;evidence:no_reallocation_between_events;evidence:two_ordered_drops_observed;finding:repeated_drop_without_reallocation;finding_strength:observational_candidate	positive supporting evidence does not promote UNKNOWN to true;MAY evidence is never promoted to MUST	results/boxed_bool__df/double_free_alloc.explain.json	MAY_ALLOCATION;MAY_DEALLOCATION;PATH_JOIN;QUERY_THREE_VALUED_PROPAGATION	1	3	repeated_drop_without_reallocation	observational_candidate	0		
corpus	boxed_bool__df	/home/af/Documenti/a-phd/repro-results/gate-l1-normal-execution-20260919T152848Z/main/raw/boxed_bool__df/annotated_icfg_v2.json	double_free_alloc_state	unk	unk_true	true	observational_candidate	cqpl_result_assessment_v1	contract_basis:rust_box_global_drop;cqpl_three_valued_model_check_v1;evidence:allocation_state_includes_allocated;evidence:may_deallocation_observed;evidence:no_reallocation_between_events;evidence:two_ordered_drops_observed;finding:repeated_drop_without_reallocation;finding_strength:observational_candidate	positive supporting evidence does not promote UNKNOWN to true;MAY evidence is never promoted to MUST	results/boxed_bool__df/double_free_alloc_state.explain.json	MAY_ALLOCATION;MAY_DEALLOCATION;PATH_JOIN;QUERY_THREE_VALUED_PROPAGATION	1	3	repeated_drop_without_reallocation	observational_candidate	0		
corpus	boxed_bool__df	/home/af/Documenti/a-phd/repro-results/gate-l1-normal-execution-20260919T152848Z/main/raw/boxed_bool__df/annotated_icfg_v2.json	leak_alloc	unk	unk_unoriented	none	unresolved	cqpl_result_assessment_v1	cqpl_three_valued_model_check_v1	no directional supporting or refuting finding is certified beyond the uncertainty frontier;non-directional unresolved-contract candidates do not orient UNKNOWN toward true or false	results/boxed_bool__df/leak_alloc.explain.json	MAY_ALLOCATION;QUERY_THREE_VALUED_PROPAGATION	1	0			0		
corpus	boxed_bool__df	/home/af/Documenti/a-phd/repro-results/gate-l1-normal-execution-20260919T152848Z/main/raw/boxed_bool__df/annotated_icfg_v2.json	leak_alloc_state	unk	unk_unoriented	none	unresolved	cqpl_result_assessment_v1	assessment_scope:normal_execution;capability:typed_edge_flow_v1;cqpl_three_valued_model_check_v1	no directional supporting or refuting finding is certified beyond the uncertainty frontier;non-directional unresolved-contract candidates do not orient UNKNOWN toward true or false;directional assessment is restricted to typed normal edges; CQPL truth remains evaluated on the complete transition relation including unwind edges	results/boxed_bool__df/leak_alloc_state.explain.json	ABSTRACT_TOP_STATE;MAY_ALLOCATION;MAY_DEALLOCATION;QUERY_THREE_VALUED_PROPAGATION	1	0			0		
corpus	boxed_bool__ml	/home/af/Documenti/a-phd/repro-results/gate-l1-normal-execution-20260919T152848Z/main/raw/boxed_bool__ml/annotated_icfg_v2.json	leak_alloc	unk	unk_true	true	strong_abstract_evidence	cqpl_result_assessment_v1	cqpl_three_valued_model_check_v1;disposition_basis:rustc_box_into_raw_v1;evidence:no_intervening_call_after_handoff;evidence:no_modeled_discharge_on_witness_path;evidence:non_returning_discharge_observed_off_witness;evidence:normal_return_reachable;evidence:producer_certified_box_into_raw;finding:normal_return_open_manual_obligation;finding_strength:strong_abstract_evidence	positive supporting evidence does not promote UNKNOWN to true;MAY evidence is never promoted to MUST	results/boxed_bool__ml/leak_alloc.explain.json	MAY_ALLOCATION;QUERY_THREE_VALUED_PROPAGATION	1	1	normal_return_open_manual_obligation	strong_abstract_evidence	0		
corpus	boxed_bool__ml	/home/af/Documenti/a-phd/repro-results/gate-l1-normal-execution-20260919T152848Z/main/raw/boxed_bool__ml/annotated_icfg_v2.json	leak_alloc_state	unk	unk_true	true	strong_abstract_evidence	cqpl_result_assessment_v1	assessment_scope:normal_execution;capability:typed_edge_flow_v1;cqpl_three_valued_model_check_v1;disposition_basis:rustc_box_into_raw_v1;evidence:no_intervening_call_after_handoff;evidence:no_modeled_discharge_on_witness_path;evidence:normal_return_reachable;evidence:producer_certified_box_into_raw;finding:normal_return_open_manual_obligation;finding_strength:strong_abstract_evidence	positive supporting evidence does not promote UNKNOWN to true;MAY evidence is never promoted to MUST;directional assessment is restricted to typed normal edges; CQPL truth remains evaluated on the complete transition relation including unwind edges	results/boxed_bool__ml/leak_alloc_state.explain.json	MAY_ALLOCATION;QUERY_THREE_VALUED_PROPAGATION	1	1	normal_return_open_manual_obligation	strong_abstract_evidence	0		
corpus	boxed_bool__uaf	/home/af/Documenti/a-phd/repro-results/gate-l1-normal-execution-20260919T152848Z/main/raw/boxed_bool__uaf/annotated_icfg_v2.json	double_free_alloc	unk	unk_true	true	observational_candidate	cqpl_result_assessment_v1	contract_basis:rust_box_global_drop;contract_basis:rust_mem_drop_owned_box_global_v1;cqpl_three_valued_model_check_v1;evidence:allocation_state_includes_allocated;evidence:may_deallocation_observed;evidence:no_reallocation_between_events;evidence:two_ordered_drops_observed;finding:repeated_drop_without_reallocation;finding_strength:observational_candidate	positive supporting evidence does not promote UNKNOWN to true;MAY evidence is never promoted to MUST	results/boxed_bool__uaf/double_free_alloc.explain.json	MAY_ALLOCATION;MAY_DEALLOCATION;PATH_JOIN;QUERY_THREE_VALUED_PROPAGATION	1	1	repeated_drop_without_reallocation	observational_candidate	0		
corpus	boxed_bool__uaf	/home/af/Documenti/a-phd/repro-results/gate-l1-normal-execution-20260919T152848Z/main/raw/boxed_bool__uaf/annotated_icfg_v2.json	double_free_alloc_state	unk	unk_true	true	observational_candidate	cqpl_result_assessment_v1	contract_basis:rust_box_global_drop;contract_basis:rust_mem_drop_owned_box_global_v1;cqpl_three_valued_model_check_v1;evidence:allocation_state_includes_allocated;evidence:may_deallocation_observed;evidence:no_reallocation_between_events;evidence:two_ordered_drops_observed;finding:repeated_drop_without_reallocation;finding_strength:observational_candidate	positive supporting evidence does not promote UNKNOWN to true;MAY evidence is never promoted to MUST	results/boxed_bool__uaf/double_free_alloc_state.explain.json	MAY_ALLOCATION;MAY_DEALLOCATION;PATH_JOIN;QUERY_THREE_VALUED_PROPAGATION	1	1	repeated_drop_without_reallocation	observational_candidate	0		
corpus	boxed_bool__uaf	/home/af/Documenti/a-phd/repro-results/gate-l1-normal-execution-20260919T152848Z/main/raw/boxed_bool__uaf/annotated_icfg_v2.json	leak_alloc	unk	unk_unoriented	none	unresolved	cqpl_result_assessment_v1	cqpl_three_valued_model_check_v1	no directional supporting or refuting finding is certified beyond the uncertainty frontier;non-directional unresolved-contract candidates do not orient UNKNOWN toward true or false	results/boxed_bool__uaf/leak_alloc.explain.json	MAY_ALLOCATION;QUERY_THREE_VALUED_PROPAGATION	1	0			0		
corpus	boxed_bool__uaf	/home/af/Documenti/a-phd/repro-results/gate-l1-normal-execution-20260919T152848Z/main/raw/boxed_bool__uaf/annotated_icfg_v2.json	leak_alloc_state	unk	unk_unoriented	none	unresolved	cqpl_result_assessment_v1	assessment_scope:normal_execution;capability:typed_edge_flow_v1;cqpl_three_valued_model_check_v1	no directional supporting or refuting finding is certified beyond the uncertainty frontier;non-directional unresolved-contract candidates do not orient UNKNOWN toward true or false;directional assessment is restricted to typed normal edges; CQPL truth remains evaluated on the complete transition relation including unwind edges	results/boxed_bool__uaf/leak_alloc_state.explain.json	ABSTRACT_TOP_STATE;MAY_ALLOCATION;MAY_DEALLOCATION;QUERY_THREE_VALUED_PROPAGATION	1	0			0		
corpus	boxed_bool__uaf	/home/af/Documenti/a-phd/repro-results/gate-l1-normal-execution-20260919T152848Z/main/raw/boxed_bool__uaf/annotated_icfg_v2.json	use_after_free_alloc	unk	unk_true	true	observational_candidate	cqpl_result_assessment_v1	contract_basis:rust_mem_drop_owned_box_global_v1;cqpl_three_valued_model_check_v1;evidence:allocation_state_includes_allocated;evidence:may_deallocation_observed;evidence:may_use_observed;evidence:no_reallocation_between_events;evidence:ordered_drop_before_use;finding:drop_then_use_without_reallocation;finding_strength:observational_candidate	positive supporting evidence does not promote UNKNOWN to true;MAY evidence is never promoted to MUST	results/boxed_bool__uaf/use_after_free_alloc.explain.json	MAY_ALLOCATION;MAY_DEALLOCATION;MAY_USE;PATH_JOIN;QUERY_THREE_VALUED_PROPAGATION	1	1	drop_then_use_without_reallocation	observational_candidate	0		
corpus	boxed_bool__uaf	/home/af/Documenti/a-phd/repro-results/gate-l1-normal-execution-20260919T152848Z/main/raw/boxed_bool__uaf/annotated_icfg_v2.json	use_after_free_alloc_state	unk	unk_true	true	observational_candidate	cqpl_result_assessment_v1	contract_basis:rust_mem_drop_owned_box_global_v1;cqpl_three_valued_model_check_v1;evidence:allocation_state_includes_allocated;evidence:may_deallocation_observed;evidence:may_use_observed;evidence:no_reallocation_between_events;evidence:ordered_drop_before_use;finding:drop_then_use_without_reallocation;finding_strength:observational_candidate	positive supporting evidence does not promote UNKNOWN to true;MAY evidence is never promoted to MUST	results/boxed_bool__uaf/use_after_free_alloc_state.explain.json	MAY_ALLOCATION;MAY_DEALLOCATION;MAY_USE;PATH_JOIN;QUERY_THREE_VALUED_PROPAGATION	1	1	drop_then_use_without_reallocation	observational_candidate	0		
corpus	boxed_char__df	/home/af/Documenti/a-phd/repro-results/gate-l1-normal-execution-20260919T152848Z/main/raw/boxed_char__df/annotated_icfg_v2.json	double_free_alloc	unk	unk_true	true	observational_candidate	cqpl_result_assessment_v1	contract_basis:rust_box_global_drop;cqpl_three_valued_model_check_v1;evidence:allocation_state_includes_allocated;evidence:may_deallocation_observed;evidence:no_reallocation_between_events;evidence:two_ordered_drops_observed;finding:repeated_drop_without_reallocation;finding_strength:observational_candidate	positive supporting evidence does not promote UNKNOWN to true;MAY evidence is never promoted to MUST	results/boxed_char__df/double_free_alloc.explain.json	MAY_ALLOCATION;MAY_DEALLOCATION;PATH_JOIN;QUERY_THREE_VALUED_PROPAGATION	1	3	repeated_drop_without_reallocation	observational_candidate	0		
corpus	boxed_char__df	/home/af/Documenti/a-phd/repro-results/gate-l1-normal-execution-20260919T152848Z/main/raw/boxed_char__df/annotated_icfg_v2.json	double_free_alloc_state	unk	unk_true	true	observational_candidate	cqpl_result_assessment_v1	contract_basis:rust_box_global_drop;cqpl_three_valued_model_check_v1;evidence:allocation_state_includes_allocated;evidence:may_deallocation_observed;evidence:no_reallocation_between_events;evidence:two_ordered_drops_observed;finding:repeated_drop_without_reallocation;finding_strength:observational_candidate	positive supporting evidence does not promote UNKNOWN to true;MAY evidence is never promoted to MUST	results/boxed_char__df/double_free_alloc_state.explain.json	MAY_ALLOCATION;MAY_DEALLOCATION;PATH_JOIN;QUERY_THREE_VALUED_PROPAGATION	1	3	repeated_drop_without_reallocation	observational_candidate	0		
corpus	boxed_char__df	/home/af/Documenti/a-phd/repro-results/gate-l1-normal-execution-20260919T152848Z/main/raw/boxed_char__df/annotated_icfg_v2.json	leak_alloc	unk	unk_unoriented	none	unresolved	cqpl_result_assessment_v1	cqpl_three_valued_model_check_v1	no directional supporting or refuting finding is certified beyond the uncertainty frontier;non-directional unresolved-contract candidates do not orient UNKNOWN toward true or false	results/boxed_char__df/leak_alloc.explain.json	MAY_ALLOCATION;QUERY_THREE_VALUED_PROPAGATION	1	0			0		
corpus	boxed_char__df	/home/af/Documenti/a-phd/repro-results/gate-l1-normal-execution-20260919T152848Z/main/raw/boxed_char__df/annotated_icfg_v2.json	leak_alloc_state	unk	unk_unoriented	none	unresolved	cqpl_result_assessment_v1	assessment_scope:normal_execution;capability:typed_edge_flow_v1;cqpl_three_valued_model_check_v1	no directional supporting or refuting finding is certified beyond the uncertainty frontier;non-directional unresolved-contract candidates do not orient UNKNOWN toward true or false;directional assessment is restricted to typed normal edges; CQPL truth remains evaluated on the complete transition relation including unwind edges	results/boxed_char__df/leak_alloc_state.explain.json	ABSTRACT_TOP_STATE;MAY_ALLOCATION;MAY_DEALLOCATION;QUERY_THREE_VALUED_PROPAGATION	1	0			0		
corpus	boxed_char__ml	/home/af/Documenti/a-phd/repro-results/gate-l1-normal-execution-20260919T152848Z/main/raw/boxed_char__ml/annotated_icfg_v2.json	leak_alloc	unk	unk_true	true	strong_abstract_evidence	cqpl_result_assessment_v1	cqpl_three_valued_model_check_v1;disposition_basis:rustc_box_into_raw_v1;evidence:no_intervening_call_after_handoff;evidence:no_modeled_discharge_on_witness_path;evidence:non_returning_discharge_observed_off_witness;evidence:normal_return_reachable;evidence:producer_certified_box_into_raw;finding:normal_return_open_manual_obligation;finding_strength:strong_abstract_evidence	positive supporting evidence does not promote UNKNOWN to true;MAY evidence is never promoted to MUST	results/boxed_char__ml/leak_alloc.explain.json	MAY_ALLOCATION;QUERY_THREE_VALUED_PROPAGATION	1	1	normal_return_open_manual_obligation	strong_abstract_evidence	0		
corpus	boxed_char__ml	/home/af/Documenti/a-phd/repro-results/gate-l1-normal-execution-20260919T152848Z/main/raw/boxed_char__ml/annotated_icfg_v2.json	leak_alloc_state	unk	unk_true	true	strong_abstract_evidence	cqpl_result_assessment_v1	assessment_scope:normal_execution;capability:typed_edge_flow_v1;cqpl_three_valued_model_check_v1;disposition_basis:rustc_box_into_raw_v1;evidence:no_intervening_call_after_handoff;evidence:no_modeled_discharge_on_witness_path;evidence:normal_return_reachable;evidence:producer_certified_box_into_raw;finding:normal_return_open_manual_obligation;finding_strength:strong_abstract_evidence	positive supporting evidence does not promote UNKNOWN to true;MAY evidence is never promoted to MUST;directional assessment is restricted to typed normal edges; CQPL truth remains evaluated on the complete transition relation including unwind edges	results/boxed_char__ml/leak_alloc_state.explain.json	ABSTRACT_TOP_STATE;MAY_ALLOCATION;MAY_DEALLOCATION;QUERY_THREE_VALUED_PROPAGATION	1	1	normal_return_open_manual_obligation	strong_abstract_evidence	0		
corpus	boxed_char__uaf	/home/af/Documenti/a-phd/repro-results/gate-l1-normal-execution-20260919T152848Z/main/raw/boxed_char__uaf/annotated_icfg_v2.json	double_free_alloc	unk	unk_true	true	observational_candidate	cqpl_result_assessment_v1	contract_basis:rust_box_global_drop;contract_basis:rust_mem_drop_owned_box_global_v1;cqpl_three_valued_model_check_v1;evidence:allocation_state_includes_allocated;evidence:may_deallocation_observed;evidence:no_reallocation_between_events;evidence:two_ordered_drops_observed;finding:repeated_drop_without_reallocation;finding_strength:observational_candidate	positive supporting evidence does not promote UNKNOWN to true;MAY evidence is never promoted to MUST	results/boxed_char__uaf/double_free_alloc.explain.json	MAY_ALLOCATION;MAY_DEALLOCATION;PATH_JOIN;QUERY_THREE_VALUED_PROPAGATION	1	1	repeated_drop_without_reallocation	observational_candidate	0		
corpus	boxed_char__uaf	/home/af/Documenti/a-phd/repro-results/gate-l1-normal-execution-20260919T152848Z/main/raw/boxed_char__uaf/annotated_icfg_v2.json	double_free_alloc_state	unk	unk_true	true	observational_candidate	cqpl_result_assessment_v1	contract_basis:rust_box_global_drop;contract_basis:rust_mem_drop_owned_box_global_v1;cqpl_three_valued_model_check_v1;evidence:allocation_state_includes_allocated;evidence:may_deallocation_observed;evidence:no_reallocation_between_events;evidence:two_ordered_drops_observed;finding:repeated_drop_without_reallocation;finding_strength:observational_candidate	positive supporting evidence does not promote UNKNOWN to true;MAY evidence is never promoted to MUST	results/boxed_char__uaf/double_free_alloc_state.explain.json	MAY_ALLOCATION;MAY_DEALLOCATION;PATH_JOIN;QUERY_THREE_VALUED_PROPAGATION	1	1	repeated_drop_without_reallocation	observational_candidate	0		
corpus	boxed_char__uaf	/home/af/Documenti/a-phd/repro-results/gate-l1-normal-execution-20260919T152848Z/main/raw/boxed_char__uaf/annotated_icfg_v2.json	leak_alloc	unk	unk_unoriented	none	unresolved	cqpl_result_assessment_v1	cqpl_three_valued_model_check_v1	no directional supporting or refuting finding is certified beyond the uncertainty frontier;non-directional unresolved-contract candidates do not orient UNKNOWN toward true or false	results/boxed_char__uaf/leak_alloc.explain.json	MAY_ALLOCATION;QUERY_THREE_VALUED_PROPAGATION	1	0			0		
corpus	boxed_char__uaf	/home/af/Documenti/a-phd/repro-results/gate-l1-normal-execution-20260919T152848Z/main/raw/boxed_char__uaf/annotated_icfg_v2.json	leak_alloc_state	unk	unk_unoriented	none	unresolved	cqpl_result_assessment_v1	assessment_scope:normal_execution;capability:typed_edge_flow_v1;cqpl_three_valued_model_check_v1	no directional supporting or refuting finding is certified beyond the uncertainty frontier;non-directional unresolved-contract candidates do not orient UNKNOWN toward true or false;directional assessment is restricted to typed normal edges; CQPL truth remains evaluated on the complete transition relation including unwind edges	results/boxed_char__uaf/leak_alloc_state.explain.json	ABSTRACT_TOP_STATE;MAY_ALLOCATION;MAY_DEALLOCATION;QUERY_THREE_VALUED_PROPAGATION	1	0			0		
corpus	boxed_char__uaf	/home/af/Documenti/a-phd/repro-results/gate-l1-normal-execution-20260919T152848Z/main/raw/boxed_char__uaf/annotated_icfg_v2.json	use_after_free_alloc	unk	unk_true	true	observational_candidate	cqpl_result_assessment_v1	contract_basis:rust_mem_drop_owned_box_global_v1;cqpl_three_valued_model_check_v1;evidence:allocation_state_includes_allocated;evidence:may_deallocation_observed;evidence:may_use_observed;evidence:no_reallocation_between_events;evidence:ordered_drop_before_use;finding:drop_then_use_without_reallocation;finding_strength:observational_candidate	positive supporting evidence does not promote UNKNOWN to true;MAY evidence is never promoted to MUST	results/boxed_char__uaf/use_after_free_alloc.explain.json	MAY_ALLOCATION;MAY_DEALLOCATION;MAY_USE;PATH_JOIN;QUERY_THREE_VALUED_PROPAGATION	1	1	drop_then_use_without_reallocation	observational_candidate	0		
corpus	boxed_char__uaf	/home/af/Documenti/a-phd/repro-results/gate-l1-normal-execution-20260919T152848Z/main/raw/boxed_char__uaf/annotated_icfg_v2.json	use_after_free_alloc_state	unk	unk_true	true	observational_candidate	cqpl_result_assessment_v1	contract_basis:rust_mem_drop_owned_box_global_v1;cqpl_three_valued_model_check_v1;evidence:allocation_state_includes_allocated;evidence:may_deallocation_observed;evidence:may_use_observed;evidence:no_reallocation_between_events;evidence:ordered_drop_before_use;finding:drop_then_use_without_reallocation;finding_strength:observational_candidate	positive supporting evidence does not promote UNKNOWN to true;MAY evidence is never promoted to MUST	results/boxed_char__uaf/use_after_free_alloc_state.explain.json	MAY_ALLOCATION;MAY_DEALLOCATION;MAY_USE;PATH_JOIN;QUERY_THREE_VALUED_PROPAGATION	1	1	drop_then_use_without_reallocation	observational_candidate	0		
corpus	boxed_f32__df	/home/af/Documenti/a-phd/repro-results/gate-l1-normal-execution-20260919T152848Z/main/raw/boxed_f32__df/annotated_icfg_v2.json	double_free_alloc	unk	unk_true	true	observational_candidate	cqpl_result_assessment_v1	contract_basis:rust_box_global_drop;cqpl_three_valued_model_check_v1;evidence:allocation_state_includes_allocated;evidence:may_deallocation_observed;evidence:no_reallocation_between_events;evidence:two_ordered_drops_observed;finding:repeated_drop_without_reallocation;finding_strength:observational_candidate	positive supporting evidence does not promote UNKNOWN to true;MAY evidence is never promoted to MUST	results/boxed_f32__df/double_free_alloc.explain.json	MAY_ALLOCATION;MAY_DEALLOCATION;PATH_JOIN;QUERY_THREE_VALUED_PROPAGATION	1	3	repeated_drop_without_reallocation	observational_candidate	0		
corpus	boxed_f32__df	/home/af/Documenti/a-phd/repro-results/gate-l1-normal-execution-20260919T152848Z/main/raw/boxed_f32__df/annotated_icfg_v2.json	double_free_alloc_state	unk	unk_true	true	observational_candidate	cqpl_result_assessment_v1	contract_basis:rust_box_global_drop;cqpl_three_valued_model_check_v1;evidence:allocation_state_includes_allocated;evidence:may_deallocation_observed;evidence:no_reallocation_between_events;evidence:two_ordered_drops_observed;finding:repeated_drop_without_reallocation;finding_strength:observational_candidate	positive supporting evidence does not promote UNKNOWN to true;MAY evidence is never promoted to MUST	results/boxed_f32__df/double_free_alloc_state.explain.json	MAY_ALLOCATION;MAY_DEALLOCATION;PATH_JOIN;QUERY_THREE_VALUED_PROPAGATION	1	3	repeated_drop_without_reallocation	observational_candidate	0		
corpus	boxed_f32__df	/home/af/Documenti/a-phd/repro-results/gate-l1-normal-execution-20260919T152848Z/main/raw/boxed_f32__df/annotated_icfg_v2.json	leak_alloc	unk	unk_unoriented	none	unresolved	cqpl_result_assessment_v1	cqpl_three_valued_model_check_v1	no directional supporting or refuting finding is certified beyond the uncertainty frontier;non-directional unresolved-contract candidates do not orient UNKNOWN toward true or false	results/boxed_f32__df/leak_alloc.explain.json	MAY_ALLOCATION;QUERY_THREE_VALUED_PROPAGATION	1	0			0		
corpus	boxed_f32__df	/home/af/Documenti/a-phd/repro-results/gate-l1-normal-execution-20260919T152848Z/main/raw/boxed_f32__df/annotated_icfg_v2.json	leak_alloc_state	unk	unk_unoriented	none	unresolved	cqpl_result_assessment_v1	assessment_scope:normal_execution;capability:typed_edge_flow_v1;cqpl_three_valued_model_check_v1	no directional supporting or refuting finding is certified beyond the uncertainty frontier;non-directional unresolved-contract candidates do not orient UNKNOWN toward true or false;directional assessment is restricted to typed normal edges; CQPL truth remains evaluated on the complete transition relation including unwind edges	results/boxed_f32__df/leak_alloc_state.explain.json	ABSTRACT_TOP_STATE;MAY_ALLOCATION;MAY_DEALLOCATION;QUERY_THREE_VALUED_PROPAGATION	1	0			0		
corpus	boxed_f32__ml	/home/af/Documenti/a-phd/repro-results/gate-l1-normal-execution-20260919T152848Z/main/raw/boxed_f32__ml/annotated_icfg_v2.json	leak_alloc	unk	unk_true	true	strong_abstract_evidence	cqpl_result_assessment_v1	cqpl_three_valued_model_check_v1;disposition_basis:rustc_box_into_raw_v1;evidence:no_intervening_call_after_handoff;evidence:no_modeled_discharge_on_witness_path;evidence:non_returning_discharge_observed_off_witness;evidence:normal_return_reachable;evidence:producer_certified_box_into_raw;finding:normal_return_open_manual_obligation;finding_strength:strong_abstract_evidence	positive supporting evidence does not promote UNKNOWN to true;MAY evidence is never promoted to MUST	results/boxed_f32__ml/leak_alloc.explain.json	MAY_ALLOCATION;QUERY_THREE_VALUED_PROPAGATION	1	1	normal_return_open_manual_obligation	strong_abstract_evidence	0		
corpus	boxed_f32__ml	/home/af/Documenti/a-phd/repro-results/gate-l1-normal-execution-20260919T152848Z/main/raw/boxed_f32__ml/annotated_icfg_v2.json	leak_alloc_state	unk	unk_true	true	strong_abstract_evidence	cqpl_result_assessment_v1	assessment_scope:normal_execution;capability:typed_edge_flow_v1;cqpl_three_valued_model_check_v1;disposition_basis:rustc_box_into_raw_v1;evidence:no_intervening_call_after_handoff;evidence:no_modeled_discharge_on_witness_path;evidence:normal_return_reachable;evidence:producer_certified_box_into_raw;finding:normal_return_open_manual_obligation;finding_strength:strong_abstract_evidence	positive supporting evidence does not promote UNKNOWN to true;MAY evidence is never promoted to MUST;directional assessment is restricted to typed normal edges; CQPL truth remains evaluated on the complete transition relation including unwind edges	results/boxed_f32__ml/leak_alloc_state.explain.json	ABSTRACT_TOP_STATE;MAY_ALLOCATION;MAY_DEALLOCATION;QUERY_THREE_VALUED_PROPAGATION	1	1	normal_return_open_manual_obligation	strong_abstract_evidence	0		
corpus	boxed_f32__uaf	/home/af/Documenti/a-phd/repro-results/gate-l1-normal-execution-20260919T152848Z/main/raw/boxed_f32__uaf/annotated_icfg_v2.json	double_free_alloc	unk	unk_true	true	observational_candidate	cqpl_result_assessment_v1	contract_basis:rust_box_global_drop;contract_basis:rust_mem_drop_owned_box_global_v1;cqpl_three_valued_model_check_v1;evidence:allocation_state_includes_allocated;evidence:may_deallocation_observed;evidence:no_reallocation_between_events;evidence:two_ordered_drops_observed;finding:repeated_drop_without_reallocation;finding_strength:observational_candidate	positive supporting evidence does not promote UNKNOWN to true;MAY evidence is never promoted to MUST	results/boxed_f32__uaf/double_free_alloc.explain.json	MAY_ALLOCATION;MAY_DEALLOCATION;PATH_JOIN;QUERY_THREE_VALUED_PROPAGATION	1	1	repeated_drop_without_reallocation	observational_candidate	0		
corpus	boxed_f32__uaf	/home/af/Documenti/a-phd/repro-results/gate-l1-normal-execution-20260919T152848Z/main/raw/boxed_f32__uaf/annotated_icfg_v2.json	double_free_alloc_state	unk	unk_true	true	observational_candidate	cqpl_result_assessment_v1	contract_basis:rust_box_global_drop;contract_basis:rust_mem_drop_owned_box_global_v1;cqpl_three_valued_model_check_v1;evidence:allocation_state_includes_allocated;evidence:may_deallocation_observed;evidence:no_reallocation_between_events;evidence:two_ordered_drops_observed;finding:repeated_drop_without_reallocation;finding_strength:observational_candidate	positive supporting evidence does not promote UNKNOWN to true;MAY evidence is never promoted to MUST	results/boxed_f32__uaf/double_free_alloc_state.explain.json	MAY_ALLOCATION;MAY_DEALLOCATION;PATH_JOIN;QUERY_THREE_VALUED_PROPAGATION	1	1	repeated_drop_without_reallocation	observational_candidate	0		
corpus	boxed_f32__uaf	/home/af/Documenti/a-phd/repro-results/gate-l1-normal-execution-20260919T152848Z/main/raw/boxed_f32__uaf/annotated_icfg_v2.json	leak_alloc	unk	unk_unoriented	none	unresolved	cqpl_result_assessment_v1	cqpl_three_valued_model_check_v1	no directional supporting or refuting finding is certified beyond the uncertainty frontier;non-directional unresolved-contract candidates do not orient UNKNOWN toward true or false	results/boxed_f32__uaf/leak_alloc.explain.json	MAY_ALLOCATION;QUERY_THREE_VALUED_PROPAGATION	1	0			0		
corpus	boxed_f32__uaf	/home/af/Documenti/a-phd/repro-results/gate-l1-normal-execution-20260919T152848Z/main/raw/boxed_f32__uaf/annotated_icfg_v2.json	leak_alloc_state	unk	unk_unoriented	none	unresolved	cqpl_result_assessment_v1	assessment_scope:normal_execution;capability:typed_edge_flow_v1;cqpl_three_valued_model_check_v1	no directional supporting or refuting finding is certified beyond the uncertainty frontier;non-directional unresolved-contract candidates do not orient UNKNOWN toward true or false;directional assessment is restricted to typed normal edges; CQPL truth remains evaluated on the complete transition relation including unwind edges	results/boxed_f32__uaf/leak_alloc_state.explain.json	ABSTRACT_TOP_STATE;MAY_ALLOCATION;MAY_DEALLOCATION;QUERY_THREE_VALUED_PROPAGATION	1	0			0		
corpus	boxed_f32__uaf	/home/af/Documenti/a-phd/repro-results/gate-l1-normal-execution-20260919T152848Z/main/raw/boxed_f32__uaf/annotated_icfg_v2.json	use_after_free_alloc	unk	unk_true	true	observational_candidate	cqpl_result_assessment_v1	contract_basis:rust_mem_drop_owned_box_global_v1;cqpl_three_valued_model_check_v1;evidence:allocation_state_includes_allocated;evidence:may_deallocation_observed;evidence:may_use_observed;evidence:no_reallocation_between_events;evidence:ordered_drop_before_use;finding:drop_then_use_without_reallocation;finding_strength:observational_candidate	positive supporting evidence does not promote UNKNOWN to true;MAY evidence is never promoted to MUST	results/boxed_f32__uaf/use_after_free_alloc.explain.json	MAY_ALLOCATION;MAY_DEALLOCATION;MAY_USE;PATH_JOIN;QUERY_THREE_VALUED_PROPAGATION	1	1	drop_then_use_without_reallocation	observational_candidate	0		
corpus	boxed_f32__uaf	/home/af/Documenti/a-phd/repro-results/gate-l1-normal-execution-20260919T152848Z/main/raw/boxed_f32__uaf/annotated_icfg_v2.json	use_after_free_alloc_state	unk	unk_true	true	observational_candidate	cqpl_result_assessment_v1	contract_basis:rust_mem_drop_owned_box_global_v1;cqpl_three_valued_model_check_v1;evidence:allocation_state_includes_allocated;evidence:may_deallocation_observed;evidence:may_use_observed;evidence:no_reallocation_between_events;evidence:ordered_drop_before_use;finding:drop_then_use_without_reallocation;finding_strength:observational_candidate	positive supporting evidence does not promote UNKNOWN to true;MAY evidence is never promoted to MUST	results/boxed_f32__uaf/use_after_free_alloc_state.explain.json	MAY_ALLOCATION;MAY_DEALLOCATION;MAY_USE;PATH_JOIN;QUERY_THREE_VALUED_PROPAGATION	1	1	drop_then_use_without_reallocation	observational_candidate	0		
corpus	boxed_f64__df	/home/af/Documenti/a-phd/repro-results/gate-l1-normal-execution-20260919T152848Z/main/raw/boxed_f64__df/annotated_icfg_v2.json	double_free_alloc	unk	unk_true	true	observational_candidate	cqpl_result_assessment_v1	contract_basis:rust_box_global_drop;cqpl_three_valued_model_check_v1;evidence:allocation_state_includes_allocated;evidence:may_deallocation_observed;evidence:no_reallocation_between_events;evidence:two_ordered_drops_observed;finding:repeated_drop_without_reallocation;finding_strength:observational_candidate	positive supporting evidence does not promote UNKNOWN to true;MAY evidence is never promoted to MUST	results/boxed_f64__df/double_free_alloc.explain.json	MAY_ALLOCATION;MAY_DEALLOCATION;PATH_JOIN;QUERY_THREE_VALUED_PROPAGATION	1	3	repeated_drop_without_reallocation	observational_candidate	0		
corpus	boxed_f64__df	/home/af/Documenti/a-phd/repro-results/gate-l1-normal-execution-20260919T152848Z/main/raw/boxed_f64__df/annotated_icfg_v2.json	double_free_alloc_state	unk	unk_true	true	observational_candidate	cqpl_result_assessment_v1	contract_basis:rust_box_global_drop;cqpl_three_valued_model_check_v1;evidence:allocation_state_includes_allocated;evidence:may_deallocation_observed;evidence:no_reallocation_between_events;evidence:two_ordered_drops_observed;finding:repeated_drop_without_reallocation;finding_strength:observational_candidate	positive supporting evidence does not promote UNKNOWN to true;MAY evidence is never promoted to MUST	results/boxed_f64__df/double_free_alloc_state.explain.json	MAY_ALLOCATION;MAY_DEALLOCATION;PATH_JOIN;QUERY_THREE_VALUED_PROPAGATION	1	3	repeated_drop_without_reallocation	observational_candidate	0		
corpus	boxed_f64__df	/home/af/Documenti/a-phd/repro-results/gate-l1-normal-execution-20260919T152848Z/main/raw/boxed_f64__df/annotated_icfg_v2.json	leak_alloc	unk	unk_unoriented	none	unresolved	cqpl_result_assessment_v1	cqpl_three_valued_model_check_v1	no directional supporting or refuting finding is certified beyond the uncertainty frontier;non-directional unresolved-contract candidates do not orient UNKNOWN toward true or false	results/boxed_f64__df/leak_alloc.explain.json	MAY_ALLOCATION;QUERY_THREE_VALUED_PROPAGATION	1	0			0		
corpus	boxed_f64__df	/home/af/Documenti/a-phd/repro-results/gate-l1-normal-execution-20260919T152848Z/main/raw/boxed_f64__df/annotated_icfg_v2.json	leak_alloc_state	unk	unk_unoriented	none	unresolved	cqpl_result_assessment_v1	assessment_scope:normal_execution;capability:typed_edge_flow_v1;cqpl_three_valued_model_check_v1	no directional supporting or refuting finding is certified beyond the uncertainty frontier;non-directional unresolved-contract candidates do not orient UNKNOWN toward true or false;directional assessment is restricted to typed normal edges; CQPL truth remains evaluated on the complete transition relation including unwind edges	results/boxed_f64__df/leak_alloc_state.explain.json	ABSTRACT_TOP_STATE;MAY_ALLOCATION;MAY_DEALLOCATION;QUERY_THREE_VALUED_PROPAGATION	1	0			0		
corpus	boxed_f64__ml	/home/af/Documenti/a-phd/repro-results/gate-l1-normal-execution-20260919T152848Z/main/raw/boxed_f64__ml/annotated_icfg_v2.json	leak_alloc	unk	unk_true	true	strong_abstract_evidence	cqpl_result_assessment_v1	cqpl_three_valued_model_check_v1;disposition_basis:rustc_box_into_raw_v1;evidence:no_intervening_call_after_handoff;evidence:no_modeled_discharge_on_witness_path;evidence:non_returning_discharge_observed_off_witness;evidence:normal_return_reachable;evidence:producer_certified_box_into_raw;finding:normal_return_open_manual_obligation;finding_strength:strong_abstract_evidence	positive supporting evidence does not promote UNKNOWN to true;MAY evidence is never promoted to MUST	results/boxed_f64__ml/leak_alloc.explain.json	MAY_ALLOCATION;QUERY_THREE_VALUED_PROPAGATION	1	1	normal_return_open_manual_obligation	strong_abstract_evidence	0		
corpus	boxed_f64__ml	/home/af/Documenti/a-phd/repro-results/gate-l1-normal-execution-20260919T152848Z/main/raw/boxed_f64__ml/annotated_icfg_v2.json	leak_alloc_state	unk	unk_true	true	strong_abstract_evidence	cqpl_result_assessment_v1	assessment_scope:normal_execution;capability:typed_edge_flow_v1;cqpl_three_valued_model_check_v1;disposition_basis:rustc_box_into_raw_v1;evidence:no_intervening_call_after_handoff;evidence:no_modeled_discharge_on_witness_path;evidence:normal_return_reachable;evidence:producer_certified_box_into_raw;finding:normal_return_open_manual_obligation;finding_strength:strong_abstract_evidence	positive supporting evidence does not promote UNKNOWN to true;MAY evidence is never promoted to MUST;directional assessment is restricted to typed normal edges; CQPL truth remains evaluated on the complete transition relation including unwind edges	results/boxed_f64__ml/leak_alloc_state.explain.json	MAY_ALLOCATION;QUERY_THREE_VALUED_PROPAGATION	1	1	normal_return_open_manual_obligation	strong_abstract_evidence	0		
corpus	boxed_f64__uaf	/home/af/Documenti/a-phd/repro-results/gate-l1-normal-execution-20260919T152848Z/main/raw/boxed_f64__uaf/annotated_icfg_v2.json	double_free_alloc	unk	unk_true	true	observational_candidate	cqpl_result_assessment_v1	contract_basis:rust_box_global_drop;contract_basis:rust_mem_drop_owned_box_global_v1;cqpl_three_valued_model_check_v1;evidence:allocation_state_includes_allocated;evidence:may_deallocation_observed;evidence:no_reallocation_between_events;evidence:two_ordered_drops_observed;finding:repeated_drop_without_reallocation;finding_strength:observational_candidate	positive supporting evidence does not promote UNKNOWN to true;MAY evidence is never promoted to MUST	results/boxed_f64__uaf/double_free_alloc.explain.json	MAY_ALLOCATION;MAY_DEALLOCATION;PATH_JOIN;QUERY_THREE_VALUED_PROPAGATION	1	1	repeated_drop_without_reallocation	observational_candidate	0		
corpus	boxed_f64__uaf	/home/af/Documenti/a-phd/repro-results/gate-l1-normal-execution-20260919T152848Z/main/raw/boxed_f64__uaf/annotated_icfg_v2.json	double_free_alloc_state	unk	unk_true	true	observational_candidate	cqpl_result_assessment_v1	contract_basis:rust_box_global_drop;contract_basis:rust_mem_drop_owned_box_global_v1;cqpl_three_valued_model_check_v1;evidence:allocation_state_includes_allocated;evidence:may_deallocation_observed;evidence:no_reallocation_between_events;evidence:two_ordered_drops_observed;finding:repeated_drop_without_reallocation;finding_strength:observational_candidate	positive supporting evidence does not promote UNKNOWN to true;MAY evidence is never promoted to MUST	results/boxed_f64__uaf/double_free_alloc_state.explain.json	MAY_ALLOCATION;MAY_DEALLOCATION;PATH_JOIN;QUERY_THREE_VALUED_PROPAGATION	1	1	repeated_drop_without_reallocation	observational_candidate	0		
corpus	boxed_f64__uaf	/home/af/Documenti/a-phd/repro-results/gate-l1-normal-execution-20260919T152848Z/main/raw/boxed_f64__uaf/annotated_icfg_v2.json	leak_alloc	unk	unk_unoriented	none	unresolved	cqpl_result_assessment_v1	cqpl_three_valued_model_check_v1	no directional supporting or refuting finding is certified beyond the uncertainty frontier;non-directional unresolved-contract candidates do not orient UNKNOWN toward true or false	results/boxed_f64__uaf/leak_alloc.explain.json	MAY_ALLOCATION;QUERY_THREE_VALUED_PROPAGATION	1	0			0		
corpus	boxed_f64__uaf	/home/af/Documenti/a-phd/repro-results/gate-l1-normal-execution-20260919T152848Z/main/raw/boxed_f64__uaf/annotated_icfg_v2.json	leak_alloc_state	unk	unk_unoriented	none	unresolved	cqpl_result_assessment_v1	assessment_scope:normal_execution;capability:typed_edge_flow_v1;cqpl_three_valued_model_check_v1	no directional supporting or refuting finding is certified beyond the uncertainty frontier;non-directional unresolved-contract candidates do not orient UNKNOWN toward true or false;directional assessment is restricted to typed normal edges; CQPL truth remains evaluated on the complete transition relation including unwind edges	results/boxed_f64__uaf/leak_alloc_state.explain.json	ABSTRACT_TOP_STATE;MAY_ALLOCATION;MAY_DEALLOCATION;QUERY_THREE_VALUED_PROPAGATION	1	0			0		
corpus	boxed_f64__uaf	/home/af/Documenti/a-phd/repro-results/gate-l1-normal-execution-20260919T152848Z/main/raw/boxed_f64__uaf/annotated_icfg_v2.json	use_after_free_alloc	unk	unk_true	true	observational_candidate	cqpl_result_assessment_v1	contract_basis:rust_mem_drop_owned_box_global_v1;cqpl_three_valued_model_check_v1;evidence:allocation_state_includes_allocated;evidence:may_deallocation_observed;evidence:may_use_observed;evidence:no_reallocation_between_events;evidence:ordered_drop_before_use;finding:drop_then_use_without_reallocation;finding_strength:observational_candidate	positive supporting evidence does not promote UNKNOWN to true;MAY evidence is never promoted to MUST	results/boxed_f64__uaf/use_after_free_alloc.explain.json	MAY_ALLOCATION;MAY_DEALLOCATION;MAY_USE;PATH_JOIN;QUERY_THREE_VALUED_PROPAGATION	1	1	drop_then_use_without_reallocation	observational_candidate	0		
corpus	boxed_f64__uaf	/home/af/Documenti/a-phd/repro-results/gate-l1-normal-execution-20260919T152848Z/main/raw/boxed_f64__uaf/annotated_icfg_v2.json	use_after_free_alloc_state	unk	unk_true	true	observational_candidate	cqpl_result_assessment_v1	contract_basis:rust_mem_drop_owned_box_global_v1;cqpl_three_valued_model_check_v1;evidence:allocation_state_includes_allocated;evidence:may_deallocation_observed;evidence:may_use_observed;evidence:no_reallocation_between_events;evidence:ordered_drop_before_use;finding:drop_then_use_without_reallocation;finding_strength:observational_candidate	positive supporting evidence does not promote UNKNOWN to true;MAY evidence is never promoted to MUST	results/boxed_f64__uaf/use_after_free_alloc_state.explain.json	MAY_ALLOCATION;MAY_DEALLOCATION;MAY_USE;PATH_JOIN;QUERY_THREE_VALUED_PROPAGATION	1	1	drop_then_use_without_reallocation	observational_candidate	0		
corpus	boxed_i128__df	/home/af/Documenti/a-phd/repro-results/gate-l1-normal-execution-20260919T152848Z/main/raw/boxed_i128__df/annotated_icfg_v2.json	double_free_alloc	unk	unk_true	true	observational_candidate	cqpl_result_assessment_v1	contract_basis:rust_box_global_drop;cqpl_three_valued_model_check_v1;evidence:allocation_state_includes_allocated;evidence:may_deallocation_observed;evidence:no_reallocation_between_events;evidence:two_ordered_drops_observed;finding:repeated_drop_without_reallocation;finding_strength:observational_candidate	positive supporting evidence does not promote UNKNOWN to true;MAY evidence is never promoted to MUST	results/boxed_i128__df/double_free_alloc.explain.json	MAY_ALLOCATION;MAY_DEALLOCATION;PATH_JOIN;QUERY_THREE_VALUED_PROPAGATION	1	3	repeated_drop_without_reallocation	observational_candidate	0		
corpus	boxed_i128__df	/home/af/Documenti/a-phd/repro-results/gate-l1-normal-execution-20260919T152848Z/main/raw/boxed_i128__df/annotated_icfg_v2.json	double_free_alloc_state	unk	unk_true	true	observational_candidate	cqpl_result_assessment_v1	contract_basis:rust_box_global_drop;cqpl_three_valued_model_check_v1;evidence:allocation_state_includes_allocated;evidence:may_deallocation_observed;evidence:no_reallocation_between_events;evidence:two_ordered_drops_observed;finding:repeated_drop_without_reallocation;finding_strength:observational_candidate	positive supporting evidence does not promote UNKNOWN to true;MAY evidence is never promoted to MUST	results/boxed_i128__df/double_free_alloc_state.explain.json	MAY_ALLOCATION;MAY_DEALLOCATION;PATH_JOIN;QUERY_THREE_VALUED_PROPAGATION	1	3	repeated_drop_without_reallocation	observational_candidate	0		
corpus	boxed_i128__df	/home/af/Documenti/a-phd/repro-results/gate-l1-normal-execution-20260919T152848Z/main/raw/boxed_i128__df/annotated_icfg_v2.json	leak_alloc	unk	unk_unoriented	none	unresolved	cqpl_result_assessment_v1	cqpl_three_valued_model_check_v1	no directional supporting or refuting finding is certified beyond the uncertainty frontier;non-directional unresolved-contract candidates do not orient UNKNOWN toward true or false	results/boxed_i128__df/leak_alloc.explain.json	MAY_ALLOCATION;QUERY_THREE_VALUED_PROPAGATION	1	0			0		
corpus	boxed_i128__df	/home/af/Documenti/a-phd/repro-results/gate-l1-normal-execution-20260919T152848Z/main/raw/boxed_i128__df/annotated_icfg_v2.json	leak_alloc_state	unk	unk_unoriented	none	unresolved	cqpl_result_assessment_v1	assessment_scope:normal_execution;capability:typed_edge_flow_v1;cqpl_three_valued_model_check_v1	no directional supporting or refuting finding is certified beyond the uncertainty frontier;non-directional unresolved-contract candidates do not orient UNKNOWN toward true or false;directional assessment is restricted to typed normal edges; CQPL truth remains evaluated on the complete transition relation including unwind edges	results/boxed_i128__df/leak_alloc_state.explain.json	ABSTRACT_TOP_STATE;MAY_ALLOCATION;MAY_DEALLOCATION;QUERY_THREE_VALUED_PROPAGATION	1	0			0		
corpus	boxed_i128__ml	/home/af/Documenti/a-phd/repro-results/gate-l1-normal-execution-20260919T152848Z/main/raw/boxed_i128__ml/annotated_icfg_v2.json	leak_alloc	unk	unk_true	true	strong_abstract_evidence	cqpl_result_assessment_v1	cqpl_three_valued_model_check_v1;disposition_basis:rustc_box_into_raw_v1;evidence:no_intervening_call_after_handoff;evidence:no_modeled_discharge_on_witness_path;evidence:non_returning_discharge_observed_off_witness;evidence:normal_return_reachable;evidence:producer_certified_box_into_raw;finding:normal_return_open_manual_obligation;finding_strength:strong_abstract_evidence	positive supporting evidence does not promote UNKNOWN to true;MAY evidence is never promoted to MUST	results/boxed_i128__ml/leak_alloc.explain.json	MAY_ALLOCATION;QUERY_THREE_VALUED_PROPAGATION	1	1	normal_return_open_manual_obligation	strong_abstract_evidence	0		
corpus	boxed_i128__ml	/home/af/Documenti/a-phd/repro-results/gate-l1-normal-execution-20260919T152848Z/main/raw/boxed_i128__ml/annotated_icfg_v2.json	leak_alloc_state	unk	unk_true	true	strong_abstract_evidence	cqpl_result_assessment_v1	assessment_scope:normal_execution;capability:typed_edge_flow_v1;cqpl_three_valued_model_check_v1;disposition_basis:rustc_box_into_raw_v1;evidence:no_intervening_call_after_handoff;evidence:no_modeled_discharge_on_witness_path;evidence:normal_return_reachable;evidence:producer_certified_box_into_raw;finding:normal_return_open_manual_obligation;finding_strength:strong_abstract_evidence	positive supporting evidence does not promote UNKNOWN to true;MAY evidence is never promoted to MUST;directional assessment is restricted to typed normal edges; CQPL truth remains evaluated on the complete transition relation including unwind edges	results/boxed_i128__ml/leak_alloc_state.explain.json	ABSTRACT_TOP_STATE;MAY_ALLOCATION;MAY_DEALLOCATION;QUERY_THREE_VALUED_PROPAGATION	1	1	normal_return_open_manual_obligation	strong_abstract_evidence	0		
corpus	boxed_i128__uaf	/home/af/Documenti/a-phd/repro-results/gate-l1-normal-execution-20260919T152848Z/main/raw/boxed_i128__uaf/annotated_icfg_v2.json	double_free_alloc	unk	unk_true	true	observational_candidate	cqpl_result_assessment_v1	contract_basis:rust_box_global_drop;contract_basis:rust_mem_drop_owned_box_global_v1;cqpl_three_valued_model_check_v1;evidence:allocation_state_includes_allocated;evidence:may_deallocation_observed;evidence:no_reallocation_between_events;evidence:two_ordered_drops_observed;finding:repeated_drop_without_reallocation;finding_strength:observational_candidate	positive supporting evidence does not promote UNKNOWN to true;MAY evidence is never promoted to MUST	results/boxed_i128__uaf/double_free_alloc.explain.json	MAY_ALLOCATION;MAY_DEALLOCATION;PATH_JOIN;QUERY_THREE_VALUED_PROPAGATION	1	1	repeated_drop_without_reallocation	observational_candidate	0		
corpus	boxed_i128__uaf	/home/af/Documenti/a-phd/repro-results/gate-l1-normal-execution-20260919T152848Z/main/raw/boxed_i128__uaf/annotated_icfg_v2.json	double_free_alloc_state	unk	unk_true	true	observational_candidate	cqpl_result_assessment_v1	contract_basis:rust_box_global_drop;contract_basis:rust_mem_drop_owned_box_global_v1;cqpl_three_valued_model_check_v1;evidence:allocation_state_includes_allocated;evidence:may_deallocation_observed;evidence:no_reallocation_between_events;evidence:two_ordered_drops_observed;finding:repeated_drop_without_reallocation;finding_strength:observational_candidate	positive supporting evidence does not promote UNKNOWN to true;MAY evidence is never promoted to MUST	results/boxed_i128__uaf/double_free_alloc_state.explain.json	MAY_ALLOCATION;MAY_DEALLOCATION;PATH_JOIN;QUERY_THREE_VALUED_PROPAGATION	1	1	repeated_drop_without_reallocation	observational_candidate	0		
corpus	boxed_i128__uaf	/home/af/Documenti/a-phd/repro-results/gate-l1-normal-execution-20260919T152848Z/main/raw/boxed_i128__uaf/annotated_icfg_v2.json	leak_alloc	unk	unk_unoriented	none	unresolved	cqpl_result_assessment_v1	cqpl_three_valued_model_check_v1	no directional supporting or refuting finding is certified beyond the uncertainty frontier;non-directional unresolved-contract candidates do not orient UNKNOWN toward true or false	results/boxed_i128__uaf/leak_alloc.explain.json	MAY_ALLOCATION;QUERY_THREE_VALUED_PROPAGATION	1	0			0		
corpus	boxed_i128__uaf	/home/af/Documenti/a-phd/repro-results/gate-l1-normal-execution-20260919T152848Z/main/raw/boxed_i128__uaf/annotated_icfg_v2.json	leak_alloc_state	unk	unk_unoriented	none	unresolved	cqpl_result_assessment_v1	assessment_scope:normal_execution;capability:typed_edge_flow_v1;cqpl_three_valued_model_check_v1	no directional supporting or refuting finding is certified beyond the uncertainty frontier;non-directional unresolved-contract candidates do not orient UNKNOWN toward true or false;directional assessment is restricted to typed normal edges; CQPL truth remains evaluated on the complete transition relation including unwind edges	results/boxed_i128__uaf/leak_alloc_state.explain.json	ABSTRACT_TOP_STATE;MAY_ALLOCATION;MAY_DEALLOCATION;QUERY_THREE_VALUED_PROPAGATION	1	0			0		
corpus	boxed_i128__uaf	/home/af/Documenti/a-phd/repro-results/gate-l1-normal-execution-20260919T152848Z/main/raw/boxed_i128__uaf/annotated_icfg_v2.json	use_after_free_alloc	unk	unk_true	true	observational_candidate	cqpl_result_assessment_v1	contract_basis:rust_mem_drop_owned_box_global_v1;cqpl_three_valued_model_check_v1;evidence:allocation_state_includes_allocated;evidence:may_deallocation_observed;evidence:may_use_observed;evidence:no_reallocation_between_events;evidence:ordered_drop_before_use;finding:drop_then_use_without_reallocation;finding_strength:observational_candidate	positive supporting evidence does not promote UNKNOWN to true;MAY evidence is never promoted to MUST	results/boxed_i128__uaf/use_after_free_alloc.explain.json	MAY_ALLOCATION;MAY_DEALLOCATION;MAY_USE;PATH_JOIN;QUERY_THREE_VALUED_PROPAGATION	1	1	drop_then_use_without_reallocation	observational_candidate	0		
corpus	boxed_i128__uaf	/home/af/Documenti/a-phd/repro-results/gate-l1-normal-execution-20260919T152848Z/main/raw/boxed_i128__uaf/annotated_icfg_v2.json	use_after_free_alloc_state	unk	unk_true	true	observational_candidate	cqpl_result_assessment_v1	contract_basis:rust_mem_drop_owned_box_global_v1;cqpl_three_valued_model_check_v1;evidence:allocation_state_includes_allocated;evidence:may_deallocation_observed;evidence:may_use_observed;evidence:no_reallocation_between_events;evidence:ordered_drop_before_use;finding:drop_then_use_without_reallocation;finding_strength:observational_candidate	positive supporting evidence does not promote UNKNOWN to true;MAY evidence is never promoted to MUST	results/boxed_i128__uaf/use_after_free_alloc_state.explain.json	MAY_ALLOCATION;MAY_DEALLOCATION;MAY_USE;PATH_JOIN;QUERY_THREE_VALUED_PROPAGATION	1	1	drop_then_use_without_reallocation	observational_candidate	0		
corpus	boxed_i16__df	/home/af/Documenti/a-phd/repro-results/gate-l1-normal-execution-20260919T152848Z/main/raw/boxed_i16__df/annotated_icfg_v2.json	double_free_alloc	unk	unk_true	true	observational_candidate	cqpl_result_assessment_v1	contract_basis:rust_box_global_drop;cqpl_three_valued_model_check_v1;evidence:allocation_state_includes_allocated;evidence:may_deallocation_observed;evidence:no_reallocation_between_events;evidence:two_ordered_drops_observed;finding:repeated_drop_without_reallocation;finding_strength:observational_candidate	positive supporting evidence does not promote UNKNOWN to true;MAY evidence is never promoted to MUST	results/boxed_i16__df/double_free_alloc.explain.json	MAY_ALLOCATION;MAY_DEALLOCATION;PATH_JOIN;QUERY_THREE_VALUED_PROPAGATION	1	3	repeated_drop_without_reallocation	observational_candidate	0		
corpus	boxed_i16__df	/home/af/Documenti/a-phd/repro-results/gate-l1-normal-execution-20260919T152848Z/main/raw/boxed_i16__df/annotated_icfg_v2.json	double_free_alloc_state	unk	unk_true	true	observational_candidate	cqpl_result_assessment_v1	contract_basis:rust_box_global_drop;cqpl_three_valued_model_check_v1;evidence:allocation_state_includes_allocated;evidence:may_deallocation_observed;evidence:no_reallocation_between_events;evidence:two_ordered_drops_observed;finding:repeated_drop_without_reallocation;finding_strength:observational_candidate	positive supporting evidence does not promote UNKNOWN to true;MAY evidence is never promoted to MUST	results/boxed_i16__df/double_free_alloc_state.explain.json	MAY_ALLOCATION;MAY_DEALLOCATION;PATH_JOIN;QUERY_THREE_VALUED_PROPAGATION	1	3	repeated_drop_without_reallocation	observational_candidate	0		
corpus	boxed_i16__df	/home/af/Documenti/a-phd/repro-results/gate-l1-normal-execution-20260919T152848Z/main/raw/boxed_i16__df/annotated_icfg_v2.json	leak_alloc	unk	unk_unoriented	none	unresolved	cqpl_result_assessment_v1	cqpl_three_valued_model_check_v1	no directional supporting or refuting finding is certified beyond the uncertainty frontier;non-directional unresolved-contract candidates do not orient UNKNOWN toward true or false	results/boxed_i16__df/leak_alloc.explain.json	MAY_ALLOCATION;QUERY_THREE_VALUED_PROPAGATION	1	0			0		
corpus	boxed_i16__df	/home/af/Documenti/a-phd/repro-results/gate-l1-normal-execution-20260919T152848Z/main/raw/boxed_i16__df/annotated_icfg_v2.json	leak_alloc_state	unk	unk_unoriented	none	unresolved	cqpl_result_assessment_v1	assessment_scope:normal_execution;capability:typed_edge_flow_v1;cqpl_three_valued_model_check_v1	no directional supporting or refuting finding is certified beyond the uncertainty frontier;non-directional unresolved-contract candidates do not orient UNKNOWN toward true or false;directional assessment is restricted to typed normal edges; CQPL truth remains evaluated on the complete transition relation including unwind edges	results/boxed_i16__df/leak_alloc_state.explain.json	ABSTRACT_TOP_STATE;MAY_ALLOCATION;MAY_DEALLOCATION;QUERY_THREE_VALUED_PROPAGATION	1	0			0		
corpus	boxed_i16__ml	/home/af/Documenti/a-phd/repro-results/gate-l1-normal-execution-20260919T152848Z/main/raw/boxed_i16__ml/annotated_icfg_v2.json	leak_alloc	unk	unk_true	true	strong_abstract_evidence	cqpl_result_assessment_v1	cqpl_three_valued_model_check_v1;disposition_basis:rustc_box_into_raw_v1;evidence:no_intervening_call_after_handoff;evidence:no_modeled_discharge_on_witness_path;evidence:non_returning_discharge_observed_off_witness;evidence:normal_return_reachable;evidence:producer_certified_box_into_raw;finding:normal_return_open_manual_obligation;finding_strength:strong_abstract_evidence	positive supporting evidence does not promote UNKNOWN to true;MAY evidence is never promoted to MUST	results/boxed_i16__ml/leak_alloc.explain.json	MAY_ALLOCATION;QUERY_THREE_VALUED_PROPAGATION	1	1	normal_return_open_manual_obligation	strong_abstract_evidence	0		
corpus	boxed_i16__ml	/home/af/Documenti/a-phd/repro-results/gate-l1-normal-execution-20260919T152848Z/main/raw/boxed_i16__ml/annotated_icfg_v2.json	leak_alloc_state	unk	unk_true	true	strong_abstract_evidence	cqpl_result_assessment_v1	assessment_scope:normal_execution;capability:typed_edge_flow_v1;cqpl_three_valued_model_check_v1;disposition_basis:rustc_box_into_raw_v1;evidence:no_intervening_call_after_handoff;evidence:no_modeled_discharge_on_witness_path;evidence:normal_return_reachable;evidence:producer_certified_box_into_raw;finding:normal_return_open_manual_obligation;finding_strength:strong_abstract_evidence	positive supporting evidence does not promote UNKNOWN to true;MAY evidence is never promoted to MUST;directional assessment is restricted to typed normal edges; CQPL truth remains evaluated on the complete transition relation including unwind edges	results/boxed_i16__ml/leak_alloc_state.explain.json	ABSTRACT_TOP_STATE;MAY_ALLOCATION;MAY_DEALLOCATION;QUERY_THREE_VALUED_PROPAGATION	1	1	normal_return_open_manual_obligation	strong_abstract_evidence	0		
corpus	boxed_i16__uaf	/home/af/Documenti/a-phd/repro-results/gate-l1-normal-execution-20260919T152848Z/main/raw/boxed_i16__uaf/annotated_icfg_v2.json	double_free_alloc	unk	unk_true	true	observational_candidate	cqpl_result_assessment_v1	contract_basis:rust_box_global_drop;contract_basis:rust_mem_drop_owned_box_global_v1;cqpl_three_valued_model_check_v1;evidence:allocation_state_includes_allocated;evidence:may_deallocation_observed;evidence:no_reallocation_between_events;evidence:two_ordered_drops_observed;finding:repeated_drop_without_reallocation;finding_strength:observational_candidate	positive supporting evidence does not promote UNKNOWN to true;MAY evidence is never promoted to MUST	results/boxed_i16__uaf/double_free_alloc.explain.json	MAY_ALLOCATION;MAY_DEALLOCATION;PATH_JOIN;QUERY_THREE_VALUED_PROPAGATION	1	1	repeated_drop_without_reallocation	observational_candidate	0		
corpus	boxed_i16__uaf	/home/af/Documenti/a-phd/repro-results/gate-l1-normal-execution-20260919T152848Z/main/raw/boxed_i16__uaf/annotated_icfg_v2.json	double_free_alloc_state	unk	unk_true	true	observational_candidate	cqpl_result_assessment_v1	contract_basis:rust_box_global_drop;contract_basis:rust_mem_drop_owned_box_global_v1;cqpl_three_valued_model_check_v1;evidence:allocation_state_includes_allocated;evidence:may_deallocation_observed;evidence:no_reallocation_between_events;evidence:two_ordered_drops_observed;finding:repeated_drop_without_reallocation;finding_strength:observational_candidate	positive supporting evidence does not promote UNKNOWN to true;MAY evidence is never promoted to MUST	results/boxed_i16__uaf/double_free_alloc_state.explain.json	MAY_ALLOCATION;MAY_DEALLOCATION;PATH_JOIN;QUERY_THREE_VALUED_PROPAGATION	1	1	repeated_drop_without_reallocation	observational_candidate	0		
corpus	boxed_i16__uaf	/home/af/Documenti/a-phd/repro-results/gate-l1-normal-execution-20260919T152848Z/main/raw/boxed_i16__uaf/annotated_icfg_v2.json	leak_alloc	unk	unk_unoriented	none	unresolved	cqpl_result_assessment_v1	cqpl_three_valued_model_check_v1	no directional supporting or refuting finding is certified beyond the uncertainty frontier;non-directional unresolved-contract candidates do not orient UNKNOWN toward true or false	results/boxed_i16__uaf/leak_alloc.explain.json	MAY_ALLOCATION;QUERY_THREE_VALUED_PROPAGATION	1	0			0		
corpus	boxed_i16__uaf	/home/af/Documenti/a-phd/repro-results/gate-l1-normal-execution-20260919T152848Z/main/raw/boxed_i16__uaf/annotated_icfg_v2.json	leak_alloc_state	unk	unk_unoriented	none	unresolved	cqpl_result_assessment_v1	assessment_scope:normal_execution;capability:typed_edge_flow_v1;cqpl_three_valued_model_check_v1	no directional supporting or refuting finding is certified beyond the uncertainty frontier;non-directional unresolved-contract candidates do not orient UNKNOWN toward true or false;directional assessment is restricted to typed normal edges; CQPL truth remains evaluated on the complete transition relation including unwind edges	results/boxed_i16__uaf/leak_alloc_state.explain.json	ABSTRACT_TOP_STATE;MAY_ALLOCATION;MAY_DEALLOCATION;QUERY_THREE_VALUED_PROPAGATION	1	0			0		
corpus	boxed_i16__uaf	/home/af/Documenti/a-phd/repro-results/gate-l1-normal-execution-20260919T152848Z/main/raw/boxed_i16__uaf/annotated_icfg_v2.json	use_after_free_alloc	unk	unk_true	true	observational_candidate	cqpl_result_assessment_v1	contract_basis:rust_mem_drop_owned_box_global_v1;cqpl_three_valued_model_check_v1;evidence:allocation_state_includes_allocated;evidence:may_deallocation_observed;evidence:may_use_observed;evidence:no_reallocation_between_events;evidence:ordered_drop_before_use;finding:drop_then_use_without_reallocation;finding_strength:observational_candidate	positive supporting evidence does not promote UNKNOWN to true;MAY evidence is never promoted to MUST	results/boxed_i16__uaf/use_after_free_alloc.explain.json	MAY_ALLOCATION;MAY_DEALLOCATION;MAY_USE;PATH_JOIN;QUERY_THREE_VALUED_PROPAGATION	1	1	drop_then_use_without_reallocation	observational_candidate	0		
corpus	boxed_i16__uaf	/home/af/Documenti/a-phd/repro-results/gate-l1-normal-execution-20260919T152848Z/main/raw/boxed_i16__uaf/annotated_icfg_v2.json	use_after_free_alloc_state	unk	unk_true	true	observational_candidate	cqpl_result_assessment_v1	contract_basis:rust_mem_drop_owned_box_global_v1;cqpl_three_valued_model_check_v1;evidence:allocation_state_includes_allocated;evidence:may_deallocation_observed;evidence:may_use_observed;evidence:no_reallocation_between_events;evidence:ordered_drop_before_use;finding:drop_then_use_without_reallocation;finding_strength:observational_candidate	positive supporting evidence does not promote UNKNOWN to true;MAY evidence is never promoted to MUST	results/boxed_i16__uaf/use_after_free_alloc_state.explain.json	MAY_ALLOCATION;MAY_DEALLOCATION;MAY_USE;PATH_JOIN;QUERY_THREE_VALUED_PROPAGATION	1	1	drop_then_use_without_reallocation	observational_candidate	0		
corpus	boxed_i32__df	/home/af/Documenti/a-phd/repro-results/gate-l1-normal-execution-20260919T152848Z/main/raw/boxed_i32__df/annotated_icfg_v2.json	double_free_alloc	unk	unk_true	true	observational_candidate	cqpl_result_assessment_v1	contract_basis:rust_box_global_drop;cqpl_three_valued_model_check_v1;evidence:allocation_state_includes_allocated;evidence:may_deallocation_observed;evidence:no_reallocation_between_events;evidence:two_ordered_drops_observed;finding:repeated_drop_without_reallocation;finding_strength:observational_candidate	positive supporting evidence does not promote UNKNOWN to true;MAY evidence is never promoted to MUST	results/boxed_i32__df/double_free_alloc.explain.json	MAY_ALLOCATION;MAY_DEALLOCATION;PATH_JOIN;QUERY_THREE_VALUED_PROPAGATION	1	3	repeated_drop_without_reallocation	observational_candidate	0		
corpus	boxed_i32__df	/home/af/Documenti/a-phd/repro-results/gate-l1-normal-execution-20260919T152848Z/main/raw/boxed_i32__df/annotated_icfg_v2.json	double_free_alloc_state	unk	unk_true	true	observational_candidate	cqpl_result_assessment_v1	contract_basis:rust_box_global_drop;cqpl_three_valued_model_check_v1;evidence:allocation_state_includes_allocated;evidence:may_deallocation_observed;evidence:no_reallocation_between_events;evidence:two_ordered_drops_observed;finding:repeated_drop_without_reallocation;finding_strength:observational_candidate	positive supporting evidence does not promote UNKNOWN to true;MAY evidence is never promoted to MUST	results/boxed_i32__df/double_free_alloc_state.explain.json	MAY_ALLOCATION;MAY_DEALLOCATION;PATH_JOIN;QUERY_THREE_VALUED_PROPAGATION	1	3	repeated_drop_without_reallocation	observational_candidate	0		
corpus	boxed_i32__df	/home/af/Documenti/a-phd/repro-results/gate-l1-normal-execution-20260919T152848Z/main/raw/boxed_i32__df/annotated_icfg_v2.json	leak_alloc	unk	unk_unoriented	none	unresolved	cqpl_result_assessment_v1	cqpl_three_valued_model_check_v1	no directional supporting or refuting finding is certified beyond the uncertainty frontier;non-directional unresolved-contract candidates do not orient UNKNOWN toward true or false	results/boxed_i32__df/leak_alloc.explain.json	MAY_ALLOCATION;QUERY_THREE_VALUED_PROPAGATION	1	0			0		
corpus	boxed_i32__df	/home/af/Documenti/a-phd/repro-results/gate-l1-normal-execution-20260919T152848Z/main/raw/boxed_i32__df/annotated_icfg_v2.json	leak_alloc_state	unk	unk_unoriented	none	unresolved	cqpl_result_assessment_v1	assessment_scope:normal_execution;capability:typed_edge_flow_v1;cqpl_three_valued_model_check_v1	no directional supporting or refuting finding is certified beyond the uncertainty frontier;non-directional unresolved-contract candidates do not orient UNKNOWN toward true or false;directional assessment is restricted to typed normal edges; CQPL truth remains evaluated on the complete transition relation including unwind edges	results/boxed_i32__df/leak_alloc_state.explain.json	ABSTRACT_TOP_STATE;MAY_ALLOCATION;MAY_DEALLOCATION;QUERY_THREE_VALUED_PROPAGATION	1	0			0		
corpus	boxed_i32__ml	/home/af/Documenti/a-phd/repro-results/gate-l1-normal-execution-20260919T152848Z/main/raw/boxed_i32__ml/annotated_icfg_v2.json	leak_alloc	unk	unk_true	true	strong_abstract_evidence	cqpl_result_assessment_v1	cqpl_three_valued_model_check_v1;disposition_basis:rustc_box_into_raw_v1;evidence:no_intervening_call_after_handoff;evidence:no_modeled_discharge_on_witness_path;evidence:non_returning_discharge_observed_off_witness;evidence:normal_return_reachable;evidence:producer_certified_box_into_raw;finding:normal_return_open_manual_obligation;finding_strength:strong_abstract_evidence	positive supporting evidence does not promote UNKNOWN to true;MAY evidence is never promoted to MUST	results/boxed_i32__ml/leak_alloc.explain.json	MAY_ALLOCATION;QUERY_THREE_VALUED_PROPAGATION	1	1	normal_return_open_manual_obligation	strong_abstract_evidence	0		
corpus	boxed_i32__ml	/home/af/Documenti/a-phd/repro-results/gate-l1-normal-execution-20260919T152848Z/main/raw/boxed_i32__ml/annotated_icfg_v2.json	leak_alloc_state	unk	unk_true	true	strong_abstract_evidence	cqpl_result_assessment_v1	assessment_scope:normal_execution;capability:typed_edge_flow_v1;cqpl_three_valued_model_check_v1;disposition_basis:rustc_box_into_raw_v1;evidence:no_intervening_call_after_handoff;evidence:no_modeled_discharge_on_witness_path;evidence:normal_return_reachable;evidence:producer_certified_box_into_raw;finding:normal_return_open_manual_obligation;finding_strength:strong_abstract_evidence	positive supporting evidence does not promote UNKNOWN to true;MAY evidence is never promoted to MUST;directional assessment is restricted to typed normal edges; CQPL truth remains evaluated on the complete transition relation including unwind edges	results/boxed_i32__ml/leak_alloc_state.explain.json	ABSTRACT_TOP_STATE;MAY_ALLOCATION;MAY_DEALLOCATION;QUERY_THREE_VALUED_PROPAGATION	1	1	normal_return_open_manual_obligation	strong_abstract_evidence	0		
corpus	boxed_i32__uaf	/home/af/Documenti/a-phd/repro-results/gate-l1-normal-execution-20260919T152848Z/main/raw/boxed_i32__uaf/annotated_icfg_v2.json	double_free_alloc	unk	unk_true	true	observational_candidate	cqpl_result_assessment_v1	contract_basis:rust_box_global_drop;contract_basis:rust_mem_drop_owned_box_global_v1;cqpl_three_valued_model_check_v1;evidence:allocation_state_includes_allocated;evidence:may_deallocation_observed;evidence:no_reallocation_between_events;evidence:two_ordered_drops_observed;finding:repeated_drop_without_reallocation;finding_strength:observational_candidate	positive supporting evidence does not promote UNKNOWN to true;MAY evidence is never promoted to MUST	results/boxed_i32__uaf/double_free_alloc.explain.json	MAY_ALLOCATION;MAY_DEALLOCATION;PATH_JOIN;QUERY_THREE_VALUED_PROPAGATION	1	1	repeated_drop_without_reallocation	observational_candidate	0		
corpus	boxed_i32__uaf	/home/af/Documenti/a-phd/repro-results/gate-l1-normal-execution-20260919T152848Z/main/raw/boxed_i32__uaf/annotated_icfg_v2.json	double_free_alloc_state	unk	unk_true	true	observational_candidate	cqpl_result_assessment_v1	contract_basis:rust_box_global_drop;contract_basis:rust_mem_drop_owned_box_global_v1;cqpl_three_valued_model_check_v1;evidence:allocation_state_includes_allocated;evidence:may_deallocation_observed;evidence:no_reallocation_between_events;evidence:two_ordered_drops_observed;finding:repeated_drop_without_reallocation;finding_strength:observational_candidate	positive supporting evidence does not promote UNKNOWN to true;MAY evidence is never promoted to MUST	results/boxed_i32__uaf/double_free_alloc_state.explain.json	MAY_ALLOCATION;MAY_DEALLOCATION;PATH_JOIN;QUERY_THREE_VALUED_PROPAGATION	1	1	repeated_drop_without_reallocation	observational_candidate	0		
corpus	boxed_i32__uaf	/home/af/Documenti/a-phd/repro-results/gate-l1-normal-execution-20260919T152848Z/main/raw/boxed_i32__uaf/annotated_icfg_v2.json	leak_alloc	unk	unk_unoriented	none	unresolved	cqpl_result_assessment_v1	cqpl_three_valued_model_check_v1	no directional supporting or refuting finding is certified beyond the uncertainty frontier;non-directional unresolved-contract candidates do not orient UNKNOWN toward true or false	results/boxed_i32__uaf/leak_alloc.explain.json	MAY_ALLOCATION;QUERY_THREE_VALUED_PROPAGATION	1	0			0		
corpus	boxed_i32__uaf	/home/af/Documenti/a-phd/repro-results/gate-l1-normal-execution-20260919T152848Z/main/raw/boxed_i32__uaf/annotated_icfg_v2.json	leak_alloc_state	unk	unk_unoriented	none	unresolved	cqpl_result_assessment_v1	assessment_scope:normal_execution;capability:typed_edge_flow_v1;cqpl_three_valued_model_check_v1	no directional supporting or refuting finding is certified beyond the uncertainty frontier;non-directional unresolved-contract candidates do not orient UNKNOWN toward true or false;directional assessment is restricted to typed normal edges; CQPL truth remains evaluated on the complete transition relation including unwind edges	results/boxed_i32__uaf/leak_alloc_state.explain.json	ABSTRACT_TOP_STATE;MAY_ALLOCATION;MAY_DEALLOCATION;QUERY_THREE_VALUED_PROPAGATION	1	0			0		
corpus	boxed_i32__uaf	/home/af/Documenti/a-phd/repro-results/gate-l1-normal-execution-20260919T152848Z/main/raw/boxed_i32__uaf/annotated_icfg_v2.json	use_after_free_alloc	unk	unk_true	true	observational_candidate	cqpl_result_assessment_v1	contract_basis:rust_mem_drop_owned_box_global_v1;cqpl_three_valued_model_check_v1;evidence:allocation_state_includes_allocated;evidence:may_deallocation_observed;evidence:may_use_observed;evidence:no_reallocation_between_events;evidence:ordered_drop_before_use;finding:drop_then_use_without_reallocation;finding_strength:observational_candidate	positive supporting evidence does not promote UNKNOWN to true;MAY evidence is never promoted to MUST	results/boxed_i32__uaf/use_after_free_alloc.explain.json	MAY_ALLOCATION;MAY_DEALLOCATION;MAY_USE;PATH_JOIN;QUERY_THREE_VALUED_PROPAGATION	1	1	drop_then_use_without_reallocation	observational_candidate	0		
corpus	boxed_i32__uaf	/home/af/Documenti/a-phd/repro-results/gate-l1-normal-execution-20260919T152848Z/main/raw/boxed_i32__uaf/annotated_icfg_v2.json	use_after_free_alloc_state	unk	unk_true	true	observational_candidate	cqpl_result_assessment_v1	contract_basis:rust_mem_drop_owned_box_global_v1;cqpl_three_valued_model_check_v1;evidence:allocation_state_includes_allocated;evidence:may_deallocation_observed;evidence:may_use_observed;evidence:no_reallocation_between_events;evidence:ordered_drop_before_use;finding:drop_then_use_without_reallocation;finding_strength:observational_candidate	positive supporting evidence does not promote UNKNOWN to true;MAY evidence is never promoted to MUST	results/boxed_i32__uaf/use_after_free_alloc_state.explain.json	MAY_ALLOCATION;MAY_DEALLOCATION;MAY_USE;PATH_JOIN;QUERY_THREE_VALUED_PROPAGATION	1	1	drop_then_use_without_reallocation	observational_candidate	0		
corpus	boxed_i64__df	/home/af/Documenti/a-phd/repro-results/gate-l1-normal-execution-20260919T152848Z/main/raw/boxed_i64__df/annotated_icfg_v2.json	double_free_alloc	unk	unk_true	true	observational_candidate	cqpl_result_assessment_v1	contract_basis:rust_box_global_drop;cqpl_three_valued_model_check_v1;evidence:allocation_state_includes_allocated;evidence:may_deallocation_observed;evidence:no_reallocation_between_events;evidence:two_ordered_drops_observed;finding:repeated_drop_without_reallocation;finding_strength:observational_candidate	positive supporting evidence does not promote UNKNOWN to true;MAY evidence is never promoted to MUST	results/boxed_i64__df/double_free_alloc.explain.json	MAY_ALLOCATION;MAY_DEALLOCATION;PATH_JOIN;QUERY_THREE_VALUED_PROPAGATION	1	3	repeated_drop_without_reallocation	observational_candidate	0		
corpus	boxed_i64__df	/home/af/Documenti/a-phd/repro-results/gate-l1-normal-execution-20260919T152848Z/main/raw/boxed_i64__df/annotated_icfg_v2.json	double_free_alloc_state	unk	unk_true	true	observational_candidate	cqpl_result_assessment_v1	contract_basis:rust_box_global_drop;cqpl_three_valued_model_check_v1;evidence:allocation_state_includes_allocated;evidence:may_deallocation_observed;evidence:no_reallocation_between_events;evidence:two_ordered_drops_observed;finding:repeated_drop_without_reallocation;finding_strength:observational_candidate	positive supporting evidence does not promote UNKNOWN to true;MAY evidence is never promoted to MUST	results/boxed_i64__df/double_free_alloc_state.explain.json	MAY_ALLOCATION;MAY_DEALLOCATION;PATH_JOIN;QUERY_THREE_VALUED_PROPAGATION	1	3	repeated_drop_without_reallocation	observational_candidate	0		
corpus	boxed_i64__df	/home/af/Documenti/a-phd/repro-results/gate-l1-normal-execution-20260919T152848Z/main/raw/boxed_i64__df/annotated_icfg_v2.json	leak_alloc	unk	unk_unoriented	none	unresolved	cqpl_result_assessment_v1	cqpl_three_valued_model_check_v1	no directional supporting or refuting finding is certified beyond the uncertainty frontier;non-directional unresolved-contract candidates do not orient UNKNOWN toward true or false	results/boxed_i64__df/leak_alloc.explain.json	MAY_ALLOCATION;QUERY_THREE_VALUED_PROPAGATION	1	0			0		
corpus	boxed_i64__df	/home/af/Documenti/a-phd/repro-results/gate-l1-normal-execution-20260919T152848Z/main/raw/boxed_i64__df/annotated_icfg_v2.json	leak_alloc_state	unk	unk_unoriented	none	unresolved	cqpl_result_assessment_v1	assessment_scope:normal_execution;capability:typed_edge_flow_v1;cqpl_three_valued_model_check_v1	no directional supporting or refuting finding is certified beyond the uncertainty frontier;non-directional unresolved-contract candidates do not orient UNKNOWN toward true or false;directional assessment is restricted to typed normal edges; CQPL truth remains evaluated on the complete transition relation including unwind edges	results/boxed_i64__df/leak_alloc_state.explain.json	ABSTRACT_TOP_STATE;MAY_ALLOCATION;MAY_DEALLOCATION;QUERY_THREE_VALUED_PROPAGATION	1	0			0		
corpus	boxed_i64__ml	/home/af/Documenti/a-phd/repro-results/gate-l1-normal-execution-20260919T152848Z/main/raw/boxed_i64__ml/annotated_icfg_v2.json	leak_alloc	unk	unk_true	true	strong_abstract_evidence	cqpl_result_assessment_v1	cqpl_three_valued_model_check_v1;disposition_basis:rustc_box_into_raw_v1;evidence:no_intervening_call_after_handoff;evidence:no_modeled_discharge_on_witness_path;evidence:non_returning_discharge_observed_off_witness;evidence:normal_return_reachable;evidence:producer_certified_box_into_raw;finding:normal_return_open_manual_obligation;finding_strength:strong_abstract_evidence	positive supporting evidence does not promote UNKNOWN to true;MAY evidence is never promoted to MUST	results/boxed_i64__ml/leak_alloc.explain.json	MAY_ALLOCATION;QUERY_THREE_VALUED_PROPAGATION	1	1	normal_return_open_manual_obligation	strong_abstract_evidence	0		
corpus	boxed_i64__ml	/home/af/Documenti/a-phd/repro-results/gate-l1-normal-execution-20260919T152848Z/main/raw/boxed_i64__ml/annotated_icfg_v2.json	leak_alloc_state	unk	unk_true	true	strong_abstract_evidence	cqpl_result_assessment_v1	assessment_scope:normal_execution;capability:typed_edge_flow_v1;cqpl_three_valued_model_check_v1;disposition_basis:rustc_box_into_raw_v1;evidence:no_intervening_call_after_handoff;evidence:no_modeled_discharge_on_witness_path;evidence:normal_return_reachable;evidence:producer_certified_box_into_raw;finding:normal_return_open_manual_obligation;finding_strength:strong_abstract_evidence	positive supporting evidence does not promote UNKNOWN to true;MAY evidence is never promoted to MUST;directional assessment is restricted to typed normal edges; CQPL truth remains evaluated on the complete transition relation including unwind edges	results/boxed_i64__ml/leak_alloc_state.explain.json	ABSTRACT_TOP_STATE;MAY_ALLOCATION;MAY_DEALLOCATION;QUERY_THREE_VALUED_PROPAGATION	1	1	normal_return_open_manual_obligation	strong_abstract_evidence	0		
corpus	boxed_i64__uaf	/home/af/Documenti/a-phd/repro-results/gate-l1-normal-execution-20260919T152848Z/main/raw/boxed_i64__uaf/annotated_icfg_v2.json	double_free_alloc	unk	unk_true	true	observational_candidate	cqpl_result_assessment_v1	contract_basis:rust_box_global_drop;contract_basis:rust_mem_drop_owned_box_global_v1;cqpl_three_valued_model_check_v1;evidence:allocation_state_includes_allocated;evidence:may_deallocation_observed;evidence:no_reallocation_between_events;evidence:two_ordered_drops_observed;finding:repeated_drop_without_reallocation;finding_strength:observational_candidate	positive supporting evidence does not promote UNKNOWN to true;MAY evidence is never promoted to MUST	results/boxed_i64__uaf/double_free_alloc.explain.json	MAY_ALLOCATION;MAY_DEALLOCATION;PATH_JOIN;QUERY_THREE_VALUED_PROPAGATION	1	1	repeated_drop_without_reallocation	observational_candidate	0		
corpus	boxed_i64__uaf	/home/af/Documenti/a-phd/repro-results/gate-l1-normal-execution-20260919T152848Z/main/raw/boxed_i64__uaf/annotated_icfg_v2.json	double_free_alloc_state	unk	unk_true	true	observational_candidate	cqpl_result_assessment_v1	contract_basis:rust_box_global_drop;contract_basis:rust_mem_drop_owned_box_global_v1;cqpl_three_valued_model_check_v1;evidence:allocation_state_includes_allocated;evidence:may_deallocation_observed;evidence:no_reallocation_between_events;evidence:two_ordered_drops_observed;finding:repeated_drop_without_reallocation;finding_strength:observational_candidate	positive supporting evidence does not promote UNKNOWN to true;MAY evidence is never promoted to MUST	results/boxed_i64__uaf/double_free_alloc_state.explain.json	MAY_ALLOCATION;MAY_DEALLOCATION;PATH_JOIN;QUERY_THREE_VALUED_PROPAGATION	1	1	repeated_drop_without_reallocation	observational_candidate	0		
corpus	boxed_i64__uaf	/home/af/Documenti/a-phd/repro-results/gate-l1-normal-execution-20260919T152848Z/main/raw/boxed_i64__uaf/annotated_icfg_v2.json	leak_alloc	unk	unk_unoriented	none	unresolved	cqpl_result_assessment_v1	cqpl_three_valued_model_check_v1	no directional supporting or refuting finding is certified beyond the uncertainty frontier;non-directional unresolved-contract candidates do not orient UNKNOWN toward true or false	results/boxed_i64__uaf/leak_alloc.explain.json	MAY_ALLOCATION;QUERY_THREE_VALUED_PROPAGATION	1	0			0		
corpus	boxed_i64__uaf	/home/af/Documenti/a-phd/repro-results/gate-l1-normal-execution-20260919T152848Z/main/raw/boxed_i64__uaf/annotated_icfg_v2.json	leak_alloc_state	unk	unk_unoriented	none	unresolved	cqpl_result_assessment_v1	assessment_scope:normal_execution;capability:typed_edge_flow_v1;cqpl_three_valued_model_check_v1	no directional supporting or refuting finding is certified beyond the uncertainty frontier;non-directional unresolved-contract candidates do not orient UNKNOWN toward true or false;directional assessment is restricted to typed normal edges; CQPL truth remains evaluated on the complete transition relation including unwind edges	results/boxed_i64__uaf/leak_alloc_state.explain.json	ABSTRACT_TOP_STATE;MAY_ALLOCATION;MAY_DEALLOCATION;QUERY_THREE_VALUED_PROPAGATION	1	0			0		
corpus	boxed_i64__uaf	/home/af/Documenti/a-phd/repro-results/gate-l1-normal-execution-20260919T152848Z/main/raw/boxed_i64__uaf/annotated_icfg_v2.json	use_after_free_alloc	unk	unk_true	true	observational_candidate	cqpl_result_assessment_v1	contract_basis:rust_mem_drop_owned_box_global_v1;cqpl_three_valued_model_check_v1;evidence:allocation_state_includes_allocated;evidence:may_deallocation_observed;evidence:may_use_observed;evidence:no_reallocation_between_events;evidence:ordered_drop_before_use;finding:drop_then_use_without_reallocation;finding_strength:observational_candidate	positive supporting evidence does not promote UNKNOWN to true;MAY evidence is never promoted to MUST	results/boxed_i64__uaf/use_after_free_alloc.explain.json	MAY_ALLOCATION;MAY_DEALLOCATION;MAY_USE;PATH_JOIN;QUERY_THREE_VALUED_PROPAGATION	1	1	drop_then_use_without_reallocation	observational_candidate	0		
corpus	boxed_i64__uaf	/home/af/Documenti/a-phd/repro-results/gate-l1-normal-execution-20260919T152848Z/main/raw/boxed_i64__uaf/annotated_icfg_v2.json	use_after_free_alloc_state	unk	unk_true	true	observational_candidate	cqpl_result_assessment_v1	contract_basis:rust_mem_drop_owned_box_global_v1;cqpl_three_valued_model_check_v1;evidence:allocation_state_includes_allocated;evidence:may_deallocation_observed;evidence:may_use_observed;evidence:no_reallocation_between_events;evidence:ordered_drop_before_use;finding:drop_then_use_without_reallocation;finding_strength:observational_candidate	positive supporting evidence does not promote UNKNOWN to true;MAY evidence is never promoted to MUST	results/boxed_i64__uaf/use_after_free_alloc_state.explain.json	MAY_ALLOCATION;MAY_DEALLOCATION;MAY_USE;PATH_JOIN;QUERY_THREE_VALUED_PROPAGATION	1	1	drop_then_use_without_reallocation	observational_candidate	0		
corpus	boxed_i8__df	/home/af/Documenti/a-phd/repro-results/gate-l1-normal-execution-20260919T152848Z/main/raw/boxed_i8__df/annotated_icfg_v2.json	double_free_alloc	unk	unk_true	true	observational_candidate	cqpl_result_assessment_v1	contract_basis:rust_box_global_drop;cqpl_three_valued_model_check_v1;evidence:allocation_state_includes_allocated;evidence:may_deallocation_observed;evidence:no_reallocation_between_events;evidence:two_ordered_drops_observed;finding:repeated_drop_without_reallocation;finding_strength:observational_candidate	positive supporting evidence does not promote UNKNOWN to true;MAY evidence is never promoted to MUST	results/boxed_i8__df/double_free_alloc.explain.json	MAY_ALLOCATION;MAY_DEALLOCATION;PATH_JOIN;QUERY_THREE_VALUED_PROPAGATION	1	3	repeated_drop_without_reallocation	observational_candidate	0		
corpus	boxed_i8__df	/home/af/Documenti/a-phd/repro-results/gate-l1-normal-execution-20260919T152848Z/main/raw/boxed_i8__df/annotated_icfg_v2.json	double_free_alloc_state	unk	unk_true	true	observational_candidate	cqpl_result_assessment_v1	contract_basis:rust_box_global_drop;cqpl_three_valued_model_check_v1;evidence:allocation_state_includes_allocated;evidence:may_deallocation_observed;evidence:no_reallocation_between_events;evidence:two_ordered_drops_observed;finding:repeated_drop_without_reallocation;finding_strength:observational_candidate	positive supporting evidence does not promote UNKNOWN to true;MAY evidence is never promoted to MUST	results/boxed_i8__df/double_free_alloc_state.explain.json	MAY_ALLOCATION;MAY_DEALLOCATION;PATH_JOIN;QUERY_THREE_VALUED_PROPAGATION	1	3	repeated_drop_without_reallocation	observational_candidate	0		
corpus	boxed_i8__df	/home/af/Documenti/a-phd/repro-results/gate-l1-normal-execution-20260919T152848Z/main/raw/boxed_i8__df/annotated_icfg_v2.json	leak_alloc	unk	unk_unoriented	none	unresolved	cqpl_result_assessment_v1	cqpl_three_valued_model_check_v1	no directional supporting or refuting finding is certified beyond the uncertainty frontier;non-directional unresolved-contract candidates do not orient UNKNOWN toward true or false	results/boxed_i8__df/leak_alloc.explain.json	MAY_ALLOCATION;QUERY_THREE_VALUED_PROPAGATION	1	0			0		
corpus	boxed_i8__df	/home/af/Documenti/a-phd/repro-results/gate-l1-normal-execution-20260919T152848Z/main/raw/boxed_i8__df/annotated_icfg_v2.json	leak_alloc_state	unk	unk_unoriented	none	unresolved	cqpl_result_assessment_v1	assessment_scope:normal_execution;capability:typed_edge_flow_v1;cqpl_three_valued_model_check_v1	no directional supporting or refuting finding is certified beyond the uncertainty frontier;non-directional unresolved-contract candidates do not orient UNKNOWN toward true or false;directional assessment is restricted to typed normal edges; CQPL truth remains evaluated on the complete transition relation including unwind edges	results/boxed_i8__df/leak_alloc_state.explain.json	ABSTRACT_TOP_STATE;MAY_ALLOCATION;MAY_DEALLOCATION;QUERY_THREE_VALUED_PROPAGATION	1	0			0		
corpus	boxed_i8__ml	/home/af/Documenti/a-phd/repro-results/gate-l1-normal-execution-20260919T152848Z/main/raw/boxed_i8__ml/annotated_icfg_v2.json	leak_alloc	unk	unk_true	true	strong_abstract_evidence	cqpl_result_assessment_v1	cqpl_three_valued_model_check_v1;disposition_basis:rustc_box_into_raw_v1;evidence:no_intervening_call_after_handoff;evidence:no_modeled_discharge_on_witness_path;evidence:non_returning_discharge_observed_off_witness;evidence:normal_return_reachable;evidence:producer_certified_box_into_raw;finding:normal_return_open_manual_obligation;finding_strength:strong_abstract_evidence	positive supporting evidence does not promote UNKNOWN to true;MAY evidence is never promoted to MUST	results/boxed_i8__ml/leak_alloc.explain.json	MAY_ALLOCATION;QUERY_THREE_VALUED_PROPAGATION	1	1	normal_return_open_manual_obligation	strong_abstract_evidence	0		
corpus	boxed_i8__ml	/home/af/Documenti/a-phd/repro-results/gate-l1-normal-execution-20260919T152848Z/main/raw/boxed_i8__ml/annotated_icfg_v2.json	leak_alloc_state	unk	unk_true	true	strong_abstract_evidence	cqpl_result_assessment_v1	assessment_scope:normal_execution;capability:typed_edge_flow_v1;cqpl_three_valued_model_check_v1;disposition_basis:rustc_box_into_raw_v1;evidence:no_intervening_call_after_handoff;evidence:no_modeled_discharge_on_witness_path;evidence:normal_return_reachable;evidence:producer_certified_box_into_raw;finding:normal_return_open_manual_obligation;finding_strength:strong_abstract_evidence	positive supporting evidence does not promote UNKNOWN to true;MAY evidence is never promoted to MUST;directional assessment is restricted to typed normal edges; CQPL truth remains evaluated on the complete transition relation including unwind edges	results/boxed_i8__ml/leak_alloc_state.explain.json	ABSTRACT_TOP_STATE;MAY_ALLOCATION;MAY_DEALLOCATION;QUERY_THREE_VALUED_PROPAGATION	1	1	normal_return_open_manual_obligation	strong_abstract_evidence	0		
corpus	boxed_i8__uaf	/home/af/Documenti/a-phd/repro-results/gate-l1-normal-execution-20260919T152848Z/main/raw/boxed_i8__uaf/annotated_icfg_v2.json	double_free_alloc	unk	unk_true	true	observational_candidate	cqpl_result_assessment_v1	contract_basis:rust_box_global_drop;contract_basis:rust_mem_drop_owned_box_global_v1;cqpl_three_valued_model_check_v1;evidence:allocation_state_includes_allocated;evidence:may_deallocation_observed;evidence:no_reallocation_between_events;evidence:two_ordered_drops_observed;finding:repeated_drop_without_reallocation;finding_strength:observational_candidate	positive supporting evidence does not promote UNKNOWN to true;MAY evidence is never promoted to MUST	results/boxed_i8__uaf/double_free_alloc.explain.json	MAY_ALLOCATION;MAY_DEALLOCATION;PATH_JOIN;QUERY_THREE_VALUED_PROPAGATION	1	1	repeated_drop_without_reallocation	observational_candidate	0		
corpus	boxed_i8__uaf	/home/af/Documenti/a-phd/repro-results/gate-l1-normal-execution-20260919T152848Z/main/raw/boxed_i8__uaf/annotated_icfg_v2.json	double_free_alloc_state	unk	unk_true	true	observational_candidate	cqpl_result_assessment_v1	contract_basis:rust_box_global_drop;contract_basis:rust_mem_drop_owned_box_global_v1;cqpl_three_valued_model_check_v1;evidence:allocation_state_includes_allocated;evidence:may_deallocation_observed;evidence:no_reallocation_between_events;evidence:two_ordered_drops_observed;finding:repeated_drop_without_reallocation;finding_strength:observational_candidate	positive supporting evidence does not promote UNKNOWN to true;MAY evidence is never promoted to MUST	results/boxed_i8__uaf/double_free_alloc_state.explain.json	MAY_ALLOCATION;MAY_DEALLOCATION;PATH_JOIN;QUERY_THREE_VALUED_PROPAGATION	1	1	repeated_drop_without_reallocation	observational_candidate	0		
corpus	boxed_i8__uaf	/home/af/Documenti/a-phd/repro-results/gate-l1-normal-execution-20260919T152848Z/main/raw/boxed_i8__uaf/annotated_icfg_v2.json	leak_alloc	unk	unk_unoriented	none	unresolved	cqpl_result_assessment_v1	cqpl_three_valued_model_check_v1	no directional supporting or refuting finding is certified beyond the uncertainty frontier;non-directional unresolved-contract candidates do not orient UNKNOWN toward true or false	results/boxed_i8__uaf/leak_alloc.explain.json	MAY_ALLOCATION;QUERY_THREE_VALUED_PROPAGATION	1	0			0		
corpus	boxed_i8__uaf	/home/af/Documenti/a-phd/repro-results/gate-l1-normal-execution-20260919T152848Z/main/raw/boxed_i8__uaf/annotated_icfg_v2.json	leak_alloc_state	unk	unk_unoriented	none	unresolved	cqpl_result_assessment_v1	assessment_scope:normal_execution;capability:typed_edge_flow_v1;cqpl_three_valued_model_check_v1	no directional supporting or refuting finding is certified beyond the uncertainty frontier;non-directional unresolved-contract candidates do not orient UNKNOWN toward true or false;directional assessment is restricted to typed normal edges; CQPL truth remains evaluated on the complete transition relation including unwind edges	results/boxed_i8__uaf/leak_alloc_state.explain.json	ABSTRACT_TOP_STATE;MAY_ALLOCATION;MAY_DEALLOCATION;QUERY_THREE_VALUED_PROPAGATION	1	0			0		
corpus	boxed_i8__uaf	/home/af/Documenti/a-phd/repro-results/gate-l1-normal-execution-20260919T152848Z/main/raw/boxed_i8__uaf/annotated_icfg_v2.json	use_after_free_alloc	unk	unk_true	true	observational_candidate	cqpl_result_assessment_v1	contract_basis:rust_mem_drop_owned_box_global_v1;cqpl_three_valued_model_check_v1;evidence:allocation_state_includes_allocated;evidence:may_deallocation_observed;evidence:may_use_observed;evidence:no_reallocation_between_events;evidence:ordered_drop_before_use;finding:drop_then_use_without_reallocation;finding_strength:observational_candidate	positive supporting evidence does not promote UNKNOWN to true;MAY evidence is never promoted to MUST	results/boxed_i8__uaf/use_after_free_alloc.explain.json	MAY_ALLOCATION;MAY_DEALLOCATION;MAY_USE;PATH_JOIN;QUERY_THREE_VALUED_PROPAGATION	1	1	drop_then_use_without_reallocation	observational_candidate	0		
corpus	boxed_i8__uaf	/home/af/Documenti/a-phd/repro-results/gate-l1-normal-execution-20260919T152848Z/main/raw/boxed_i8__uaf/annotated_icfg_v2.json	use_after_free_alloc_state	unk	unk_true	true	observational_candidate	cqpl_result_assessment_v1	contract_basis:rust_mem_drop_owned_box_global_v1;cqpl_three_valued_model_check_v1;evidence:allocation_state_includes_allocated;evidence:may_deallocation_observed;evidence:may_use_observed;evidence:no_reallocation_between_events;evidence:ordered_drop_before_use;finding:drop_then_use_without_reallocation;finding_strength:observational_candidate	positive supporting evidence does not promote UNKNOWN to true;MAY evidence is never promoted to MUST	results/boxed_i8__uaf/use_after_free_alloc_state.explain.json	MAY_ALLOCATION;MAY_DEALLOCATION;MAY_USE;PATH_JOIN;QUERY_THREE_VALUED_PROPAGATION	1	1	drop_then_use_without_reallocation	observational_candidate	0		
corpus	boxed_isize__df	/home/af/Documenti/a-phd/repro-results/gate-l1-normal-execution-20260919T152848Z/main/raw/boxed_isize__df/annotated_icfg_v2.json	double_free_alloc	unk	unk_true	true	observational_candidate	cqpl_result_assessment_v1	contract_basis:rust_box_global_drop;cqpl_three_valued_model_check_v1;evidence:allocation_state_includes_allocated;evidence:may_deallocation_observed;evidence:no_reallocation_between_events;evidence:two_ordered_drops_observed;finding:repeated_drop_without_reallocation;finding_strength:observational_candidate	positive supporting evidence does not promote UNKNOWN to true;MAY evidence is never promoted to MUST	results/boxed_isize__df/double_free_alloc.explain.json	MAY_ALLOCATION;MAY_DEALLOCATION;PATH_JOIN;QUERY_THREE_VALUED_PROPAGATION	1	3	repeated_drop_without_reallocation	observational_candidate	0		
corpus	boxed_isize__df	/home/af/Documenti/a-phd/repro-results/gate-l1-normal-execution-20260919T152848Z/main/raw/boxed_isize__df/annotated_icfg_v2.json	double_free_alloc_state	unk	unk_true	true	observational_candidate	cqpl_result_assessment_v1	contract_basis:rust_box_global_drop;cqpl_three_valued_model_check_v1;evidence:allocation_state_includes_allocated;evidence:may_deallocation_observed;evidence:no_reallocation_between_events;evidence:two_ordered_drops_observed;finding:repeated_drop_without_reallocation;finding_strength:observational_candidate	positive supporting evidence does not promote UNKNOWN to true;MAY evidence is never promoted to MUST	results/boxed_isize__df/double_free_alloc_state.explain.json	MAY_ALLOCATION;MAY_DEALLOCATION;PATH_JOIN;QUERY_THREE_VALUED_PROPAGATION	1	3	repeated_drop_without_reallocation	observational_candidate	0		
corpus	boxed_isize__df	/home/af/Documenti/a-phd/repro-results/gate-l1-normal-execution-20260919T152848Z/main/raw/boxed_isize__df/annotated_icfg_v2.json	leak_alloc	unk	unk_unoriented	none	unresolved	cqpl_result_assessment_v1	cqpl_three_valued_model_check_v1	no directional supporting or refuting finding is certified beyond the uncertainty frontier;non-directional unresolved-contract candidates do not orient UNKNOWN toward true or false	results/boxed_isize__df/leak_alloc.explain.json	MAY_ALLOCATION;QUERY_THREE_VALUED_PROPAGATION	1	0			0		
corpus	boxed_isize__df	/home/af/Documenti/a-phd/repro-results/gate-l1-normal-execution-20260919T152848Z/main/raw/boxed_isize__df/annotated_icfg_v2.json	leak_alloc_state	unk	unk_unoriented	none	unresolved	cqpl_result_assessment_v1	assessment_scope:normal_execution;capability:typed_edge_flow_v1;cqpl_three_valued_model_check_v1	no directional supporting or refuting finding is certified beyond the uncertainty frontier;non-directional unresolved-contract candidates do not orient UNKNOWN toward true or false;directional assessment is restricted to typed normal edges; CQPL truth remains evaluated on the complete transition relation including unwind edges	results/boxed_isize__df/leak_alloc_state.explain.json	ABSTRACT_TOP_STATE;MAY_ALLOCATION;MAY_DEALLOCATION;QUERY_THREE_VALUED_PROPAGATION	1	0			0		
corpus	boxed_isize__ml	/home/af/Documenti/a-phd/repro-results/gate-l1-normal-execution-20260919T152848Z/main/raw/boxed_isize__ml/annotated_icfg_v2.json	leak_alloc	unk	unk_true	true	strong_abstract_evidence	cqpl_result_assessment_v1	cqpl_three_valued_model_check_v1;disposition_basis:rustc_box_into_raw_v1;evidence:no_intervening_call_after_handoff;evidence:no_modeled_discharge_on_witness_path;evidence:non_returning_discharge_observed_off_witness;evidence:normal_return_reachable;evidence:producer_certified_box_into_raw;finding:normal_return_open_manual_obligation;finding_strength:strong_abstract_evidence	positive supporting evidence does not promote UNKNOWN to true;MAY evidence is never promoted to MUST	results/boxed_isize__ml/leak_alloc.explain.json	MAY_ALLOCATION;QUERY_THREE_VALUED_PROPAGATION	1	1	normal_return_open_manual_obligation	strong_abstract_evidence	0		
corpus	boxed_isize__ml	/home/af/Documenti/a-phd/repro-results/gate-l1-normal-execution-20260919T152848Z/main/raw/boxed_isize__ml/annotated_icfg_v2.json	leak_alloc_state	unk	unk_true	true	strong_abstract_evidence	cqpl_result_assessment_v1	assessment_scope:normal_execution;capability:typed_edge_flow_v1;cqpl_three_valued_model_check_v1;disposition_basis:rustc_box_into_raw_v1;evidence:no_intervening_call_after_handoff;evidence:no_modeled_discharge_on_witness_path;evidence:normal_return_reachable;evidence:producer_certified_box_into_raw;finding:normal_return_open_manual_obligation;finding_strength:strong_abstract_evidence	positive supporting evidence does not promote UNKNOWN to true;MAY evidence is never promoted to MUST;directional assessment is restricted to typed normal edges; CQPL truth remains evaluated on the complete transition relation including unwind edges	results/boxed_isize__ml/leak_alloc_state.explain.json	ABSTRACT_TOP_STATE;MAY_ALLOCATION;MAY_DEALLOCATION;QUERY_THREE_VALUED_PROPAGATION	1	1	normal_return_open_manual_obligation	strong_abstract_evidence	0		
corpus	boxed_isize__uaf	/home/af/Documenti/a-phd/repro-results/gate-l1-normal-execution-20260919T152848Z/main/raw/boxed_isize__uaf/annotated_icfg_v2.json	double_free_alloc	unk	unk_true	true	observational_candidate	cqpl_result_assessment_v1	contract_basis:rust_box_global_drop;contract_basis:rust_mem_drop_owned_box_global_v1;cqpl_three_valued_model_check_v1;evidence:allocation_state_includes_allocated;evidence:may_deallocation_observed;evidence:no_reallocation_between_events;evidence:two_ordered_drops_observed;finding:repeated_drop_without_reallocation;finding_strength:observational_candidate	positive supporting evidence does not promote UNKNOWN to true;MAY evidence is never promoted to MUST	results/boxed_isize__uaf/double_free_alloc.explain.json	MAY_ALLOCATION;MAY_DEALLOCATION;PATH_JOIN;QUERY_THREE_VALUED_PROPAGATION	1	1	repeated_drop_without_reallocation	observational_candidate	0		
corpus	boxed_isize__uaf	/home/af/Documenti/a-phd/repro-results/gate-l1-normal-execution-20260919T152848Z/main/raw/boxed_isize__uaf/annotated_icfg_v2.json	double_free_alloc_state	unk	unk_true	true	observational_candidate	cqpl_result_assessment_v1	contract_basis:rust_box_global_drop;contract_basis:rust_mem_drop_owned_box_global_v1;cqpl_three_valued_model_check_v1;evidence:allocation_state_includes_allocated;evidence:may_deallocation_observed;evidence:no_reallocation_between_events;evidence:two_ordered_drops_observed;finding:repeated_drop_without_reallocation;finding_strength:observational_candidate	positive supporting evidence does not promote UNKNOWN to true;MAY evidence is never promoted to MUST	results/boxed_isize__uaf/double_free_alloc_state.explain.json	MAY_ALLOCATION;MAY_DEALLOCATION;PATH_JOIN;QUERY_THREE_VALUED_PROPAGATION	1	1	repeated_drop_without_reallocation	observational_candidate	0		
corpus	boxed_isize__uaf	/home/af/Documenti/a-phd/repro-results/gate-l1-normal-execution-20260919T152848Z/main/raw/boxed_isize__uaf/annotated_icfg_v2.json	leak_alloc	unk	unk_unoriented	none	unresolved	cqpl_result_assessment_v1	cqpl_three_valued_model_check_v1	no directional supporting or refuting finding is certified beyond the uncertainty frontier;non-directional unresolved-contract candidates do not orient UNKNOWN toward true or false	results/boxed_isize__uaf/leak_alloc.explain.json	MAY_ALLOCATION;QUERY_THREE_VALUED_PROPAGATION	1	0			0		
corpus	boxed_isize__uaf	/home/af/Documenti/a-phd/repro-results/gate-l1-normal-execution-20260919T152848Z/main/raw/boxed_isize__uaf/annotated_icfg_v2.json	leak_alloc_state	unk	unk_unoriented	none	unresolved	cqpl_result_assessment_v1	assessment_scope:normal_execution;capability:typed_edge_flow_v1;cqpl_three_valued_model_check_v1	no directional supporting or refuting finding is certified beyond the uncertainty frontier;non-directional unresolved-contract candidates do not orient UNKNOWN toward true or false;directional assessment is restricted to typed normal edges; CQPL truth remains evaluated on the complete transition relation including unwind edges	results/boxed_isize__uaf/leak_alloc_state.explain.json	ABSTRACT_TOP_STATE;MAY_ALLOCATION;MAY_DEALLOCATION;QUERY_THREE_VALUED_PROPAGATION	1	0			0		
corpus	boxed_isize__uaf	/home/af/Documenti/a-phd/repro-results/gate-l1-normal-execution-20260919T152848Z/main/raw/boxed_isize__uaf/annotated_icfg_v2.json	use_after_free_alloc	unk	unk_true	true	observational_candidate	cqpl_result_assessment_v1	contract_basis:rust_mem_drop_owned_box_global_v1;cqpl_three_valued_model_check_v1;evidence:allocation_state_includes_allocated;evidence:may_deallocation_observed;evidence:may_use_observed;evidence:no_reallocation_between_events;evidence:ordered_drop_before_use;finding:drop_then_use_without_reallocation;finding_strength:observational_candidate	positive supporting evidence does not promote UNKNOWN to true;MAY evidence is never promoted to MUST	results/boxed_isize__uaf/use_after_free_alloc.explain.json	MAY_ALLOCATION;MAY_DEALLOCATION;MAY_USE;PATH_JOIN;QUERY_THREE_VALUED_PROPAGATION	1	1	drop_then_use_without_reallocation	observational_candidate	0		
corpus	boxed_isize__uaf	/home/af/Documenti/a-phd/repro-results/gate-l1-normal-execution-20260919T152848Z/main/raw/boxed_isize__uaf/annotated_icfg_v2.json	use_after_free_alloc_state	unk	unk_true	true	observational_candidate	cqpl_result_assessment_v1	contract_basis:rust_mem_drop_owned_box_global_v1;cqpl_three_valued_model_check_v1;evidence:allocation_state_includes_allocated;evidence:may_deallocation_observed;evidence:may_use_observed;evidence:no_reallocation_between_events;evidence:ordered_drop_before_use;finding:drop_then_use_without_reallocation;finding_strength:observational_candidate	positive supporting evidence does not promote UNKNOWN to true;MAY evidence is never promoted to MUST	results/boxed_isize__uaf/use_after_free_alloc_state.explain.json	MAY_ALLOCATION;MAY_DEALLOCATION;MAY_USE;PATH_JOIN;QUERY_THREE_VALUED_PROPAGATION	1	1	drop_then_use_without_reallocation	observational_candidate	0		
corpus	boxed_u128__df	/home/af/Documenti/a-phd/repro-results/gate-l1-normal-execution-20260919T152848Z/main/raw/boxed_u128__df/annotated_icfg_v2.json	double_free_alloc	unk	unk_true	true	observational_candidate	cqpl_result_assessment_v1	contract_basis:rust_box_global_drop;cqpl_three_valued_model_check_v1;evidence:allocation_state_includes_allocated;evidence:may_deallocation_observed;evidence:no_reallocation_between_events;evidence:two_ordered_drops_observed;finding:repeated_drop_without_reallocation;finding_strength:observational_candidate	positive supporting evidence does not promote UNKNOWN to true;MAY evidence is never promoted to MUST	results/boxed_u128__df/double_free_alloc.explain.json	MAY_ALLOCATION;MAY_DEALLOCATION;PATH_JOIN;QUERY_THREE_VALUED_PROPAGATION	1	3	repeated_drop_without_reallocation	observational_candidate	0		
corpus	boxed_u128__df	/home/af/Documenti/a-phd/repro-results/gate-l1-normal-execution-20260919T152848Z/main/raw/boxed_u128__df/annotated_icfg_v2.json	double_free_alloc_state	unk	unk_true	true	observational_candidate	cqpl_result_assessment_v1	contract_basis:rust_box_global_drop;cqpl_three_valued_model_check_v1;evidence:allocation_state_includes_allocated;evidence:may_deallocation_observed;evidence:no_reallocation_between_events;evidence:two_ordered_drops_observed;finding:repeated_drop_without_reallocation;finding_strength:observational_candidate	positive supporting evidence does not promote UNKNOWN to true;MAY evidence is never promoted to MUST	results/boxed_u128__df/double_free_alloc_state.explain.json	MAY_ALLOCATION;MAY_DEALLOCATION;PATH_JOIN;QUERY_THREE_VALUED_PROPAGATION	1	3	repeated_drop_without_reallocation	observational_candidate	0		
corpus	boxed_u128__df	/home/af/Documenti/a-phd/repro-results/gate-l1-normal-execution-20260919T152848Z/main/raw/boxed_u128__df/annotated_icfg_v2.json	leak_alloc	unk	unk_unoriented	none	unresolved	cqpl_result_assessment_v1	cqpl_three_valued_model_check_v1	no directional supporting or refuting finding is certified beyond the uncertainty frontier;non-directional unresolved-contract candidates do not orient UNKNOWN toward true or false	results/boxed_u128__df/leak_alloc.explain.json	MAY_ALLOCATION;QUERY_THREE_VALUED_PROPAGATION	1	0			0		
corpus	boxed_u128__df	/home/af/Documenti/a-phd/repro-results/gate-l1-normal-execution-20260919T152848Z/main/raw/boxed_u128__df/annotated_icfg_v2.json	leak_alloc_state	unk	unk_unoriented	none	unresolved	cqpl_result_assessment_v1	assessment_scope:normal_execution;capability:typed_edge_flow_v1;cqpl_three_valued_model_check_v1	no directional supporting or refuting finding is certified beyond the uncertainty frontier;non-directional unresolved-contract candidates do not orient UNKNOWN toward true or false;directional assessment is restricted to typed normal edges; CQPL truth remains evaluated on the complete transition relation including unwind edges	results/boxed_u128__df/leak_alloc_state.explain.json	ABSTRACT_TOP_STATE;MAY_ALLOCATION;MAY_DEALLOCATION;QUERY_THREE_VALUED_PROPAGATION	1	0			0		
corpus	boxed_u128__ml	/home/af/Documenti/a-phd/repro-results/gate-l1-normal-execution-20260919T152848Z/main/raw/boxed_u128__ml/annotated_icfg_v2.json	leak_alloc	unk	unk_true	true	strong_abstract_evidence	cqpl_result_assessment_v1	cqpl_three_valued_model_check_v1;disposition_basis:rustc_box_into_raw_v1;evidence:no_intervening_call_after_handoff;evidence:no_modeled_discharge_on_witness_path;evidence:non_returning_discharge_observed_off_witness;evidence:normal_return_reachable;evidence:producer_certified_box_into_raw;finding:normal_return_open_manual_obligation;finding_strength:strong_abstract_evidence	positive supporting evidence does not promote UNKNOWN to true;MAY evidence is never promoted to MUST	results/boxed_u128__ml/leak_alloc.explain.json	MAY_ALLOCATION;QUERY_THREE_VALUED_PROPAGATION	1	1	normal_return_open_manual_obligation	strong_abstract_evidence	0		
corpus	boxed_u128__ml	/home/af/Documenti/a-phd/repro-results/gate-l1-normal-execution-20260919T152848Z/main/raw/boxed_u128__ml/annotated_icfg_v2.json	leak_alloc_state	unk	unk_true	true	strong_abstract_evidence	cqpl_result_assessment_v1	assessment_scope:normal_execution;capability:typed_edge_flow_v1;cqpl_three_valued_model_check_v1;disposition_basis:rustc_box_into_raw_v1;evidence:no_intervening_call_after_handoff;evidence:no_modeled_discharge_on_witness_path;evidence:normal_return_reachable;evidence:producer_certified_box_into_raw;finding:normal_return_open_manual_obligation;finding_strength:strong_abstract_evidence	positive supporting evidence does not promote UNKNOWN to true;MAY evidence is never promoted to MUST;directional assessment is restricted to typed normal edges; CQPL truth remains evaluated on the complete transition relation including unwind edges	results/boxed_u128__ml/leak_alloc_state.explain.json	ABSTRACT_TOP_STATE;MAY_ALLOCATION;MAY_DEALLOCATION;QUERY_THREE_VALUED_PROPAGATION	1	1	normal_return_open_manual_obligation	strong_abstract_evidence	0		
corpus	boxed_u128__uaf	/home/af/Documenti/a-phd/repro-results/gate-l1-normal-execution-20260919T152848Z/main/raw/boxed_u128__uaf/annotated_icfg_v2.json	double_free_alloc	unk	unk_true	true	observational_candidate	cqpl_result_assessment_v1	contract_basis:rust_box_global_drop;contract_basis:rust_mem_drop_owned_box_global_v1;cqpl_three_valued_model_check_v1;evidence:allocation_state_includes_allocated;evidence:may_deallocation_observed;evidence:no_reallocation_between_events;evidence:two_ordered_drops_observed;finding:repeated_drop_without_reallocation;finding_strength:observational_candidate	positive supporting evidence does not promote UNKNOWN to true;MAY evidence is never promoted to MUST	results/boxed_u128__uaf/double_free_alloc.explain.json	MAY_ALLOCATION;MAY_DEALLOCATION;PATH_JOIN;QUERY_THREE_VALUED_PROPAGATION	1	1	repeated_drop_without_reallocation	observational_candidate	0		
corpus	boxed_u128__uaf	/home/af/Documenti/a-phd/repro-results/gate-l1-normal-execution-20260919T152848Z/main/raw/boxed_u128__uaf/annotated_icfg_v2.json	double_free_alloc_state	unk	unk_true	true	observational_candidate	cqpl_result_assessment_v1	contract_basis:rust_box_global_drop;contract_basis:rust_mem_drop_owned_box_global_v1;cqpl_three_valued_model_check_v1;evidence:allocation_state_includes_allocated;evidence:may_deallocation_observed;evidence:no_reallocation_between_events;evidence:two_ordered_drops_observed;finding:repeated_drop_without_reallocation;finding_strength:observational_candidate	positive supporting evidence does not promote UNKNOWN to true;MAY evidence is never promoted to MUST	results/boxed_u128__uaf/double_free_alloc_state.explain.json	MAY_ALLOCATION;MAY_DEALLOCATION;PATH_JOIN;QUERY_THREE_VALUED_PROPAGATION	1	1	repeated_drop_without_reallocation	observational_candidate	0		
corpus	boxed_u128__uaf	/home/af/Documenti/a-phd/repro-results/gate-l1-normal-execution-20260919T152848Z/main/raw/boxed_u128__uaf/annotated_icfg_v2.json	leak_alloc	unk	unk_unoriented	none	unresolved	cqpl_result_assessment_v1	cqpl_three_valued_model_check_v1	no directional supporting or refuting finding is certified beyond the uncertainty frontier;non-directional unresolved-contract candidates do not orient UNKNOWN toward true or false	results/boxed_u128__uaf/leak_alloc.explain.json	MAY_ALLOCATION;QUERY_THREE_VALUED_PROPAGATION	1	0			0		
corpus	boxed_u128__uaf	/home/af/Documenti/a-phd/repro-results/gate-l1-normal-execution-20260919T152848Z/main/raw/boxed_u128__uaf/annotated_icfg_v2.json	leak_alloc_state	unk	unk_unoriented	none	unresolved	cqpl_result_assessment_v1	assessment_scope:normal_execution;capability:typed_edge_flow_v1;cqpl_three_valued_model_check_v1	no directional supporting or refuting finding is certified beyond the uncertainty frontier;non-directional unresolved-contract candidates do not orient UNKNOWN toward true or false;directional assessment is restricted to typed normal edges; CQPL truth remains evaluated on the complete transition relation including unwind edges	results/boxed_u128__uaf/leak_alloc_state.explain.json	ABSTRACT_TOP_STATE;MAY_ALLOCATION;MAY_DEALLOCATION;QUERY_THREE_VALUED_PROPAGATION	1	0			0		
corpus	boxed_u128__uaf	/home/af/Documenti/a-phd/repro-results/gate-l1-normal-execution-20260919T152848Z/main/raw/boxed_u128__uaf/annotated_icfg_v2.json	use_after_free_alloc	unk	unk_true	true	observational_candidate	cqpl_result_assessment_v1	contract_basis:rust_mem_drop_owned_box_global_v1;cqpl_three_valued_model_check_v1;evidence:allocation_state_includes_allocated;evidence:may_deallocation_observed;evidence:may_use_observed;evidence:no_reallocation_between_events;evidence:ordered_drop_before_use;finding:drop_then_use_without_reallocation;finding_strength:observational_candidate	positive supporting evidence does not promote UNKNOWN to true;MAY evidence is never promoted to MUST	results/boxed_u128__uaf/use_after_free_alloc.explain.json	MAY_ALLOCATION;MAY_DEALLOCATION;MAY_USE;PATH_JOIN;QUERY_THREE_VALUED_PROPAGATION	1	1	drop_then_use_without_reallocation	observational_candidate	0		
corpus	boxed_u128__uaf	/home/af/Documenti/a-phd/repro-results/gate-l1-normal-execution-20260919T152848Z/main/raw/boxed_u128__uaf/annotated_icfg_v2.json	use_after_free_alloc_state	unk	unk_true	true	observational_candidate	cqpl_result_assessment_v1	contract_basis:rust_mem_drop_owned_box_global_v1;cqpl_three_valued_model_check_v1;evidence:allocation_state_includes_allocated;evidence:may_deallocation_observed;evidence:may_use_observed;evidence:no_reallocation_between_events;evidence:ordered_drop_before_use;finding:drop_then_use_without_reallocation;finding_strength:observational_candidate	positive supporting evidence does not promote UNKNOWN to true;MAY evidence is never promoted to MUST	results/boxed_u128__uaf/use_after_free_alloc_state.explain.json	MAY_ALLOCATION;MAY_DEALLOCATION;MAY_USE;PATH_JOIN;QUERY_THREE_VALUED_PROPAGATION	1	1	drop_then_use_without_reallocation	observational_candidate	0		
corpus	boxed_u16__df	/home/af/Documenti/a-phd/repro-results/gate-l1-normal-execution-20260919T152848Z/main/raw/boxed_u16__df/annotated_icfg_v2.json	double_free_alloc	unk	unk_true	true	observational_candidate	cqpl_result_assessment_v1	contract_basis:rust_box_global_drop;cqpl_three_valued_model_check_v1;evidence:allocation_state_includes_allocated;evidence:may_deallocation_observed;evidence:no_reallocation_between_events;evidence:two_ordered_drops_observed;finding:repeated_drop_without_reallocation;finding_strength:observational_candidate	positive supporting evidence does not promote UNKNOWN to true;MAY evidence is never promoted to MUST	results/boxed_u16__df/double_free_alloc.explain.json	MAY_ALLOCATION;MAY_DEALLOCATION;PATH_JOIN;QUERY_THREE_VALUED_PROPAGATION	1	3	repeated_drop_without_reallocation	observational_candidate	0		
corpus	boxed_u16__df	/home/af/Documenti/a-phd/repro-results/gate-l1-normal-execution-20260919T152848Z/main/raw/boxed_u16__df/annotated_icfg_v2.json	double_free_alloc_state	unk	unk_true	true	observational_candidate	cqpl_result_assessment_v1	contract_basis:rust_box_global_drop;cqpl_three_valued_model_check_v1;evidence:allocation_state_includes_allocated;evidence:may_deallocation_observed;evidence:no_reallocation_between_events;evidence:two_ordered_drops_observed;finding:repeated_drop_without_reallocation;finding_strength:observational_candidate	positive supporting evidence does not promote UNKNOWN to true;MAY evidence is never promoted to MUST	results/boxed_u16__df/double_free_alloc_state.explain.json	MAY_ALLOCATION;MAY_DEALLOCATION;PATH_JOIN;QUERY_THREE_VALUED_PROPAGATION	1	3	repeated_drop_without_reallocation	observational_candidate	0		
corpus	boxed_u16__df	/home/af/Documenti/a-phd/repro-results/gate-l1-normal-execution-20260919T152848Z/main/raw/boxed_u16__df/annotated_icfg_v2.json	leak_alloc	unk	unk_unoriented	none	unresolved	cqpl_result_assessment_v1	cqpl_three_valued_model_check_v1	no directional supporting or refuting finding is certified beyond the uncertainty frontier;non-directional unresolved-contract candidates do not orient UNKNOWN toward true or false	results/boxed_u16__df/leak_alloc.explain.json	MAY_ALLOCATION;QUERY_THREE_VALUED_PROPAGATION	1	0			0		
corpus	boxed_u16__df	/home/af/Documenti/a-phd/repro-results/gate-l1-normal-execution-20260919T152848Z/main/raw/boxed_u16__df/annotated_icfg_v2.json	leak_alloc_state	unk	unk_unoriented	none	unresolved	cqpl_result_assessment_v1	assessment_scope:normal_execution;capability:typed_edge_flow_v1;cqpl_three_valued_model_check_v1	no directional supporting or refuting finding is certified beyond the uncertainty frontier;non-directional unresolved-contract candidates do not orient UNKNOWN toward true or false;directional assessment is restricted to typed normal edges; CQPL truth remains evaluated on the complete transition relation including unwind edges	results/boxed_u16__df/leak_alloc_state.explain.json	ABSTRACT_TOP_STATE;MAY_ALLOCATION;MAY_DEALLOCATION;QUERY_THREE_VALUED_PROPAGATION	1	0			0		
corpus	boxed_u16__ml	/home/af/Documenti/a-phd/repro-results/gate-l1-normal-execution-20260919T152848Z/main/raw/boxed_u16__ml/annotated_icfg_v2.json	leak_alloc	unk	unk_true	true	strong_abstract_evidence	cqpl_result_assessment_v1	cqpl_three_valued_model_check_v1;disposition_basis:rustc_box_into_raw_v1;evidence:no_intervening_call_after_handoff;evidence:no_modeled_discharge_on_witness_path;evidence:non_returning_discharge_observed_off_witness;evidence:normal_return_reachable;evidence:producer_certified_box_into_raw;finding:normal_return_open_manual_obligation;finding_strength:strong_abstract_evidence	positive supporting evidence does not promote UNKNOWN to true;MAY evidence is never promoted to MUST	results/boxed_u16__ml/leak_alloc.explain.json	MAY_ALLOCATION;QUERY_THREE_VALUED_PROPAGATION	1	1	normal_return_open_manual_obligation	strong_abstract_evidence	0		
corpus	boxed_u16__ml	/home/af/Documenti/a-phd/repro-results/gate-l1-normal-execution-20260919T152848Z/main/raw/boxed_u16__ml/annotated_icfg_v2.json	leak_alloc_state	unk	unk_true	true	strong_abstract_evidence	cqpl_result_assessment_v1	assessment_scope:normal_execution;capability:typed_edge_flow_v1;cqpl_three_valued_model_check_v1;disposition_basis:rustc_box_into_raw_v1;evidence:no_intervening_call_after_handoff;evidence:no_modeled_discharge_on_witness_path;evidence:normal_return_reachable;evidence:producer_certified_box_into_raw;finding:normal_return_open_manual_obligation;finding_strength:strong_abstract_evidence	positive supporting evidence does not promote UNKNOWN to true;MAY evidence is never promoted to MUST;directional assessment is restricted to typed normal edges; CQPL truth remains evaluated on the complete transition relation including unwind edges	results/boxed_u16__ml/leak_alloc_state.explain.json	ABSTRACT_TOP_STATE;MAY_ALLOCATION;MAY_DEALLOCATION;QUERY_THREE_VALUED_PROPAGATION	1	1	normal_return_open_manual_obligation	strong_abstract_evidence	0		
corpus	boxed_u16__uaf	/home/af/Documenti/a-phd/repro-results/gate-l1-normal-execution-20260919T152848Z/main/raw/boxed_u16__uaf/annotated_icfg_v2.json	double_free_alloc	unk	unk_true	true	observational_candidate	cqpl_result_assessment_v1	contract_basis:rust_box_global_drop;contract_basis:rust_mem_drop_owned_box_global_v1;cqpl_three_valued_model_check_v1;evidence:allocation_state_includes_allocated;evidence:may_deallocation_observed;evidence:no_reallocation_between_events;evidence:two_ordered_drops_observed;finding:repeated_drop_without_reallocation;finding_strength:observational_candidate	positive supporting evidence does not promote UNKNOWN to true;MAY evidence is never promoted to MUST	results/boxed_u16__uaf/double_free_alloc.explain.json	MAY_ALLOCATION;MAY_DEALLOCATION;PATH_JOIN;QUERY_THREE_VALUED_PROPAGATION	1	1	repeated_drop_without_reallocation	observational_candidate	0		
corpus	boxed_u16__uaf	/home/af/Documenti/a-phd/repro-results/gate-l1-normal-execution-20260919T152848Z/main/raw/boxed_u16__uaf/annotated_icfg_v2.json	double_free_alloc_state	unk	unk_true	true	observational_candidate	cqpl_result_assessment_v1	contract_basis:rust_box_global_drop;contract_basis:rust_mem_drop_owned_box_global_v1;cqpl_three_valued_model_check_v1;evidence:allocation_state_includes_allocated;evidence:may_deallocation_observed;evidence:no_reallocation_between_events;evidence:two_ordered_drops_observed;finding:repeated_drop_without_reallocation;finding_strength:observational_candidate	positive supporting evidence does not promote UNKNOWN to true;MAY evidence is never promoted to MUST	results/boxed_u16__uaf/double_free_alloc_state.explain.json	MAY_ALLOCATION;MAY_DEALLOCATION;PATH_JOIN;QUERY_THREE_VALUED_PROPAGATION	1	1	repeated_drop_without_reallocation	observational_candidate	0		
corpus	boxed_u16__uaf	/home/af/Documenti/a-phd/repro-results/gate-l1-normal-execution-20260919T152848Z/main/raw/boxed_u16__uaf/annotated_icfg_v2.json	leak_alloc	unk	unk_unoriented	none	unresolved	cqpl_result_assessment_v1	cqpl_three_valued_model_check_v1	no directional supporting or refuting finding is certified beyond the uncertainty frontier;non-directional unresolved-contract candidates do not orient UNKNOWN toward true or false	results/boxed_u16__uaf/leak_alloc.explain.json	MAY_ALLOCATION;QUERY_THREE_VALUED_PROPAGATION	1	0			0		
corpus	boxed_u16__uaf	/home/af/Documenti/a-phd/repro-results/gate-l1-normal-execution-20260919T152848Z/main/raw/boxed_u16__uaf/annotated_icfg_v2.json	leak_alloc_state	unk	unk_unoriented	none	unresolved	cqpl_result_assessment_v1	assessment_scope:normal_execution;capability:typed_edge_flow_v1;cqpl_three_valued_model_check_v1	no directional supporting or refuting finding is certified beyond the uncertainty frontier;non-directional unresolved-contract candidates do not orient UNKNOWN toward true or false;directional assessment is restricted to typed normal edges; CQPL truth remains evaluated on the complete transition relation including unwind edges	results/boxed_u16__uaf/leak_alloc_state.explain.json	ABSTRACT_TOP_STATE;MAY_ALLOCATION;MAY_DEALLOCATION;QUERY_THREE_VALUED_PROPAGATION	1	0			0		
corpus	boxed_u16__uaf	/home/af/Documenti/a-phd/repro-results/gate-l1-normal-execution-20260919T152848Z/main/raw/boxed_u16__uaf/annotated_icfg_v2.json	use_after_free_alloc	unk	unk_true	true	observational_candidate	cqpl_result_assessment_v1	contract_basis:rust_mem_drop_owned_box_global_v1;cqpl_three_valued_model_check_v1;evidence:allocation_state_includes_allocated;evidence:may_deallocation_observed;evidence:may_use_observed;evidence:no_reallocation_between_events;evidence:ordered_drop_before_use;finding:drop_then_use_without_reallocation;finding_strength:observational_candidate	positive supporting evidence does not promote UNKNOWN to true;MAY evidence is never promoted to MUST	results/boxed_u16__uaf/use_after_free_alloc.explain.json	MAY_ALLOCATION;MAY_DEALLOCATION;MAY_USE;PATH_JOIN;QUERY_THREE_VALUED_PROPAGATION	1	1	drop_then_use_without_reallocation	observational_candidate	0		
corpus	boxed_u16__uaf	/home/af/Documenti/a-phd/repro-results/gate-l1-normal-execution-20260919T152848Z/main/raw/boxed_u16__uaf/annotated_icfg_v2.json	use_after_free_alloc_state	unk	unk_true	true	observational_candidate	cqpl_result_assessment_v1	contract_basis:rust_mem_drop_owned_box_global_v1;cqpl_three_valued_model_check_v1;evidence:allocation_state_includes_allocated;evidence:may_deallocation_observed;evidence:may_use_observed;evidence:no_reallocation_between_events;evidence:ordered_drop_before_use;finding:drop_then_use_without_reallocation;finding_strength:observational_candidate	positive supporting evidence does not promote UNKNOWN to true;MAY evidence is never promoted to MUST	results/boxed_u16__uaf/use_after_free_alloc_state.explain.json	MAY_ALLOCATION;MAY_DEALLOCATION;MAY_USE;PATH_JOIN;QUERY_THREE_VALUED_PROPAGATION	1	1	drop_then_use_without_reallocation	observational_candidate	0		
corpus	boxed_u32__df	/home/af/Documenti/a-phd/repro-results/gate-l1-normal-execution-20260919T152848Z/main/raw/boxed_u32__df/annotated_icfg_v2.json	double_free_alloc	unk	unk_true	true	observational_candidate	cqpl_result_assessment_v1	contract_basis:rust_box_global_drop;cqpl_three_valued_model_check_v1;evidence:allocation_state_includes_allocated;evidence:may_deallocation_observed;evidence:no_reallocation_between_events;evidence:two_ordered_drops_observed;finding:repeated_drop_without_reallocation;finding_strength:observational_candidate	positive supporting evidence does not promote UNKNOWN to true;MAY evidence is never promoted to MUST	results/boxed_u32__df/double_free_alloc.explain.json	MAY_ALLOCATION;MAY_DEALLOCATION;PATH_JOIN;QUERY_THREE_VALUED_PROPAGATION	1	3	repeated_drop_without_reallocation	observational_candidate	0		
corpus	boxed_u32__df	/home/af/Documenti/a-phd/repro-results/gate-l1-normal-execution-20260919T152848Z/main/raw/boxed_u32__df/annotated_icfg_v2.json	double_free_alloc_state	unk	unk_true	true	observational_candidate	cqpl_result_assessment_v1	contract_basis:rust_box_global_drop;cqpl_three_valued_model_check_v1;evidence:allocation_state_includes_allocated;evidence:may_deallocation_observed;evidence:no_reallocation_between_events;evidence:two_ordered_drops_observed;finding:repeated_drop_without_reallocation;finding_strength:observational_candidate	positive supporting evidence does not promote UNKNOWN to true;MAY evidence is never promoted to MUST	results/boxed_u32__df/double_free_alloc_state.explain.json	MAY_ALLOCATION;MAY_DEALLOCATION;PATH_JOIN;QUERY_THREE_VALUED_PROPAGATION	1	3	repeated_drop_without_reallocation	observational_candidate	0		
corpus	boxed_u32__df	/home/af/Documenti/a-phd/repro-results/gate-l1-normal-execution-20260919T152848Z/main/raw/boxed_u32__df/annotated_icfg_v2.json	leak_alloc	unk	unk_unoriented	none	unresolved	cqpl_result_assessment_v1	cqpl_three_valued_model_check_v1	no directional supporting or refuting finding is certified beyond the uncertainty frontier;non-directional unresolved-contract candidates do not orient UNKNOWN toward true or false	results/boxed_u32__df/leak_alloc.explain.json	MAY_ALLOCATION;QUERY_THREE_VALUED_PROPAGATION	1	0			0		
corpus	boxed_u32__df	/home/af/Documenti/a-phd/repro-results/gate-l1-normal-execution-20260919T152848Z/main/raw/boxed_u32__df/annotated_icfg_v2.json	leak_alloc_state	unk	unk_unoriented	none	unresolved	cqpl_result_assessment_v1	assessment_scope:normal_execution;capability:typed_edge_flow_v1;cqpl_three_valued_model_check_v1	no directional supporting or refuting finding is certified beyond the uncertainty frontier;non-directional unresolved-contract candidates do not orient UNKNOWN toward true or false;directional assessment is restricted to typed normal edges; CQPL truth remains evaluated on the complete transition relation including unwind edges	results/boxed_u32__df/leak_alloc_state.explain.json	ABSTRACT_TOP_STATE;MAY_ALLOCATION;MAY_DEALLOCATION;QUERY_THREE_VALUED_PROPAGATION	1	0			0		
corpus	boxed_u32__ml	/home/af/Documenti/a-phd/repro-results/gate-l1-normal-execution-20260919T152848Z/main/raw/boxed_u32__ml/annotated_icfg_v2.json	leak_alloc	unk	unk_true	true	strong_abstract_evidence	cqpl_result_assessment_v1	cqpl_three_valued_model_check_v1;disposition_basis:rustc_box_into_raw_v1;evidence:no_intervening_call_after_handoff;evidence:no_modeled_discharge_on_witness_path;evidence:non_returning_discharge_observed_off_witness;evidence:normal_return_reachable;evidence:producer_certified_box_into_raw;finding:normal_return_open_manual_obligation;finding_strength:strong_abstract_evidence	positive supporting evidence does not promote UNKNOWN to true;MAY evidence is never promoted to MUST	results/boxed_u32__ml/leak_alloc.explain.json	MAY_ALLOCATION;QUERY_THREE_VALUED_PROPAGATION	1	1	normal_return_open_manual_obligation	strong_abstract_evidence	0		
corpus	boxed_u32__ml	/home/af/Documenti/a-phd/repro-results/gate-l1-normal-execution-20260919T152848Z/main/raw/boxed_u32__ml/annotated_icfg_v2.json	leak_alloc_state	unk	unk_true	true	strong_abstract_evidence	cqpl_result_assessment_v1	assessment_scope:normal_execution;capability:typed_edge_flow_v1;cqpl_three_valued_model_check_v1;disposition_basis:rustc_box_into_raw_v1;evidence:no_intervening_call_after_handoff;evidence:no_modeled_discharge_on_witness_path;evidence:normal_return_reachable;evidence:producer_certified_box_into_raw;finding:normal_return_open_manual_obligation;finding_strength:strong_abstract_evidence	positive supporting evidence does not promote UNKNOWN to true;MAY evidence is never promoted to MUST;directional assessment is restricted to typed normal edges; CQPL truth remains evaluated on the complete transition relation including unwind edges	results/boxed_u32__ml/leak_alloc_state.explain.json	ABSTRACT_TOP_STATE;MAY_ALLOCATION;MAY_DEALLOCATION;QUERY_THREE_VALUED_PROPAGATION	1	1	normal_return_open_manual_obligation	strong_abstract_evidence	0		
corpus	boxed_u32__uaf	/home/af/Documenti/a-phd/repro-results/gate-l1-normal-execution-20260919T152848Z/main/raw/boxed_u32__uaf/annotated_icfg_v2.json	double_free_alloc	unk	unk_true	true	observational_candidate	cqpl_result_assessment_v1	contract_basis:rust_box_global_drop;contract_basis:rust_mem_drop_owned_box_global_v1;cqpl_three_valued_model_check_v1;evidence:allocation_state_includes_allocated;evidence:may_deallocation_observed;evidence:no_reallocation_between_events;evidence:two_ordered_drops_observed;finding:repeated_drop_without_reallocation;finding_strength:observational_candidate	positive supporting evidence does not promote UNKNOWN to true;MAY evidence is never promoted to MUST	results/boxed_u32__uaf/double_free_alloc.explain.json	MAY_ALLOCATION;MAY_DEALLOCATION;PATH_JOIN;QUERY_THREE_VALUED_PROPAGATION	1	1	repeated_drop_without_reallocation	observational_candidate	0		
corpus	boxed_u32__uaf	/home/af/Documenti/a-phd/repro-results/gate-l1-normal-execution-20260919T152848Z/main/raw/boxed_u32__uaf/annotated_icfg_v2.json	double_free_alloc_state	unk	unk_true	true	observational_candidate	cqpl_result_assessment_v1	contract_basis:rust_box_global_drop;contract_basis:rust_mem_drop_owned_box_global_v1;cqpl_three_valued_model_check_v1;evidence:allocation_state_includes_allocated;evidence:may_deallocation_observed;evidence:no_reallocation_between_events;evidence:two_ordered_drops_observed;finding:repeated_drop_without_reallocation;finding_strength:observational_candidate	positive supporting evidence does not promote UNKNOWN to true;MAY evidence is never promoted to MUST	results/boxed_u32__uaf/double_free_alloc_state.explain.json	MAY_ALLOCATION;MAY_DEALLOCATION;PATH_JOIN;QUERY_THREE_VALUED_PROPAGATION	1	1	repeated_drop_without_reallocation	observational_candidate	0		
corpus	boxed_u32__uaf	/home/af/Documenti/a-phd/repro-results/gate-l1-normal-execution-20260919T152848Z/main/raw/boxed_u32__uaf/annotated_icfg_v2.json	leak_alloc	unk	unk_unoriented	none	unresolved	cqpl_result_assessment_v1	cqpl_three_valued_model_check_v1	no directional supporting or refuting finding is certified beyond the uncertainty frontier;non-directional unresolved-contract candidates do not orient UNKNOWN toward true or false	results/boxed_u32__uaf/leak_alloc.explain.json	MAY_ALLOCATION;QUERY_THREE_VALUED_PROPAGATION	1	0			0		
corpus	boxed_u32__uaf	/home/af/Documenti/a-phd/repro-results/gate-l1-normal-execution-20260919T152848Z/main/raw/boxed_u32__uaf/annotated_icfg_v2.json	leak_alloc_state	unk	unk_unoriented	none	unresolved	cqpl_result_assessment_v1	assessment_scope:normal_execution;capability:typed_edge_flow_v1;cqpl_three_valued_model_check_v1	no directional supporting or refuting finding is certified beyond the uncertainty frontier;non-directional unresolved-contract candidates do not orient UNKNOWN toward true or false;directional assessment is restricted to typed normal edges; CQPL truth remains evaluated on the complete transition relation including unwind edges	results/boxed_u32__uaf/leak_alloc_state.explain.json	ABSTRACT_TOP_STATE;MAY_ALLOCATION;MAY_DEALLOCATION;QUERY_THREE_VALUED_PROPAGATION	1	0			0		
corpus	boxed_u32__uaf	/home/af/Documenti/a-phd/repro-results/gate-l1-normal-execution-20260919T152848Z/main/raw/boxed_u32__uaf/annotated_icfg_v2.json	use_after_free_alloc	unk	unk_true	true	observational_candidate	cqpl_result_assessment_v1	contract_basis:rust_mem_drop_owned_box_global_v1;cqpl_three_valued_model_check_v1;evidence:allocation_state_includes_allocated;evidence:may_deallocation_observed;evidence:may_use_observed;evidence:no_reallocation_between_events;evidence:ordered_drop_before_use;finding:drop_then_use_without_reallocation;finding_strength:observational_candidate	positive supporting evidence does not promote UNKNOWN to true;MAY evidence is never promoted to MUST	results/boxed_u32__uaf/use_after_free_alloc.explain.json	MAY_ALLOCATION;MAY_DEALLOCATION;MAY_USE;PATH_JOIN;QUERY_THREE_VALUED_PROPAGATION	1	1	drop_then_use_without_reallocation	observational_candidate	0		
corpus	boxed_u32__uaf	/home/af/Documenti/a-phd/repro-results/gate-l1-normal-execution-20260919T152848Z/main/raw/boxed_u32__uaf/annotated_icfg_v2.json	use_after_free_alloc_state	unk	unk_true	true	observational_candidate	cqpl_result_assessment_v1	contract_basis:rust_mem_drop_owned_box_global_v1;cqpl_three_valued_model_check_v1;evidence:allocation_state_includes_allocated;evidence:may_deallocation_observed;evidence:may_use_observed;evidence:no_reallocation_between_events;evidence:ordered_drop_before_use;finding:drop_then_use_without_reallocation;finding_strength:observational_candidate	positive supporting evidence does not promote UNKNOWN to true;MAY evidence is never promoted to MUST	results/boxed_u32__uaf/use_after_free_alloc_state.explain.json	MAY_ALLOCATION;MAY_DEALLOCATION;MAY_USE;PATH_JOIN;QUERY_THREE_VALUED_PROPAGATION	1	1	drop_then_use_without_reallocation	observational_candidate	0		
corpus	boxed_u64__df	/home/af/Documenti/a-phd/repro-results/gate-l1-normal-execution-20260919T152848Z/main/raw/boxed_u64__df/annotated_icfg_v2.json	double_free_alloc	unk	unk_true	true	observational_candidate	cqpl_result_assessment_v1	contract_basis:rust_box_global_drop;cqpl_three_valued_model_check_v1;evidence:allocation_state_includes_allocated;evidence:may_deallocation_observed;evidence:no_reallocation_between_events;evidence:two_ordered_drops_observed;finding:repeated_drop_without_reallocation;finding_strength:observational_candidate	positive supporting evidence does not promote UNKNOWN to true;MAY evidence is never promoted to MUST	results/boxed_u64__df/double_free_alloc.explain.json	MAY_ALLOCATION;MAY_DEALLOCATION;PATH_JOIN;QUERY_THREE_VALUED_PROPAGATION	1	3	repeated_drop_without_reallocation	observational_candidate	0		
corpus	boxed_u64__df	/home/af/Documenti/a-phd/repro-results/gate-l1-normal-execution-20260919T152848Z/main/raw/boxed_u64__df/annotated_icfg_v2.json	double_free_alloc_state	unk	unk_true	true	observational_candidate	cqpl_result_assessment_v1	contract_basis:rust_box_global_drop;cqpl_three_valued_model_check_v1;evidence:allocation_state_includes_allocated;evidence:may_deallocation_observed;evidence:no_reallocation_between_events;evidence:two_ordered_drops_observed;finding:repeated_drop_without_reallocation;finding_strength:observational_candidate	positive supporting evidence does not promote UNKNOWN to true;MAY evidence is never promoted to MUST	results/boxed_u64__df/double_free_alloc_state.explain.json	MAY_ALLOCATION;MAY_DEALLOCATION;PATH_JOIN;QUERY_THREE_VALUED_PROPAGATION	1	3	repeated_drop_without_reallocation	observational_candidate	0		
corpus	boxed_u64__df	/home/af/Documenti/a-phd/repro-results/gate-l1-normal-execution-20260919T152848Z/main/raw/boxed_u64__df/annotated_icfg_v2.json	leak_alloc	unk	unk_unoriented	none	unresolved	cqpl_result_assessment_v1	cqpl_three_valued_model_check_v1	no directional supporting or refuting finding is certified beyond the uncertainty frontier;non-directional unresolved-contract candidates do not orient UNKNOWN toward true or false	results/boxed_u64__df/leak_alloc.explain.json	MAY_ALLOCATION;QUERY_THREE_VALUED_PROPAGATION	1	0			0		
corpus	boxed_u64__df	/home/af/Documenti/a-phd/repro-results/gate-l1-normal-execution-20260919T152848Z/main/raw/boxed_u64__df/annotated_icfg_v2.json	leak_alloc_state	unk	unk_unoriented	none	unresolved	cqpl_result_assessment_v1	assessment_scope:normal_execution;capability:typed_edge_flow_v1;cqpl_three_valued_model_check_v1	no directional supporting or refuting finding is certified beyond the uncertainty frontier;non-directional unresolved-contract candidates do not orient UNKNOWN toward true or false;directional assessment is restricted to typed normal edges; CQPL truth remains evaluated on the complete transition relation including unwind edges	results/boxed_u64__df/leak_alloc_state.explain.json	ABSTRACT_TOP_STATE;MAY_ALLOCATION;MAY_DEALLOCATION;QUERY_THREE_VALUED_PROPAGATION	1	0			0		
corpus	boxed_u64__ml	/home/af/Documenti/a-phd/repro-results/gate-l1-normal-execution-20260919T152848Z/main/raw/boxed_u64__ml/annotated_icfg_v2.json	leak_alloc	unk	unk_true	true	strong_abstract_evidence	cqpl_result_assessment_v1	cqpl_three_valued_model_check_v1;disposition_basis:rustc_box_into_raw_v1;evidence:no_intervening_call_after_handoff;evidence:no_modeled_discharge_on_witness_path;evidence:non_returning_discharge_observed_off_witness;evidence:normal_return_reachable;evidence:producer_certified_box_into_raw;finding:normal_return_open_manual_obligation;finding_strength:strong_abstract_evidence	positive supporting evidence does not promote UNKNOWN to true;MAY evidence is never promoted to MUST	results/boxed_u64__ml/leak_alloc.explain.json	MAY_ALLOCATION;QUERY_THREE_VALUED_PROPAGATION	1	1	normal_return_open_manual_obligation	strong_abstract_evidence	0		
corpus	boxed_u64__ml	/home/af/Documenti/a-phd/repro-results/gate-l1-normal-execution-20260919T152848Z/main/raw/boxed_u64__ml/annotated_icfg_v2.json	leak_alloc_state	unk	unk_true	true	strong_abstract_evidence	cqpl_result_assessment_v1	assessment_scope:normal_execution;capability:typed_edge_flow_v1;cqpl_three_valued_model_check_v1;disposition_basis:rustc_box_into_raw_v1;evidence:no_intervening_call_after_handoff;evidence:no_modeled_discharge_on_witness_path;evidence:normal_return_reachable;evidence:producer_certified_box_into_raw;finding:normal_return_open_manual_obligation;finding_strength:strong_abstract_evidence	positive supporting evidence does not promote UNKNOWN to true;MAY evidence is never promoted to MUST;directional assessment is restricted to typed normal edges; CQPL truth remains evaluated on the complete transition relation including unwind edges	results/boxed_u64__ml/leak_alloc_state.explain.json	ABSTRACT_TOP_STATE;MAY_ALLOCATION;MAY_DEALLOCATION;QUERY_THREE_VALUED_PROPAGATION	1	1	normal_return_open_manual_obligation	strong_abstract_evidence	0		
corpus	boxed_u64__uaf	/home/af/Documenti/a-phd/repro-results/gate-l1-normal-execution-20260919T152848Z/main/raw/boxed_u64__uaf/annotated_icfg_v2.json	double_free_alloc	unk	unk_true	true	observational_candidate	cqpl_result_assessment_v1	contract_basis:rust_box_global_drop;contract_basis:rust_mem_drop_owned_box_global_v1;cqpl_three_valued_model_check_v1;evidence:allocation_state_includes_allocated;evidence:may_deallocation_observed;evidence:no_reallocation_between_events;evidence:two_ordered_drops_observed;finding:repeated_drop_without_reallocation;finding_strength:observational_candidate	positive supporting evidence does not promote UNKNOWN to true;MAY evidence is never promoted to MUST	results/boxed_u64__uaf/double_free_alloc.explain.json	MAY_ALLOCATION;MAY_DEALLOCATION;PATH_JOIN;QUERY_THREE_VALUED_PROPAGATION	1	1	repeated_drop_without_reallocation	observational_candidate	0		
corpus	boxed_u64__uaf	/home/af/Documenti/a-phd/repro-results/gate-l1-normal-execution-20260919T152848Z/main/raw/boxed_u64__uaf/annotated_icfg_v2.json	double_free_alloc_state	unk	unk_true	true	observational_candidate	cqpl_result_assessment_v1	contract_basis:rust_box_global_drop;contract_basis:rust_mem_drop_owned_box_global_v1;cqpl_three_valued_model_check_v1;evidence:allocation_state_includes_allocated;evidence:may_deallocation_observed;evidence:no_reallocation_between_events;evidence:two_ordered_drops_observed;finding:repeated_drop_without_reallocation;finding_strength:observational_candidate	positive supporting evidence does not promote UNKNOWN to true;MAY evidence is never promoted to MUST	results/boxed_u64__uaf/double_free_alloc_state.explain.json	MAY_ALLOCATION;MAY_DEALLOCATION;PATH_JOIN;QUERY_THREE_VALUED_PROPAGATION	1	1	repeated_drop_without_reallocation	observational_candidate	0		
corpus	boxed_u64__uaf	/home/af/Documenti/a-phd/repro-results/gate-l1-normal-execution-20260919T152848Z/main/raw/boxed_u64__uaf/annotated_icfg_v2.json	leak_alloc	unk	unk_unoriented	none	unresolved	cqpl_result_assessment_v1	cqpl_three_valued_model_check_v1	no directional supporting or refuting finding is certified beyond the uncertainty frontier;non-directional unresolved-contract candidates do not orient UNKNOWN toward true or false	results/boxed_u64__uaf/leak_alloc.explain.json	MAY_ALLOCATION;QUERY_THREE_VALUED_PROPAGATION	1	0			0		
corpus	boxed_u64__uaf	/home/af/Documenti/a-phd/repro-results/gate-l1-normal-execution-20260919T152848Z/main/raw/boxed_u64__uaf/annotated_icfg_v2.json	leak_alloc_state	unk	unk_unoriented	none	unresolved	cqpl_result_assessment_v1	assessment_scope:normal_execution;capability:typed_edge_flow_v1;cqpl_three_valued_model_check_v1	no directional supporting or refuting finding is certified beyond the uncertainty frontier;non-directional unresolved-contract candidates do not orient UNKNOWN toward true or false;directional assessment is restricted to typed normal edges; CQPL truth remains evaluated on the complete transition relation including unwind edges	results/boxed_u64__uaf/leak_alloc_state.explain.json	ABSTRACT_TOP_STATE;MAY_ALLOCATION;MAY_DEALLOCATION;QUERY_THREE_VALUED_PROPAGATION	1	0			0		
corpus	boxed_u64__uaf	/home/af/Documenti/a-phd/repro-results/gate-l1-normal-execution-20260919T152848Z/main/raw/boxed_u64__uaf/annotated_icfg_v2.json	use_after_free_alloc	unk	unk_true	true	observational_candidate	cqpl_result_assessment_v1	contract_basis:rust_mem_drop_owned_box_global_v1;cqpl_three_valued_model_check_v1;evidence:allocation_state_includes_allocated;evidence:may_deallocation_observed;evidence:may_use_observed;evidence:no_reallocation_between_events;evidence:ordered_drop_before_use;finding:drop_then_use_without_reallocation;finding_strength:observational_candidate	positive supporting evidence does not promote UNKNOWN to true;MAY evidence is never promoted to MUST	results/boxed_u64__uaf/use_after_free_alloc.explain.json	MAY_ALLOCATION;MAY_DEALLOCATION;MAY_USE;PATH_JOIN;QUERY_THREE_VALUED_PROPAGATION	1	1	drop_then_use_without_reallocation	observational_candidate	0		
corpus	boxed_u64__uaf	/home/af/Documenti/a-phd/repro-results/gate-l1-normal-execution-20260919T152848Z/main/raw/boxed_u64__uaf/annotated_icfg_v2.json	use_after_free_alloc_state	unk	unk_true	true	observational_candidate	cqpl_result_assessment_v1	contract_basis:rust_mem_drop_owned_box_global_v1;cqpl_three_valued_model_check_v1;evidence:allocation_state_includes_allocated;evidence:may_deallocation_observed;evidence:may_use_observed;evidence:no_reallocation_between_events;evidence:ordered_drop_before_use;finding:drop_then_use_without_reallocation;finding_strength:observational_candidate	positive supporting evidence does not promote UNKNOWN to true;MAY evidence is never promoted to MUST	results/boxed_u64__uaf/use_after_free_alloc_state.explain.json	MAY_ALLOCATION;MAY_DEALLOCATION;MAY_USE;PATH_JOIN;QUERY_THREE_VALUED_PROPAGATION	1	1	drop_then_use_without_reallocation	observational_candidate	0		
corpus	boxed_u8__df	/home/af/Documenti/a-phd/repro-results/gate-l1-normal-execution-20260919T152848Z/main/raw/boxed_u8__df/annotated_icfg_v2.json	double_free_alloc	unk	unk_true	true	observational_candidate	cqpl_result_assessment_v1	contract_basis:rust_box_global_drop;cqpl_three_valued_model_check_v1;evidence:allocation_state_includes_allocated;evidence:may_deallocation_observed;evidence:no_reallocation_between_events;evidence:two_ordered_drops_observed;finding:repeated_drop_without_reallocation;finding_strength:observational_candidate	positive supporting evidence does not promote UNKNOWN to true;MAY evidence is never promoted to MUST	results/boxed_u8__df/double_free_alloc.explain.json	MAY_ALLOCATION;MAY_DEALLOCATION;PATH_JOIN;QUERY_THREE_VALUED_PROPAGATION	1	3	repeated_drop_without_reallocation	observational_candidate	0		
corpus	boxed_u8__df	/home/af/Documenti/a-phd/repro-results/gate-l1-normal-execution-20260919T152848Z/main/raw/boxed_u8__df/annotated_icfg_v2.json	double_free_alloc_state	unk	unk_true	true	observational_candidate	cqpl_result_assessment_v1	contract_basis:rust_box_global_drop;cqpl_three_valued_model_check_v1;evidence:allocation_state_includes_allocated;evidence:may_deallocation_observed;evidence:no_reallocation_between_events;evidence:two_ordered_drops_observed;finding:repeated_drop_without_reallocation;finding_strength:observational_candidate	positive supporting evidence does not promote UNKNOWN to true;MAY evidence is never promoted to MUST	results/boxed_u8__df/double_free_alloc_state.explain.json	MAY_ALLOCATION;MAY_DEALLOCATION;PATH_JOIN;QUERY_THREE_VALUED_PROPAGATION	1	3	repeated_drop_without_reallocation	observational_candidate	0		
corpus	boxed_u8__df	/home/af/Documenti/a-phd/repro-results/gate-l1-normal-execution-20260919T152848Z/main/raw/boxed_u8__df/annotated_icfg_v2.json	leak_alloc	unk	unk_unoriented	none	unresolved	cqpl_result_assessment_v1	cqpl_three_valued_model_check_v1	no directional supporting or refuting finding is certified beyond the uncertainty frontier;non-directional unresolved-contract candidates do not orient UNKNOWN toward true or false	results/boxed_u8__df/leak_alloc.explain.json	MAY_ALLOCATION;QUERY_THREE_VALUED_PROPAGATION	1	0			0		
corpus	boxed_u8__df	/home/af/Documenti/a-phd/repro-results/gate-l1-normal-execution-20260919T152848Z/main/raw/boxed_u8__df/annotated_icfg_v2.json	leak_alloc_state	unk	unk_unoriented	none	unresolved	cqpl_result_assessment_v1	assessment_scope:normal_execution;capability:typed_edge_flow_v1;cqpl_three_valued_model_check_v1	no directional supporting or refuting finding is certified beyond the uncertainty frontier;non-directional unresolved-contract candidates do not orient UNKNOWN toward true or false;directional assessment is restricted to typed normal edges; CQPL truth remains evaluated on the complete transition relation including unwind edges	results/boxed_u8__df/leak_alloc_state.explain.json	ABSTRACT_TOP_STATE;MAY_ALLOCATION;MAY_DEALLOCATION;QUERY_THREE_VALUED_PROPAGATION	1	0			0		
corpus	boxed_u8__ml	/home/af/Documenti/a-phd/repro-results/gate-l1-normal-execution-20260919T152848Z/main/raw/boxed_u8__ml/annotated_icfg_v2.json	leak_alloc	unk	unk_true	true	strong_abstract_evidence	cqpl_result_assessment_v1	cqpl_three_valued_model_check_v1;disposition_basis:rustc_box_into_raw_v1;evidence:no_intervening_call_after_handoff;evidence:no_modeled_discharge_on_witness_path;evidence:non_returning_discharge_observed_off_witness;evidence:normal_return_reachable;evidence:producer_certified_box_into_raw;finding:normal_return_open_manual_obligation;finding_strength:strong_abstract_evidence	positive supporting evidence does not promote UNKNOWN to true;MAY evidence is never promoted to MUST	results/boxed_u8__ml/leak_alloc.explain.json	MAY_ALLOCATION;QUERY_THREE_VALUED_PROPAGATION	1	1	normal_return_open_manual_obligation	strong_abstract_evidence	0		
corpus	boxed_u8__ml	/home/af/Documenti/a-phd/repro-results/gate-l1-normal-execution-20260919T152848Z/main/raw/boxed_u8__ml/annotated_icfg_v2.json	leak_alloc_state	unk	unk_true	true	strong_abstract_evidence	cqpl_result_assessment_v1	assessment_scope:normal_execution;capability:typed_edge_flow_v1;cqpl_three_valued_model_check_v1;disposition_basis:rustc_box_into_raw_v1;evidence:no_intervening_call_after_handoff;evidence:no_modeled_discharge_on_witness_path;evidence:normal_return_reachable;evidence:producer_certified_box_into_raw;finding:normal_return_open_manual_obligation;finding_strength:strong_abstract_evidence	positive supporting evidence does not promote UNKNOWN to true;MAY evidence is never promoted to MUST;directional assessment is restricted to typed normal edges; CQPL truth remains evaluated on the complete transition relation including unwind edges	results/boxed_u8__ml/leak_alloc_state.explain.json	ABSTRACT_TOP_STATE;MAY_ALLOCATION;MAY_DEALLOCATION;QUERY_THREE_VALUED_PROPAGATION	1	1	normal_return_open_manual_obligation	strong_abstract_evidence	0		
corpus	boxed_u8__uaf	/home/af/Documenti/a-phd/repro-results/gate-l1-normal-execution-20260919T152848Z/main/raw/boxed_u8__uaf/annotated_icfg_v2.json	double_free_alloc	unk	unk_true	true	observational_candidate	cqpl_result_assessment_v1	contract_basis:rust_box_global_drop;contract_basis:rust_mem_drop_owned_box_global_v1;cqpl_three_valued_model_check_v1;evidence:allocation_state_includes_allocated;evidence:may_deallocation_observed;evidence:no_reallocation_between_events;evidence:two_ordered_drops_observed;finding:repeated_drop_without_reallocation;finding_strength:observational_candidate	positive supporting evidence does not promote UNKNOWN to true;MAY evidence is never promoted to MUST	results/boxed_u8__uaf/double_free_alloc.explain.json	MAY_ALLOCATION;MAY_DEALLOCATION;PATH_JOIN;QUERY_THREE_VALUED_PROPAGATION	1	1	repeated_drop_without_reallocation	observational_candidate	0		
corpus	boxed_u8__uaf	/home/af/Documenti/a-phd/repro-results/gate-l1-normal-execution-20260919T152848Z/main/raw/boxed_u8__uaf/annotated_icfg_v2.json	double_free_alloc_state	unk	unk_true	true	observational_candidate	cqpl_result_assessment_v1	contract_basis:rust_box_global_drop;contract_basis:rust_mem_drop_owned_box_global_v1;cqpl_three_valued_model_check_v1;evidence:allocation_state_includes_allocated;evidence:may_deallocation_observed;evidence:no_reallocation_between_events;evidence:two_ordered_drops_observed;finding:repeated_drop_without_reallocation;finding_strength:observational_candidate	positive supporting evidence does not promote UNKNOWN to true;MAY evidence is never promoted to MUST	results/boxed_u8__uaf/double_free_alloc_state.explain.json	MAY_ALLOCATION;MAY_DEALLOCATION;PATH_JOIN;QUERY_THREE_VALUED_PROPAGATION	1	1	repeated_drop_without_reallocation	observational_candidate	0		
corpus	boxed_u8__uaf	/home/af/Documenti/a-phd/repro-results/gate-l1-normal-execution-20260919T152848Z/main/raw/boxed_u8__uaf/annotated_icfg_v2.json	leak_alloc	unk	unk_unoriented	none	unresolved	cqpl_result_assessment_v1	cqpl_three_valued_model_check_v1	no directional supporting or refuting finding is certified beyond the uncertainty frontier;non-directional unresolved-contract candidates do not orient UNKNOWN toward true or false	results/boxed_u8__uaf/leak_alloc.explain.json	MAY_ALLOCATION;QUERY_THREE_VALUED_PROPAGATION	1	0			0		
corpus	boxed_u8__uaf	/home/af/Documenti/a-phd/repro-results/gate-l1-normal-execution-20260919T152848Z/main/raw/boxed_u8__uaf/annotated_icfg_v2.json	leak_alloc_state	unk	unk_unoriented	none	unresolved	cqpl_result_assessment_v1	assessment_scope:normal_execution;capability:typed_edge_flow_v1;cqpl_three_valued_model_check_v1	no directional supporting or refuting finding is certified beyond the uncertainty frontier;non-directional unresolved-contract candidates do not orient UNKNOWN toward true or false;directional assessment is restricted to typed normal edges; CQPL truth remains evaluated on the complete transition relation including unwind edges	results/boxed_u8__uaf/leak_alloc_state.explain.json	ABSTRACT_TOP_STATE;MAY_ALLOCATION;MAY_DEALLOCATION;QUERY_THREE_VALUED_PROPAGATION	1	0			0		
corpus	boxed_u8__uaf	/home/af/Documenti/a-phd/repro-results/gate-l1-normal-execution-20260919T152848Z/main/raw/boxed_u8__uaf/annotated_icfg_v2.json	use_after_free_alloc	unk	unk_true	true	observational_candidate	cqpl_result_assessment_v1	contract_basis:rust_mem_drop_owned_box_global_v1;cqpl_three_valued_model_check_v1;evidence:allocation_state_includes_allocated;evidence:may_deallocation_observed;evidence:may_use_observed;evidence:no_reallocation_between_events;evidence:ordered_drop_before_use;finding:drop_then_use_without_reallocation;finding_strength:observational_candidate	positive supporting evidence does not promote UNKNOWN to true;MAY evidence is never promoted to MUST	results/boxed_u8__uaf/use_after_free_alloc.explain.json	MAY_ALLOCATION;MAY_DEALLOCATION;MAY_USE;PATH_JOIN;QUERY_THREE_VALUED_PROPAGATION	1	1	drop_then_use_without_reallocation	observational_candidate	0		
corpus	boxed_u8__uaf	/home/af/Documenti/a-phd/repro-results/gate-l1-normal-execution-20260919T152848Z/main/raw/boxed_u8__uaf/annotated_icfg_v2.json	use_after_free_alloc_state	unk	unk_true	true	observational_candidate	cqpl_result_assessment_v1	contract_basis:rust_mem_drop_owned_box_global_v1;cqpl_three_valued_model_check_v1;evidence:allocation_state_includes_allocated;evidence:may_deallocation_observed;evidence:may_use_observed;evidence:no_reallocation_between_events;evidence:ordered_drop_before_use;finding:drop_then_use_without_reallocation;finding_strength:observational_candidate	positive supporting evidence does not promote UNKNOWN to true;MAY evidence is never promoted to MUST	results/boxed_u8__uaf/use_after_free_alloc_state.explain.json	MAY_ALLOCATION;MAY_DEALLOCATION;MAY_USE;PATH_JOIN;QUERY_THREE_VALUED_PROPAGATION	1	1	drop_then_use_without_reallocation	observational_candidate	0		
corpus	boxed_usize__df	/home/af/Documenti/a-phd/repro-results/gate-l1-normal-execution-20260919T152848Z/main/raw/boxed_usize__df/annotated_icfg_v2.json	double_free_alloc	unk	unk_true	true	observational_candidate	cqpl_result_assessment_v1	contract_basis:rust_box_global_drop;cqpl_three_valued_model_check_v1;evidence:allocation_state_includes_allocated;evidence:may_deallocation_observed;evidence:no_reallocation_between_events;evidence:two_ordered_drops_observed;finding:repeated_drop_without_reallocation;finding_strength:observational_candidate	positive supporting evidence does not promote UNKNOWN to true;MAY evidence is never promoted to MUST	results/boxed_usize__df/double_free_alloc.explain.json	MAY_ALLOCATION;MAY_DEALLOCATION;PATH_JOIN;QUERY_THREE_VALUED_PROPAGATION	1	3	repeated_drop_without_reallocation	observational_candidate	0		
corpus	boxed_usize__df	/home/af/Documenti/a-phd/repro-results/gate-l1-normal-execution-20260919T152848Z/main/raw/boxed_usize__df/annotated_icfg_v2.json	double_free_alloc_state	unk	unk_true	true	observational_candidate	cqpl_result_assessment_v1	contract_basis:rust_box_global_drop;cqpl_three_valued_model_check_v1;evidence:allocation_state_includes_allocated;evidence:may_deallocation_observed;evidence:no_reallocation_between_events;evidence:two_ordered_drops_observed;finding:repeated_drop_without_reallocation;finding_strength:observational_candidate	positive supporting evidence does not promote UNKNOWN to true;MAY evidence is never promoted to MUST	results/boxed_usize__df/double_free_alloc_state.explain.json	MAY_ALLOCATION;MAY_DEALLOCATION;PATH_JOIN;QUERY_THREE_VALUED_PROPAGATION	1	3	repeated_drop_without_reallocation	observational_candidate	0		
corpus	boxed_usize__df	/home/af/Documenti/a-phd/repro-results/gate-l1-normal-execution-20260919T152848Z/main/raw/boxed_usize__df/annotated_icfg_v2.json	leak_alloc	unk	unk_unoriented	none	unresolved	cqpl_result_assessment_v1	cqpl_three_valued_model_check_v1	no directional supporting or refuting finding is certified beyond the uncertainty frontier;non-directional unresolved-contract candidates do not orient UNKNOWN toward true or false	results/boxed_usize__df/leak_alloc.explain.json	MAY_ALLOCATION;QUERY_THREE_VALUED_PROPAGATION	1	0			0		
corpus	boxed_usize__df	/home/af/Documenti/a-phd/repro-results/gate-l1-normal-execution-20260919T152848Z/main/raw/boxed_usize__df/annotated_icfg_v2.json	leak_alloc_state	unk	unk_unoriented	none	unresolved	cqpl_result_assessment_v1	assessment_scope:normal_execution;capability:typed_edge_flow_v1;cqpl_three_valued_model_check_v1	no directional supporting or refuting finding is certified beyond the uncertainty frontier;non-directional unresolved-contract candidates do not orient UNKNOWN toward true or false;directional assessment is restricted to typed normal edges; CQPL truth remains evaluated on the complete transition relation including unwind edges	results/boxed_usize__df/leak_alloc_state.explain.json	ABSTRACT_TOP_STATE;MAY_ALLOCATION;MAY_DEALLOCATION;QUERY_THREE_VALUED_PROPAGATION	1	0			0		
corpus	boxed_usize__ml	/home/af/Documenti/a-phd/repro-results/gate-l1-normal-execution-20260919T152848Z/main/raw/boxed_usize__ml/annotated_icfg_v2.json	leak_alloc	unk	unk_true	true	strong_abstract_evidence	cqpl_result_assessment_v1	cqpl_three_valued_model_check_v1;disposition_basis:rustc_box_into_raw_v1;evidence:no_intervening_call_after_handoff;evidence:no_modeled_discharge_on_witness_path;evidence:non_returning_discharge_observed_off_witness;evidence:normal_return_reachable;evidence:producer_certified_box_into_raw;finding:normal_return_open_manual_obligation;finding_strength:strong_abstract_evidence	positive supporting evidence does not promote UNKNOWN to true;MAY evidence is never promoted to MUST	results/boxed_usize__ml/leak_alloc.explain.json	MAY_ALLOCATION;QUERY_THREE_VALUED_PROPAGATION	1	1	normal_return_open_manual_obligation	strong_abstract_evidence	0		
corpus	boxed_usize__ml	/home/af/Documenti/a-phd/repro-results/gate-l1-normal-execution-20260919T152848Z/main/raw/boxed_usize__ml/annotated_icfg_v2.json	leak_alloc_state	unk	unk_true	true	strong_abstract_evidence	cqpl_result_assessment_v1	assessment_scope:normal_execution;capability:typed_edge_flow_v1;cqpl_three_valued_model_check_v1;disposition_basis:rustc_box_into_raw_v1;evidence:no_intervening_call_after_handoff;evidence:no_modeled_discharge_on_witness_path;evidence:normal_return_reachable;evidence:producer_certified_box_into_raw;finding:normal_return_open_manual_obligation;finding_strength:strong_abstract_evidence	positive supporting evidence does not promote UNKNOWN to true;MAY evidence is never promoted to MUST;directional assessment is restricted to typed normal edges; CQPL truth remains evaluated on the complete transition relation including unwind edges	results/boxed_usize__ml/leak_alloc_state.explain.json	MAY_ALLOCATION;QUERY_THREE_VALUED_PROPAGATION	1	1	normal_return_open_manual_obligation	strong_abstract_evidence	0		
corpus	boxed_usize__uaf	/home/af/Documenti/a-phd/repro-results/gate-l1-normal-execution-20260919T152848Z/main/raw/boxed_usize__uaf/annotated_icfg_v2.json	double_free_alloc	unk	unk_true	true	observational_candidate	cqpl_result_assessment_v1	contract_basis:rust_box_global_drop;contract_basis:rust_mem_drop_owned_box_global_v1;cqpl_three_valued_model_check_v1;evidence:allocation_state_includes_allocated;evidence:may_deallocation_observed;evidence:no_reallocation_between_events;evidence:two_ordered_drops_observed;finding:repeated_drop_without_reallocation;finding_strength:observational_candidate	positive supporting evidence does not promote UNKNOWN to true;MAY evidence is never promoted to MUST	results/boxed_usize__uaf/double_free_alloc.explain.json	MAY_ALLOCATION;MAY_DEALLOCATION;PATH_JOIN;QUERY_THREE_VALUED_PROPAGATION	1	1	repeated_drop_without_reallocation	observational_candidate	0		
corpus	boxed_usize__uaf	/home/af/Documenti/a-phd/repro-results/gate-l1-normal-execution-20260919T152848Z/main/raw/boxed_usize__uaf/annotated_icfg_v2.json	double_free_alloc_state	unk	unk_true	true	observational_candidate	cqpl_result_assessment_v1	contract_basis:rust_box_global_drop;contract_basis:rust_mem_drop_owned_box_global_v1;cqpl_three_valued_model_check_v1;evidence:allocation_state_includes_allocated;evidence:may_deallocation_observed;evidence:no_reallocation_between_events;evidence:two_ordered_drops_observed;finding:repeated_drop_without_reallocation;finding_strength:observational_candidate	positive supporting evidence does not promote UNKNOWN to true;MAY evidence is never promoted to MUST	results/boxed_usize__uaf/double_free_alloc_state.explain.json	MAY_ALLOCATION;MAY_DEALLOCATION;PATH_JOIN;QUERY_THREE_VALUED_PROPAGATION	1	1	repeated_drop_without_reallocation	observational_candidate	0		
corpus	boxed_usize__uaf	/home/af/Documenti/a-phd/repro-results/gate-l1-normal-execution-20260919T152848Z/main/raw/boxed_usize__uaf/annotated_icfg_v2.json	leak_alloc	unk	unk_unoriented	none	unresolved	cqpl_result_assessment_v1	cqpl_three_valued_model_check_v1	no directional supporting or refuting finding is certified beyond the uncertainty frontier;non-directional unresolved-contract candidates do not orient UNKNOWN toward true or false	results/boxed_usize__uaf/leak_alloc.explain.json	MAY_ALLOCATION;QUERY_THREE_VALUED_PROPAGATION	1	0			0		
corpus	boxed_usize__uaf	/home/af/Documenti/a-phd/repro-results/gate-l1-normal-execution-20260919T152848Z/main/raw/boxed_usize__uaf/annotated_icfg_v2.json	leak_alloc_state	unk	unk_unoriented	none	unresolved	cqpl_result_assessment_v1	assessment_scope:normal_execution;capability:typed_edge_flow_v1;cqpl_three_valued_model_check_v1	no directional supporting or refuting finding is certified beyond the uncertainty frontier;non-directional unresolved-contract candidates do not orient UNKNOWN toward true or false;directional assessment is restricted to typed normal edges; CQPL truth remains evaluated on the complete transition relation including unwind edges	results/boxed_usize__uaf/leak_alloc_state.explain.json	ABSTRACT_TOP_STATE;MAY_ALLOCATION;MAY_DEALLOCATION;QUERY_THREE_VALUED_PROPAGATION	1	0			0		
corpus	boxed_usize__uaf	/home/af/Documenti/a-phd/repro-results/gate-l1-normal-execution-20260919T152848Z/main/raw/boxed_usize__uaf/annotated_icfg_v2.json	use_after_free_alloc	unk	unk_true	true	observational_candidate	cqpl_result_assessment_v1	contract_basis:rust_mem_drop_owned_box_global_v1;cqpl_three_valued_model_check_v1;evidence:allocation_state_includes_allocated;evidence:may_deallocation_observed;evidence:may_use_observed;evidence:no_reallocation_between_events;evidence:ordered_drop_before_use;finding:drop_then_use_without_reallocation;finding_strength:observational_candidate	positive supporting evidence does not promote UNKNOWN to true;MAY evidence is never promoted to MUST	results/boxed_usize__uaf/use_after_free_alloc.explain.json	MAY_ALLOCATION;MAY_DEALLOCATION;MAY_USE;PATH_JOIN;QUERY_THREE_VALUED_PROPAGATION	1	1	drop_then_use_without_reallocation	observational_candidate	0		
corpus	boxed_usize__uaf	/home/af/Documenti/a-phd/repro-results/gate-l1-normal-execution-20260919T152848Z/main/raw/boxed_usize__uaf/annotated_icfg_v2.json	use_after_free_alloc_state	unk	unk_true	true	observational_candidate	cqpl_result_assessment_v1	contract_basis:rust_mem_drop_owned_box_global_v1;cqpl_three_valued_model_check_v1;evidence:allocation_state_includes_allocated;evidence:may_deallocation_observed;evidence:may_use_observed;evidence:no_reallocation_between_events;evidence:ordered_drop_before_use;finding:drop_then_use_without_reallocation;finding_strength:observational_candidate	positive supporting evidence does not promote UNKNOWN to true;MAY evidence is never promoted to MUST	results/boxed_usize__uaf/use_after_free_alloc_state.explain.json	MAY_ALLOCATION;MAY_DEALLOCATION;MAY_USE;PATH_JOIN;QUERY_THREE_VALUED_PROPAGATION	1	1	drop_then_use_without_reallocation	observational_candidate	0		
corpus	branch_df_mem_leak_ffi	/home/af/Documenti/a-phd/repro-results/gate-l1-normal-execution-20260919T152848Z/main/raw/branch_df_mem_leak_ffi/annotated_icfg_v2.json	allocator_mismatch_ub	unk	unk_true	true	strong_abstract_evidence	cqpl_result_assessment_v1	contract_basis:structural_c_free_v1;cqpl_three_valued_model_check_v1;disposition_basis:rustc_cstring_into_raw_v1;evidence:allocation_state_includes_allocated;evidence:allocator_families_differ;evidence:known_allocator_family;evidence:known_deallocator_family;evidence:may_deallocation_observed;evidence:producer_certified_c_string_into_raw;evidence:producer_certified_deallocator_contract;finding:allocator_family_mismatch;finding_strength:strong_abstract_evidence	positive supporting evidence does not promote UNKNOWN to true;MAY evidence is never promoted to MUST	results/branch_df_mem_leak_ffi/allocator_mismatch_ub.explain.json	MAY_ALLOCATION;MAY_DEALLOCATION;QUERY_THREE_VALUED_PROPAGATION	1	1	allocator_family_mismatch	strong_abstract_evidence	0		
corpus	branch_df_mem_leak_ffi	/home/af/Documenti/a-phd/repro-results/gate-l1-normal-execution-20260919T152848Z/main/raw/branch_df_mem_leak_ffi/annotated_icfg_v2.json	allocator_mismatch_ub_v2	unk	unk_true	true	strong_abstract_evidence	cqpl_result_assessment_v1	contract_basis:structural_c_free_v1;cqpl_three_valued_model_check_v1;disposition_basis:rustc_cstring_into_raw_v1;evidence:allocation_state_includes_allocated;evidence:allocator_families_differ;evidence:known_allocator_family;evidence:known_deallocator_family;evidence:may_deallocation_observed;evidence:producer_certified_c_string_into_raw;evidence:producer_certified_deallocator_contract;finding:allocator_family_mismatch;finding_strength:strong_abstract_evidence	positive supporting evidence does not promote UNKNOWN to true;MAY evidence is never promoted to MUST	results/branch_df_mem_leak_ffi/allocator_mismatch_ub_v2.explain.json	MAY_ALLOCATION;MAY_DEALLOCATION;QUERY_THREE_VALUED_PROPAGATION	1	1	allocator_family_mismatch	strong_abstract_evidence	0		
corpus	branch_df_mem_leak_ffi	/home/af/Documenti/a-phd/repro-results/gate-l1-normal-execution-20260919T152848Z/main/raw/branch_df_mem_leak_ffi/annotated_icfg_v2.json	double_free_alloc	unk	unk_true	true	observational_candidate	cqpl_result_assessment_v1	contract_basis:rust_cstring_global_drop;contract_basis:structural_c_free_v1;cqpl_three_valued_model_check_v1;disposition_basis:rustc_cstring_from_raw_v1;disposition_basis:rustc_cstring_into_raw_v1;evidence:allocation_state_includes_allocated;evidence:may_deallocation_observed;evidence:no_reallocation_between_events;evidence:producer_certified_c_string_from_raw;evidence:producer_certified_c_string_into_raw;evidence:two_ordered_drops_observed;finding:repeated_drop_without_reallocation;finding_strength:observational_candidate	positive supporting evidence does not promote UNKNOWN to true;MAY evidence is never promoted to MUST	results/branch_df_mem_leak_ffi/double_free_alloc.explain.json	MAY_ALLOCATION;MAY_DEALLOCATION;QUERY_THREE_VALUED_PROPAGATION	1	1	repeated_drop_without_reallocation	observational_candidate	0		
corpus	branch_df_mem_leak_ffi	/home/af/Documenti/a-phd/repro-results/gate-l1-normal-execution-20260919T152848Z/main/raw/branch_df_mem_leak_ffi/annotated_icfg_v2.json	double_free_alloc_state	unk	unk_true	true	observational_candidate	cqpl_result_assessment_v1	contract_basis:rust_cstring_global_drop;contract_basis:structural_c_free_v1;cqpl_three_valued_model_check_v1;disposition_basis:rustc_cstring_from_raw_v1;disposition_basis:rustc_cstring_into_raw_v1;evidence:allocation_state_includes_allocated;evidence:may_deallocation_observed;evidence:no_reallocation_between_events;evidence:producer_certified_c_string_from_raw;evidence:producer_certified_c_string_into_raw;evidence:two_ordered_drops_observed;finding:repeated_drop_without_reallocation;finding_strength:observational_candidate	positive supporting evidence does not promote UNKNOWN to true;MAY evidence is never promoted to MUST	results/branch_df_mem_leak_ffi/double_free_alloc_state.explain.json	MAY_ALLOCATION;MAY_DEALLOCATION;QUERY_THREE_VALUED_PROPAGATION	1	1	repeated_drop_without_reallocation	observational_candidate	0		
corpus	branch_df_mem_leak_ffi	/home/af/Documenti/a-phd/repro-results/gate-l1-normal-execution-20260919T152848Z/main/raw/branch_df_mem_leak_ffi/annotated_icfg_v2.json	leak_alloc	unk	unk_true	true	observational_candidate	cqpl_result_assessment_v1	cqpl_three_valued_model_check_v1;disposition_basis:rustc_cstring_into_raw_v1;evidence:no_modeled_discharge_on_witness_path;evidence:non_returning_discharge_observed_off_witness;evidence:normal_return_reachable;evidence:producer_certified_c_string_into_raw;external_effect_basis:svf_call_effect_unresolved_v1;ffi_identity_basis:crema_bmulti_actual_formal_identity_v1;finding:normal_return_open_manual_obligation;finding_strength:observational_candidate;formal_mapping_basis:svf_formal_arg_index_v1	positive supporting evidence does not promote UNKNOWN to true;MAY evidence is never promoted to MUST	results/branch_df_mem_leak_ffi/leak_alloc.explain.json	MAY_ALLOCATION;MAY_DEALLOCATION;QUERY_THREE_VALUED_PROPAGATION	2	1	normal_return_open_manual_obligation	observational_candidate	0		
corpus	branch_df_mem_leak_ffi	/home/af/Documenti/a-phd/repro-results/gate-l1-normal-execution-20260919T152848Z/main/raw/branch_df_mem_leak_ffi/annotated_icfg_v2.json	leak_alloc_state	unk	unk_true	true	observational_candidate	cqpl_result_assessment_v1	assessment_scope:normal_execution;capability:typed_edge_flow_v1;cqpl_three_valued_model_check_v1;disposition_basis:rustc_cstring_into_raw_v1;evidence:no_modeled_discharge_on_witness_path;evidence:normal_return_reachable;evidence:producer_certified_c_string_into_raw;external_effect_basis:svf_call_effect_unresolved_v1;ffi_identity_basis:crema_bmulti_actual_formal_identity_v1;finding:normal_return_open_manual_obligation;finding_strength:observational_candidate;formal_mapping_basis:svf_formal_arg_index_v1	positive supporting evidence does not promote UNKNOWN to true;MAY evidence is never promoted to MUST;directional assessment is restricted to typed normal edges; CQPL truth remains evaluated on the complete transition relation including unwind edges	results/branch_df_mem_leak_ffi/leak_alloc_state.explain.json	ABSTRACT_TOP_STATE;MAY_ALLOCATION;MAY_DEALLOCATION;QUERY_THREE_VALUED_PROPAGATION	2	1	normal_return_open_manual_obligation	observational_candidate	0		
corpus	branch_df_mem_leak_ffi	/home/af/Documenti/a-phd/repro-results/gate-l1-normal-execution-20260919T152848Z/main/raw/branch_df_mem_leak_ffi/annotated_icfg_v2.json	use_after_free_alloc	unk	unk_true	true	observational_candidate	cqpl_result_assessment_v1	contract_basis:structural_c_free_v1;cqpl_three_valued_model_check_v1;disposition_basis:rustc_cstring_from_raw_v1;disposition_basis:rustc_cstring_into_raw_v1;evidence:allocation_state_includes_allocated;evidence:may_deallocation_observed;evidence:may_use_observed;evidence:no_reallocation_between_events;evidence:ordered_drop_before_use;evidence:producer_certified_c_string_from_raw;evidence:producer_certified_c_string_into_raw;finding:drop_then_use_without_reallocation;finding_strength:observational_candidate	positive supporting evidence does not promote UNKNOWN to true;MAY evidence is never promoted to MUST	results/branch_df_mem_leak_ffi/use_after_free_alloc.explain.json	MAY_ALLOCATION;MAY_DEALLOCATION;MAY_USE;QUERY_THREE_VALUED_PROPAGATION	1	1	drop_then_use_without_reallocation	observational_candidate	0		
corpus	branch_df_mem_leak_ffi	/home/af/Documenti/a-phd/repro-results/gate-l1-normal-execution-20260919T152848Z/main/raw/branch_df_mem_leak_ffi/annotated_icfg_v2.json	use_after_free_alloc_state	unk	unk_true	true	observational_candidate	cqpl_result_assessment_v1	contract_basis:structural_c_free_v1;cqpl_three_valued_model_check_v1;disposition_basis:rustc_cstring_from_raw_v1;disposition_basis:rustc_cstring_into_raw_v1;evidence:allocation_state_includes_allocated;evidence:may_deallocation_observed;evidence:may_use_observed;evidence:no_reallocation_between_events;evidence:ordered_drop_before_use;evidence:producer_certified_c_string_from_raw;evidence:producer_certified_c_string_into_raw;finding:drop_then_use_without_reallocation;finding_strength:observational_candidate	positive supporting evidence does not promote UNKNOWN to true;MAY evidence is never promoted to MUST	results/branch_df_mem_leak_ffi/use_after_free_alloc_state.explain.json	MAY_ALLOCATION;MAY_DEALLOCATION;MAY_USE;QUERY_THREE_VALUED_PROPAGATION	1	1	drop_then_use_without_reallocation	observational_candidate	0		
corpus	c-callback-rust-closure	/home/af/Documenti/a-phd/repro-results/gate-l1-normal-execution-20260919T152848Z/main/raw/c-callback-rust-closure/annotated_icfg_v2.json	leak_alloc	unk	unk_true	true	observational_candidate	cqpl_result_assessment_v1	cqpl_three_valued_model_check_v1;disposition_basis:rustc_box_into_raw_v1;evidence:no_modeled_discharge_on_witness_path;evidence:normal_return_reachable;evidence:producer_certified_box_into_raw;external_effect_basis:svf_leaf_no_call_deallocation_v1;finding:normal_return_open_manual_obligation;finding_strength:observational_candidate	positive supporting evidence does not promote UNKNOWN to true;MAY evidence is never promoted to MUST	results/c-callback-rust-closure/leak_alloc.explain.json	MAY_ALLOCATION;PATH_JOIN;QUERY_THREE_VALUED_PROPAGATION	2	2	normal_return_open_manual_obligation	observational_candidate	0		
corpus	c-callback-rust-closure	/home/af/Documenti/a-phd/repro-results/gate-l1-normal-execution-20260919T152848Z/main/raw/c-callback-rust-closure/annotated_icfg_v2.json	leak_alloc_state	unk	unk_true	true	observational_candidate	cqpl_result_assessment_v1	assessment_scope:normal_execution;capability:typed_edge_flow_v1;cqpl_three_valued_model_check_v1;disposition_basis:rustc_box_into_raw_v1;evidence:no_modeled_discharge_on_witness_path;evidence:normal_return_reachable;evidence:producer_certified_box_into_raw;external_effect_basis:svf_leaf_no_call_deallocation_v1;finding:normal_return_open_manual_obligation;finding_strength:observational_candidate	positive supporting evidence does not promote UNKNOWN to true;MAY evidence is never promoted to MUST;directional assessment is restricted to typed normal edges; CQPL truth remains evaluated on the complete transition relation including unwind edges	results/c-callback-rust-closure/leak_alloc_state.explain.json	ABSTRACT_TOP_STATE;MAY_ALLOCATION;MAY_DEALLOCATION;PATH_JOIN;QUERY_THREE_VALUED_PROPAGATION	2	2	normal_return_open_manual_obligation	observational_candidate	0		
corpus	c_calloc_leak_ml	/home/af/Documenti/a-phd/repro-results/gate-l1-normal-execution-20260919T152848Z/main/raw/c_calloc_leak_ml/annotated_icfg_v2.json	leak_alloc	unk	unk_unoriented	none	unresolved	cqpl_result_assessment_v1	cqpl_three_valued_model_check_v1	no directional supporting or refuting finding is certified beyond the uncertainty frontier;non-directional unresolved-contract candidates do not orient UNKNOWN toward true or false	results/c_calloc_leak_ml/leak_alloc.explain.json	MAY_ALLOCATION;QUERY_THREE_VALUED_PROPAGATION	1	0			0		
corpus	c_calloc_leak_ml	/home/af/Documenti/a-phd/repro-results/gate-l1-normal-execution-20260919T152848Z/main/raw/c_calloc_leak_ml/annotated_icfg_v2.json	leak_alloc_state	unk	unk_unoriented	none	unresolved	cqpl_result_assessment_v1	assessment_scope:normal_execution;capability:typed_edge_flow_v1;cqpl_three_valued_model_check_v1	no directional supporting or refuting finding is certified beyond the uncertainty frontier;non-directional unresolved-contract candidates do not orient UNKNOWN toward true or false;directional assessment is restricted to typed normal edges; CQPL truth remains evaluated on the complete transition relation including unwind edges	results/c_calloc_leak_ml/leak_alloc_state.explain.json	ABSTRACT_TOP_STATE;MAY_ALLOCATION;MAY_DEALLOCATION;QUERY_THREE_VALUED_PROPAGATION	1	0			0		
corpus	clean_alloc_read_and_drop	/home/af/Documenti/a-phd/repro-results/gate-l1-normal-execution-20260919T152848Z/main/raw/clean_alloc_read_and_drop/annotated_icfg_v2.json	double_free_alloc	unk	unk_true	true	observational_candidate	cqpl_result_assessment_v1	contract_basis:rust_box_global_drop;contract_basis:rust_mem_drop_owned_box_global_v1;cqpl_three_valued_model_check_v1;evidence:allocation_state_includes_allocated;evidence:may_deallocation_observed;evidence:no_reallocation_between_events;evidence:two_ordered_drops_observed;finding:repeated_drop_without_reallocation;finding_strength:observational_candidate	positive supporting evidence does not promote UNKNOWN to true;MAY evidence is never promoted to MUST	results/clean_alloc_read_and_drop/double_free_alloc.explain.json	MAY_ALLOCATION;MAY_DEALLOCATION;PATH_JOIN;QUERY_THREE_VALUED_PROPAGATION	2	2	repeated_drop_without_reallocation	observational_candidate	0		
corpus	clean_alloc_read_and_drop	/home/af/Documenti/a-phd/repro-results/gate-l1-normal-execution-20260919T152848Z/main/raw/clean_alloc_read_and_drop/annotated_icfg_v2.json	double_free_alloc_state	unk	unk_true	true	observational_candidate	cqpl_result_assessment_v1	contract_basis:rust_box_global_drop;contract_basis:rust_mem_drop_owned_box_global_v1;cqpl_three_valued_model_check_v1;evidence:allocation_state_includes_allocated;evidence:may_deallocation_observed;evidence:no_reallocation_between_events;evidence:two_ordered_drops_observed;finding:repeated_drop_without_reallocation;finding_strength:observational_candidate	positive supporting evidence does not promote UNKNOWN to true;MAY evidence is never promoted to MUST	results/clean_alloc_read_and_drop/double_free_alloc_state.explain.json	MAY_ALLOCATION;MAY_DEALLOCATION;PATH_JOIN;QUERY_THREE_VALUED_PROPAGATION	2	2	repeated_drop_without_reallocation	observational_candidate	0		
corpus	clean_alloc_read_and_drop	/home/af/Documenti/a-phd/repro-results/gate-l1-normal-execution-20260919T152848Z/main/raw/clean_alloc_read_and_drop/annotated_icfg_v2.json	leak_alloc	unk	unk_unoriented	none	unresolved	cqpl_result_assessment_v1	cqpl_three_valued_model_check_v1	no directional supporting or refuting finding is certified beyond the uncertainty frontier;non-directional unresolved-contract candidates do not orient UNKNOWN toward true or false	results/clean_alloc_read_and_drop/leak_alloc.explain.json	MAY_ALLOCATION;QUERY_THREE_VALUED_PROPAGATION	2	0			0		
corpus	clean_alloc_read_and_drop	/home/af/Documenti/a-phd/repro-results/gate-l1-normal-execution-20260919T152848Z/main/raw/clean_alloc_read_and_drop/annotated_icfg_v2.json	leak_alloc_state	unk	unk_false	false	observational_candidate	cqpl_result_assessment_v1	assessment_scope:normal_execution;capability:typed_edge_flow_v1;cqpl_three_valued_model_check_v1;evidence:all_allocation_candidates_covered;evidence:all_allocation_origins_covered;evidence:modeled_freed_state_barrier;evidence:no_drop_free_cyclic_suffix;evidence:no_drop_free_terminal_suffix;finding:all_candidate_suffixes_cross_modeled_drop;finding_strength:observational_candidate	refuting diagnostic evidence does not promote UNKNOWN to false;modeled Freed-state barriers remain MAY evidence rather than MUST deallocation facts;directional assessment is restricted to typed normal edges; CQPL truth remains evaluated on the complete transition relation including unwind edges	results/clean_alloc_read_and_drop/leak_alloc_state.explain.json	MAY_ALLOCATION;MAY_DEALLOCATION;QUERY_THREE_VALUED_PROPAGATION	2	0			2	all_candidate_suffixes_cross_modeled_drop	observational_candidate
corpus	clean_cstring_no_errors_only_rust	/home/af/Documenti/a-phd/repro-results/gate-l1-normal-execution-20260919T152848Z/main/raw/clean_cstring_no_errors_only_rust/annotated_icfg_v2.json	allocator_mismatch_ub	unk	unk_unoriented	none	unresolved	cqpl_result_assessment_v1	contract_basis:unresolved;cqpl_three_valued_model_check_v1;disposition_basis:rustc_cstring_into_raw_v1;evidence:allocation_state_includes_allocated;evidence:deallocator_family_unresolved;evidence:known_allocator_family;evidence:may_deallocation_observed;evidence:producer_certified_c_string_into_raw;finding:unresolved_allocator_contract_candidate;finding_strength:observational_candidate	no directional supporting or refuting finding is certified beyond the uncertainty frontier;non-directional unresolved-contract candidates do not orient UNKNOWN toward true or false	results/clean_cstring_no_errors_only_rust/allocator_mismatch_ub.explain.json	MAY_ALLOCATION;MAY_DEALLOCATION;QUERY_THREE_VALUED_PROPAGATION;UNRESOLVED_CONTRACT	1	1	unresolved_allocator_contract_candidate	observational_candidate	0		
corpus	clean_cstring_no_errors_only_rust	/home/af/Documenti/a-phd/repro-results/gate-l1-normal-execution-20260919T152848Z/main/raw/clean_cstring_no_errors_only_rust/annotated_icfg_v2.json	allocator_mismatch_ub_v2	unk	unk_unoriented	none	unresolved	cqpl_result_assessment_v1	contract_basis:unresolved;cqpl_three_valued_model_check_v1;disposition_basis:rustc_cstring_into_raw_v1;evidence:allocation_state_includes_allocated;evidence:deallocator_family_unresolved;evidence:known_allocator_family;evidence:may_deallocation_observed;evidence:producer_certified_c_string_into_raw;finding:unresolved_allocator_contract_candidate;finding_strength:observational_candidate	no directional supporting or refuting finding is certified beyond the uncertainty frontier;non-directional unresolved-contract candidates do not orient UNKNOWN toward true or false	results/clean_cstring_no_errors_only_rust/allocator_mismatch_ub_v2.explain.json	MAY_ALLOCATION;MAY_DEALLOCATION;QUERY_THREE_VALUED_PROPAGATION;UNRESOLVED_CONTRACT	1	1	unresolved_allocator_contract_candidate	observational_candidate	0		
corpus	clean_cstring_no_errors_only_rust	/home/af/Documenti/a-phd/repro-results/gate-l1-normal-execution-20260919T152848Z/main/raw/clean_cstring_no_errors_only_rust/annotated_icfg_v2.json	leak_alloc	unk	unk_unoriented	none	unresolved	cqpl_result_assessment_v1	cqpl_three_valued_model_check_v1	no directional supporting or refuting finding is certified beyond the uncertainty frontier;non-directional unresolved-contract candidates do not orient UNKNOWN toward true or false	results/clean_cstring_no_errors_only_rust/leak_alloc.explain.json	MAY_ALLOCATION;MAY_DEALLOCATION;QUERY_THREE_VALUED_PROPAGATION;UNRESOLVED_CONTRACT	1	0			0		
corpus	clean_cstring_no_errors_only_rust	/home/af/Documenti/a-phd/repro-results/gate-l1-normal-execution-20260919T152848Z/main/raw/clean_cstring_no_errors_only_rust/annotated_icfg_v2.json	leak_alloc_state	unk	unk_unoriented	none	unresolved	cqpl_result_assessment_v1	assessment_scope:normal_execution;capability:typed_edge_flow_v1;cqpl_three_valued_model_check_v1	no directional supporting or refuting finding is certified beyond the uncertainty frontier;non-directional unresolved-contract candidates do not orient UNKNOWN toward true or false;directional assessment is restricted to typed normal edges; CQPL truth remains evaluated on the complete transition relation including unwind edges	results/clean_cstring_no_errors_only_rust/leak_alloc_state.explain.json	ABSTRACT_TOP_STATE;MAY_ALLOCATION;MAY_DEALLOCATION;QUERY_THREE_VALUED_PROPAGATION	1	0			0		
corpus	clean_into_from_raw	/home/af/Documenti/a-phd/repro-results/gate-l1-normal-execution-20260919T152848Z/main/raw/clean_into_from_raw/annotated_icfg_v2.json	leak_alloc	unk	unk_unoriented	none	unresolved	cqpl_result_assessment_v1	cqpl_three_valued_model_check_v1	no directional supporting or refuting finding is certified beyond the uncertainty frontier;non-directional unresolved-contract candidates do not orient UNKNOWN toward true or false	results/clean_into_from_raw/leak_alloc.explain.json	MAY_ALLOCATION;QUERY_THREE_VALUED_PROPAGATION	1	0			0		
corpus	clean_into_from_raw	/home/af/Documenti/a-phd/repro-results/gate-l1-normal-execution-20260919T152848Z/main/raw/clean_into_from_raw/annotated_icfg_v2.json	leak_alloc_state	unk	unk_unoriented	none	unresolved	cqpl_result_assessment_v1	assessment_scope:normal_execution;capability:typed_edge_flow_v1;cqpl_three_valued_model_check_v1	no directional supporting or refuting finding is certified beyond the uncertainty frontier;non-directional unresolved-contract candidates do not orient UNKNOWN toward true or false;directional assessment is restricted to typed normal edges; CQPL truth remains evaluated on the complete transition relation including unwind edges	results/clean_into_from_raw/leak_alloc_state.explain.json	ABSTRACT_TOP_STATE;MAY_ALLOCATION;MAY_DEALLOCATION;QUERY_THREE_VALUED_PROPAGATION	1	0			0		
corpus	clean_mul_fn_ffi_no_errors	/home/af/Documenti/a-phd/repro-results/gate-l1-normal-execution-20260919T152848Z/main/raw/clean_mul_fn_ffi_no_errors/annotated_icfg_v2.json	leak_alloc	unk	unk_unoriented	none	unresolved	cqpl_result_assessment_v1	cqpl_three_valued_model_check_v1	no directional supporting or refuting finding is certified beyond the uncertainty frontier;non-directional unresolved-contract candidates do not orient UNKNOWN toward true or false	results/clean_mul_fn_ffi_no_errors/leak_alloc.explain.json	MAY_ALLOCATION;MAY_DEALLOCATION;PATH_JOIN;QUERY_THREE_VALUED_PROPAGATION	2	0			0		
corpus	clean_mul_fn_ffi_no_errors	/home/af/Documenti/a-phd/repro-results/gate-l1-normal-execution-20260919T152848Z/main/raw/clean_mul_fn_ffi_no_errors/annotated_icfg_v2.json	leak_alloc_state	unk	unk_unoriented	none	unresolved	cqpl_result_assessment_v1	assessment_scope:normal_execution;capability:typed_edge_flow_v1;cqpl_three_valued_model_check_v1	no directional supporting or refuting finding is certified beyond the uncertainty frontier;non-directional unresolved-contract candidates do not orient UNKNOWN toward true or false;directional assessment is restricted to typed normal edges; CQPL truth remains evaluated on the complete transition relation including unwind edges	results/clean_mul_fn_ffi_no_errors/leak_alloc_state.explain.json	ABSTRACT_TOP_STATE;MAY_ALLOCATION;MAY_DEALLOCATION;PATH_JOIN;QUERY_THREE_VALUED_PROPAGATION	2	0			0		
corpus	clean_struct_point_mem_leak_into_raw_no_errors	/home/af/Documenti/a-phd/repro-results/gate-l1-normal-execution-20260919T152848Z/main/raw/clean_struct_point_mem_leak_into_raw_no_errors/annotated_icfg_v2.json	double_free_alloc	unk	unk_true	true	observational_candidate	cqpl_result_assessment_v1	contract_basis:rust_box_global_drop;cqpl_three_valued_model_check_v1;evidence:allocation_state_includes_allocated;evidence:may_deallocation_observed;evidence:no_reallocation_between_events;evidence:two_ordered_drops_observed;finding:repeated_drop_without_reallocation;finding_strength:observational_candidate	positive supporting evidence does not promote UNKNOWN to true;MAY evidence is never promoted to MUST	results/clean_struct_point_mem_leak_into_raw_no_errors/double_free_alloc.explain.json	ABSTRACT_COMPONENT_MERGE;MAY_ALLOCATION;MAY_DEALLOCATION;PATH_JOIN;QUERY_THREE_VALUED_PROPAGATION	2	4	repeated_drop_without_reallocation	observational_candidate	0		
corpus	clean_struct_point_mem_leak_into_raw_no_errors	/home/af/Documenti/a-phd/repro-results/gate-l1-normal-execution-20260919T152848Z/main/raw/clean_struct_point_mem_leak_into_raw_no_errors/annotated_icfg_v2.json	double_free_alloc_state	unk	unk_true	true	observational_candidate	cqpl_result_assessment_v1	contract_basis:rust_box_global_drop;cqpl_three_valued_model_check_v1;evidence:allocation_state_includes_allocated;evidence:may_deallocation_observed;evidence:no_reallocation_between_events;evidence:two_ordered_drops_observed;finding:repeated_drop_without_reallocation;finding_strength:observational_candidate	positive supporting evidence does not promote UNKNOWN to true;MAY evidence is never promoted to MUST	results/clean_struct_point_mem_leak_into_raw_no_errors/double_free_alloc_state.explain.json	ABSTRACT_COMPONENT_MERGE;MAY_ALLOCATION;MAY_DEALLOCATION;PATH_JOIN;QUERY_THREE_VALUED_PROPAGATION	2	4	repeated_drop_without_reallocation	observational_candidate	0		
corpus	clean_struct_point_mem_leak_into_raw_no_errors	/home/af/Documenti/a-phd/repro-results/gate-l1-normal-execution-20260919T152848Z/main/raw/clean_struct_point_mem_leak_into_raw_no_errors/annotated_icfg_v2.json	leak_alloc	unk	unk_true	true	observational_candidate	cqpl_result_assessment_v1	cqpl_three_valued_model_check_v1;disposition_basis:rustc_box_into_raw_v1;evidence:no_modeled_discharge_on_witness_path;evidence:non_returning_discharge_observed_off_witness;evidence:normal_return_reachable;evidence:producer_certified_box_into_raw;finding:normal_return_open_manual_obligation;finding_strength:observational_candidate	positive supporting evidence does not promote UNKNOWN to true;MAY evidence is never promoted to MUST	results/clean_struct_point_mem_leak_into_raw_no_errors/leak_alloc.explain.json	ABSTRACT_COMPONENT_MERGE;MAY_ALLOCATION;QUERY_THREE_VALUED_PROPAGATION	2	3	normal_return_open_manual_obligation	observational_candidate	0		
corpus	clean_struct_point_mem_leak_into_raw_no_errors	/home/af/Documenti/a-phd/repro-results/gate-l1-normal-execution-20260919T152848Z/main/raw/clean_struct_point_mem_leak_into_raw_no_errors/annotated_icfg_v2.json	leak_alloc_state	unk	unk_true	true	observational_candidate	cqpl_result_assessment_v1	assessment_scope:normal_execution;capability:typed_edge_flow_v1;cqpl_three_valued_model_check_v1;disposition_basis:rustc_box_into_raw_v1;evidence:no_modeled_discharge_on_witness_path;evidence:normal_return_reachable;evidence:producer_certified_box_into_raw;finding:normal_return_open_manual_obligation;finding_strength:observational_candidate	positive supporting evidence does not promote UNKNOWN to true;MAY evidence is never promoted to MUST;directional assessment is restricted to typed normal edges; CQPL truth remains evaluated on the complete transition relation including unwind edges	results/clean_struct_point_mem_leak_into_raw_no_errors/leak_alloc_state.explain.json	ABSTRACT_COMPONENT_MERGE;MAY_ALLOCATION;QUERY_THREE_VALUED_PROPAGATION	2	3	normal_return_open_manual_obligation	observational_candidate	0		
corpus	closure_df	/home/af/Documenti/a-phd/repro-results/gate-l1-normal-execution-20260919T152848Z/main/raw/closure_df/annotated_icfg_v2.json	double_free_alloc	unk	unk_true	true	observational_candidate	cqpl_result_assessment_v1	contract_basis:rust_mem_drop_owned_box_global_v1;cqpl_three_valued_model_check_v1;evidence:allocation_state_includes_allocated;evidence:may_deallocation_observed;evidence:no_reallocation_between_events;evidence:two_ordered_drops_observed;finding:repeated_drop_without_reallocation;finding_strength:observational_candidate	positive supporting evidence does not promote UNKNOWN to true;MAY evidence is never promoted to MUST	results/closure_df/double_free_alloc.explain.json	MAY_ALLOCATION;MAY_DEALLOCATION;QUERY_THREE_VALUED_PROPAGATION	1	1	repeated_drop_without_reallocation	observational_candidate	0		
corpus	closure_df	/home/af/Documenti/a-phd/repro-results/gate-l1-normal-execution-20260919T152848Z/main/raw/closure_df/annotated_icfg_v2.json	double_free_alloc_state	unk	unk_true	true	observational_candidate	cqpl_result_assessment_v1	contract_basis:rust_mem_drop_owned_box_global_v1;cqpl_three_valued_model_check_v1;evidence:allocation_state_includes_allocated;evidence:may_deallocation_observed;evidence:no_reallocation_between_events;evidence:two_ordered_drops_observed;finding:repeated_drop_without_reallocation;finding_strength:observational_candidate	positive supporting evidence does not promote UNKNOWN to true;MAY evidence is never promoted to MUST	results/closure_df/double_free_alloc_state.explain.json	MAY_ALLOCATION;MAY_DEALLOCATION;QUERY_THREE_VALUED_PROPAGATION	1	1	repeated_drop_without_reallocation	observational_candidate	0		
corpus	closure_df	/home/af/Documenti/a-phd/repro-results/gate-l1-normal-execution-20260919T152848Z/main/raw/closure_df/annotated_icfg_v2.json	leak_alloc	unk	unk_unoriented	none	unresolved	cqpl_result_assessment_v1	cqpl_three_valued_model_check_v1	no directional supporting or refuting finding is certified beyond the uncertainty frontier;non-directional unresolved-contract candidates do not orient UNKNOWN toward true or false	results/closure_df/leak_alloc.explain.json	MAY_ALLOCATION;MAY_DEALLOCATION;QUERY_THREE_VALUED_PROPAGATION	1	0			0		
corpus	closure_df	/home/af/Documenti/a-phd/repro-results/gate-l1-normal-execution-20260919T152848Z/main/raw/closure_df/annotated_icfg_v2.json	leak_alloc_state	unk	unk_unoriented	none	unresolved	cqpl_result_assessment_v1	assessment_scope:normal_execution;capability:typed_edge_flow_v1;cqpl_three_valued_model_check_v1	no directional supporting or refuting finding is certified beyond the uncertainty frontier;non-directional unresolved-contract candidates do not orient UNKNOWN toward true or false;directional assessment is restricted to typed normal edges; CQPL truth remains evaluated on the complete transition relation including unwind edges	results/closure_df/leak_alloc_state.explain.json	MAY_ALLOCATION;MAY_DEALLOCATION;QUERY_THREE_VALUED_PROPAGATION	1	0			0		
corpus	closure_df	/home/af/Documenti/a-phd/repro-results/gate-l1-normal-execution-20260919T152848Z/main/raw/closure_df/annotated_icfg_v2.json	use_after_free_alloc	unk	unk_true	true	observational_candidate	cqpl_result_assessment_v1	contract_basis:rust_mem_drop_owned_box_global_v1;cqpl_three_valued_model_check_v1;evidence:allocation_state_includes_allocated;evidence:may_deallocation_observed;evidence:may_use_observed;evidence:no_reallocation_between_events;evidence:ordered_drop_before_use;finding:drop_then_use_without_reallocation;finding_strength:observational_candidate	positive supporting evidence does not promote UNKNOWN to true;MAY evidence is never promoted to MUST	results/closure_df/use_after_free_alloc.explain.json	MAY_ALLOCATION;MAY_DEALLOCATION;MAY_USE;QUERY_THREE_VALUED_PROPAGATION	1	1	drop_then_use_without_reallocation	observational_candidate	0		
corpus	closure_df	/home/af/Documenti/a-phd/repro-results/gate-l1-normal-execution-20260919T152848Z/main/raw/closure_df/annotated_icfg_v2.json	use_after_free_alloc_state	unk	unk_true	true	observational_candidate	cqpl_result_assessment_v1	contract_basis:rust_mem_drop_owned_box_global_v1;cqpl_three_valued_model_check_v1;evidence:allocation_state_includes_allocated;evidence:may_deallocation_observed;evidence:may_use_observed;evidence:no_reallocation_between_events;evidence:ordered_drop_before_use;finding:drop_then_use_without_reallocation;finding_strength:observational_candidate	positive supporting evidence does not promote UNKNOWN to true;MAY evidence is never promoted to MUST	results/closure_df/use_after_free_alloc_state.explain.json	MAY_ALLOCATION;MAY_DEALLOCATION;MAY_USE;QUERY_THREE_VALUED_PROPAGATION	1	1	drop_then_use_without_reallocation	observational_candidate	0		
corpus	c_malloc_c_double_free_df	/home/af/Documenti/a-phd/repro-results/gate-l1-normal-execution-20260919T152848Z/main/raw/c_malloc_c_double_free_df/annotated_icfg_v2.json	double_free_alloc	unk	unk_true	true	observational_candidate	cqpl_result_assessment_v1	contract_basis:structural_c_free_v1;cqpl_three_valued_model_check_v1;evidence:allocation_state_includes_allocated;evidence:may_deallocation_observed;evidence:no_reallocation_between_events;evidence:two_ordered_drops_observed;external_effect_basis:structural_c_free_v1;external_effect_corroborating_basis:llvm16_tli_direct_callee_allockind_deallocation_v1;ffi_identity_basis:crema_bmulti_actual_formal_identity_v1;finding:repeated_drop_without_reallocation;finding_strength:observational_candidate;formal_mapping_basis:svf_formal_arg_index_v1	positive supporting evidence does not promote UNKNOWN to true;MAY evidence is never promoted to MUST	results/c_malloc_c_double_free_df/double_free_alloc.explain.json	MAY_ALLOCATION;MAY_DEALLOCATION;PATH_JOIN;QUERY_THREE_VALUED_PROPAGATION	1	1	repeated_drop_without_reallocation	observational_candidate	0		
corpus	c_malloc_c_double_free_df	/home/af/Documenti/a-phd/repro-results/gate-l1-normal-execution-20260919T152848Z/main/raw/c_malloc_c_double_free_df/annotated_icfg_v2.json	double_free_alloc_state	unk	unk_true	true	observational_candidate	cqpl_result_assessment_v1	contract_basis:structural_c_free_v1;cqpl_three_valued_model_check_v1;evidence:allocation_state_includes_allocated;evidence:may_deallocation_observed;evidence:no_reallocation_between_events;evidence:two_ordered_drops_observed;external_effect_basis:structural_c_free_v1;external_effect_corroborating_basis:llvm16_tli_direct_callee_allockind_deallocation_v1;ffi_identity_basis:crema_bmulti_actual_formal_identity_v1;finding:repeated_drop_without_reallocation;finding_strength:observational_candidate;formal_mapping_basis:svf_formal_arg_index_v1	positive supporting evidence does not promote UNKNOWN to true;MAY evidence is never promoted to MUST	results/c_malloc_c_double_free_df/double_free_alloc_state.explain.json	ABSTRACT_TOP_STATE;MAY_ALLOCATION;MAY_DEALLOCATION;PATH_JOIN;QUERY_THREE_VALUED_PROPAGATION	1	1	repeated_drop_without_reallocation	observational_candidate	0		
corpus	c_malloc_c_double_free_df	/home/af/Documenti/a-phd/repro-results/gate-l1-normal-execution-20260919T152848Z/main/raw/c_malloc_c_double_free_df/annotated_icfg_v2.json	leak_alloc	unk	unk_unoriented	none	unresolved	cqpl_result_assessment_v1	cqpl_three_valued_model_check_v1	no directional supporting or refuting finding is certified beyond the uncertainty frontier;non-directional unresolved-contract candidates do not orient UNKNOWN toward true or false	results/c_malloc_c_double_free_df/leak_alloc.explain.json	MAY_ALLOCATION;QUERY_THREE_VALUED_PROPAGATION	1	0			0		
corpus	c_malloc_c_double_free_df	/home/af/Documenti/a-phd/repro-results/gate-l1-normal-execution-20260919T152848Z/main/raw/c_malloc_c_double_free_df/annotated_icfg_v2.json	leak_alloc_state	unk	unk_unoriented	none	unresolved	cqpl_result_assessment_v1	assessment_scope:normal_execution;capability:typed_edge_flow_v1;cqpl_three_valued_model_check_v1	no directional supporting or refuting finding is certified beyond the uncertainty frontier;non-directional unresolved-contract candidates do not orient UNKNOWN toward true or false;directional assessment is restricted to typed normal edges; CQPL truth remains evaluated on the complete transition relation including unwind edges	results/c_malloc_c_double_free_df/leak_alloc_state.explain.json	ABSTRACT_TOP_STATE;MAY_ALLOCATION;MAY_DEALLOCATION;QUERY_THREE_VALUED_PROPAGATION	1	0			0		
corpus	c_malloc_c_double_free_df	/home/af/Documenti/a-phd/repro-results/gate-l1-normal-execution-20260919T152848Z/main/raw/c_malloc_c_double_free_df/annotated_icfg_v2.json	use_after_free_alloc	unk	unk_true	true	observational_candidate	cqpl_result_assessment_v1	contract_basis:structural_c_free_v1;cqpl_three_valued_model_check_v1;evidence:allocation_state_includes_allocated;evidence:may_deallocation_observed;evidence:may_use_observed;evidence:no_reallocation_between_events;evidence:ordered_drop_before_use;external_effect_basis:structural_c_free_v1;external_effect_corroborating_basis:llvm16_tli_direct_callee_allockind_deallocation_v1;ffi_identity_basis:crema_bmulti_actual_formal_identity_v1;finding:drop_then_use_without_reallocation;finding_strength:observational_candidate;formal_mapping_basis:svf_formal_arg_index_v1	positive supporting evidence does not promote UNKNOWN to true;MAY evidence is never promoted to MUST	results/c_malloc_c_double_free_df/use_after_free_alloc.explain.json	MAY_ALLOCATION;MAY_DEALLOCATION;MAY_USE;PATH_JOIN;QUERY_THREE_VALUED_PROPAGATION	1	1	drop_then_use_without_reallocation	observational_candidate	0		
corpus	c_malloc_c_double_free_df	/home/af/Documenti/a-phd/repro-results/gate-l1-normal-execution-20260919T152848Z/main/raw/c_malloc_c_double_free_df/annotated_icfg_v2.json	use_after_free_alloc_state	unk	unk_true	true	observational_candidate	cqpl_result_assessment_v1	contract_basis:structural_c_free_v1;cqpl_three_valued_model_check_v1;evidence:allocation_state_includes_allocated;evidence:may_deallocation_observed;evidence:may_use_observed;evidence:no_reallocation_between_events;evidence:ordered_drop_before_use;external_effect_basis:structural_c_free_v1;external_effect_corroborating_basis:llvm16_tli_direct_callee_allockind_deallocation_v1;ffi_identity_basis:crema_bmulti_actual_formal_identity_v1;finding:drop_then_use_without_reallocation;finding_strength:observational_candidate;formal_mapping_basis:svf_formal_arg_index_v1	positive supporting evidence does not promote UNKNOWN to true;MAY evidence is never promoted to MUST	results/c_malloc_c_double_free_df/use_after_free_alloc_state.explain.json	ABSTRACT_TOP_STATE;MAY_ALLOCATION;MAY_DEALLOCATION;MAY_USE;PATH_JOIN;QUERY_THREE_VALUED_PROPAGATION	1	1	drop_then_use_without_reallocation	observational_candidate	0		
corpus	c_malloc_c_free_clean	/home/af/Documenti/a-phd/repro-results/gate-l1-normal-execution-20260919T152848Z/main/raw/c_malloc_c_free_clean/annotated_icfg_v2.json	leak_alloc	unk	unk_unoriented	none	unresolved	cqpl_result_assessment_v1	cqpl_three_valued_model_check_v1	no directional supporting or refuting finding is certified beyond the uncertainty frontier;non-directional unresolved-contract candidates do not orient UNKNOWN toward true or false	results/c_malloc_c_free_clean/leak_alloc.explain.json	MAY_ALLOCATION;QUERY_THREE_VALUED_PROPAGATION	1	0			0		
corpus	c_malloc_c_free_clean	/home/af/Documenti/a-phd/repro-results/gate-l1-normal-execution-20260919T152848Z/main/raw/c_malloc_c_free_clean/annotated_icfg_v2.json	leak_alloc_state	unk	unk_unoriented	none	unresolved	cqpl_result_assessment_v1	assessment_scope:normal_execution;capability:typed_edge_flow_v1;cqpl_three_valued_model_check_v1	no directional supporting or refuting finding is certified beyond the uncertainty frontier;non-directional unresolved-contract candidates do not orient UNKNOWN toward true or false;directional assessment is restricted to typed normal edges; CQPL truth remains evaluated on the complete transition relation including unwind edges	results/c_malloc_c_free_clean/leak_alloc_state.explain.json	ABSTRACT_TOP_STATE;MAY_ALLOCATION;MAY_DEALLOCATION;QUERY_THREE_VALUED_PROPAGATION	1	0			0		
corpus	c_malloc_c_free_then_rust_use_uaf	/home/af/Documenti/a-phd/repro-results/gate-l1-normal-execution-20260919T152848Z/main/raw/c_malloc_c_free_then_rust_use_uaf/annotated_icfg_v2.json	leak_alloc	unk	unk_unoriented	none	unresolved	cqpl_result_assessment_v1	cqpl_three_valued_model_check_v1	no directional supporting or refuting finding is certified beyond the uncertainty frontier;non-directional unresolved-contract candidates do not orient UNKNOWN toward true or false	results/c_malloc_c_free_then_rust_use_uaf/leak_alloc.explain.json	MAY_ALLOCATION;QUERY_THREE_VALUED_PROPAGATION	1	0			0		
corpus	c_malloc_c_free_then_rust_use_uaf	/home/af/Documenti/a-phd/repro-results/gate-l1-normal-execution-20260919T152848Z/main/raw/c_malloc_c_free_then_rust_use_uaf/annotated_icfg_v2.json	leak_alloc_state	unk	unk_unoriented	none	unresolved	cqpl_result_assessment_v1	assessment_scope:normal_execution;capability:typed_edge_flow_v1;cqpl_three_valued_model_check_v1	no directional supporting or refuting finding is certified beyond the uncertainty frontier;non-directional unresolved-contract candidates do not orient UNKNOWN toward true or false;directional assessment is restricted to typed normal edges; CQPL truth remains evaluated on the complete transition relation including unwind edges	results/c_malloc_c_free_then_rust_use_uaf/leak_alloc_state.explain.json	ABSTRACT_TOP_STATE;MAY_ALLOCATION;MAY_DEALLOCATION;QUERY_THREE_VALUED_PROPAGATION	1	0			0		
corpus	c_malloc_c_free_then_rust_use_uaf	/home/af/Documenti/a-phd/repro-results/gate-l1-normal-execution-20260919T152848Z/main/raw/c_malloc_c_free_then_rust_use_uaf/annotated_icfg_v2.json	use_after_free_alloc	unk	unk_true	true	observational_candidate	cqpl_result_assessment_v1	contract_basis:structural_c_free_v1;cqpl_three_valued_model_check_v1;evidence:allocation_state_includes_allocated;evidence:may_deallocation_observed;evidence:may_use_observed;evidence:no_reallocation_between_events;evidence:ordered_drop_before_use;finding:drop_then_use_without_reallocation;finding_strength:observational_candidate	positive supporting evidence does not promote UNKNOWN to true;MAY evidence is never promoted to MUST	results/c_malloc_c_free_then_rust_use_uaf/use_after_free_alloc.explain.json	MAY_ALLOCATION;MAY_DEALLOCATION;MAY_USE;PATH_JOIN;QUERY_THREE_VALUED_PROPAGATION	1	1	drop_then_use_without_reallocation	observational_candidate	0		
corpus	c_malloc_c_free_then_rust_use_uaf	/home/af/Documenti/a-phd/repro-results/gate-l1-normal-execution-20260919T152848Z/main/raw/c_malloc_c_free_then_rust_use_uaf/annotated_icfg_v2.json	use_after_free_alloc_state	unk	unk_true	true	observational_candidate	cqpl_result_assessment_v1	contract_basis:structural_c_free_v1;cqpl_three_valued_model_check_v1;evidence:allocation_state_includes_allocated;evidence:may_deallocation_observed;evidence:may_use_observed;evidence:no_reallocation_between_events;evidence:ordered_drop_before_use;finding:drop_then_use_without_reallocation;finding_strength:observational_candidate	positive supporting evidence does not promote UNKNOWN to true;MAY evidence is never promoted to MUST	results/c_malloc_c_free_then_rust_use_uaf/use_after_free_alloc_state.explain.json	ABSTRACT_TOP_STATE;MAY_ALLOCATION;MAY_DEALLOCATION;MAY_USE;PATH_JOIN;QUERY_THREE_VALUED_PROPAGATION	1	1	drop_then_use_without_reallocation	observational_candidate	0		
corpus	c_malloc_cstr_borrow_c_free_clean	/home/af/Documenti/a-phd/repro-results/gate-l1-normal-execution-20260919T152848Z/main/raw/c_malloc_cstr_borrow_c_free_clean/annotated_icfg_v2.json	leak_alloc	unk	unk_unoriented	none	unresolved	cqpl_result_assessment_v1	cqpl_three_valued_model_check_v1	no directional supporting or refuting finding is certified beyond the uncertainty frontier;non-directional unresolved-contract candidates do not orient UNKNOWN toward true or false	results/c_malloc_cstr_borrow_c_free_clean/leak_alloc.explain.json	MAY_ALLOCATION;QUERY_THREE_VALUED_PROPAGATION	1	0			0		
corpus	c_malloc_cstr_borrow_c_free_clean	/home/af/Documenti/a-phd/repro-results/gate-l1-normal-execution-20260919T152848Z/main/raw/c_malloc_cstr_borrow_c_free_clean/annotated_icfg_v2.json	leak_alloc_state	unk	unk_unoriented	none	unresolved	cqpl_result_assessment_v1	assessment_scope:normal_execution;capability:typed_edge_flow_v1;cqpl_three_valued_model_check_v1	no directional supporting or refuting finding is certified beyond the uncertainty frontier;non-directional unresolved-contract candidates do not orient UNKNOWN toward true or false;directional assessment is restricted to typed normal edges; CQPL truth remains evaluated on the complete transition relation including unwind edges	results/c_malloc_cstr_borrow_c_free_clean/leak_alloc_state.explain.json	ABSTRACT_TOP_STATE;MAY_ALLOCATION;MAY_DEALLOCATION;QUERY_THREE_VALUED_PROPAGATION	1	0			0		
corpus	c_malloc_leak_ml	/home/af/Documenti/a-phd/repro-results/gate-l1-normal-execution-20260919T152848Z/main/raw/c_malloc_leak_ml/annotated_icfg_v2.json	leak_alloc	unk	unk_unoriented	none	unresolved	cqpl_result_assessment_v1	cqpl_three_valued_model_check_v1	no directional supporting or refuting finding is certified beyond the uncertainty frontier;non-directional unresolved-contract candidates do not orient UNKNOWN toward true or false	results/c_malloc_leak_ml/leak_alloc.explain.json	MAY_ALLOCATION;QUERY_THREE_VALUED_PROPAGATION	1	0			0		
corpus	c_malloc_leak_ml	/home/af/Documenti/a-phd/repro-results/gate-l1-normal-execution-20260919T152848Z/main/raw/c_malloc_leak_ml/annotated_icfg_v2.json	leak_alloc_state	unk	unk_unoriented	none	unresolved	cqpl_result_assessment_v1	assessment_scope:normal_execution;capability:typed_edge_flow_v1;cqpl_three_valued_model_check_v1	no directional supporting or refuting finding is certified beyond the uncertainty frontier;non-directional unresolved-contract candidates do not orient UNKNOWN toward true or false;directional assessment is restricted to typed normal edges; CQPL truth remains evaluated on the complete transition relation including unwind edges	results/c_malloc_leak_ml/leak_alloc_state.explain.json	ABSTRACT_TOP_STATE;MAY_ALLOCATION;MAY_DEALLOCATION;QUERY_THREE_VALUED_PROPAGATION	1	0			0		
corpus	c_malloc_rust_box_from_raw_ub	/home/af/Documenti/a-phd/repro-results/gate-l1-normal-execution-20260919T152848Z/main/raw/c_malloc_rust_box_from_raw_ub/annotated_icfg_v2.json	allocator_mismatch_ub	unk	unk_true	true	strong_abstract_evidence	cqpl_result_assessment_v1	contract_basis:rust_box_global_drop;cqpl_three_valued_model_check_v1;evidence:allocation_state_includes_allocated;evidence:allocator_families_differ;evidence:known_allocator_family;evidence:known_deallocator_family;evidence:may_deallocation_observed;evidence:producer_certified_deallocator_contract;finding:allocator_family_mismatch;finding_strength:strong_abstract_evidence	positive supporting evidence does not promote UNKNOWN to true;MAY evidence is never promoted to MUST	results/c_malloc_rust_box_from_raw_ub/allocator_mismatch_ub.explain.json	MAY_ALLOCATION;MAY_DEALLOCATION;PATH_JOIN;QUERY_THREE_VALUED_PROPAGATION	1	2	allocator_family_mismatch	strong_abstract_evidence	0		
corpus	c_malloc_rust_box_from_raw_ub	/home/af/Documenti/a-phd/repro-results/gate-l1-normal-execution-20260919T152848Z/main/raw/c_malloc_rust_box_from_raw_ub/annotated_icfg_v2.json	allocator_mismatch_ub_v2	unk	unk_true	true	strong_abstract_evidence	cqpl_result_assessment_v1	contract_basis:rust_box_global_drop;cqpl_three_valued_model_check_v1;evidence:allocation_state_includes_allocated;evidence:allocator_families_differ;evidence:known_allocator_family;evidence:known_deallocator_family;evidence:may_deallocation_observed;evidence:producer_certified_deallocator_contract;finding:allocator_family_mismatch;finding_strength:strong_abstract_evidence	positive supporting evidence does not promote UNKNOWN to true;MAY evidence is never promoted to MUST	results/c_malloc_rust_box_from_raw_ub/allocator_mismatch_ub_v2.explain.json	MAY_ALLOCATION;MAY_DEALLOCATION;PATH_JOIN;QUERY_THREE_VALUED_PROPAGATION	1	2	allocator_family_mismatch	strong_abstract_evidence	0		
corpus	c_malloc_rust_box_from_raw_ub	/home/af/Documenti/a-phd/repro-results/gate-l1-normal-execution-20260919T152848Z/main/raw/c_malloc_rust_box_from_raw_ub/annotated_icfg_v2.json	leak_alloc	unk	unk_unoriented	none	unresolved	cqpl_result_assessment_v1	cqpl_three_valued_model_check_v1	no directional supporting or refuting finding is certified beyond the uncertainty frontier;non-directional unresolved-contract candidates do not orient UNKNOWN toward true or false	results/c_malloc_rust_box_from_raw_ub/leak_alloc.explain.json	MAY_ALLOCATION;QUERY_THREE_VALUED_PROPAGATION	1	0			0		
corpus	c_malloc_rust_box_from_raw_ub	/home/af/Documenti/a-phd/repro-results/gate-l1-normal-execution-20260919T152848Z/main/raw/c_malloc_rust_box_from_raw_ub/annotated_icfg_v2.json	leak_alloc_state	unk	unk_unoriented	none	unresolved	cqpl_result_assessment_v1	assessment_scope:normal_execution;capability:typed_edge_flow_v1;cqpl_three_valued_model_check_v1	no directional supporting or refuting finding is certified beyond the uncertainty frontier;non-directional unresolved-contract candidates do not orient UNKNOWN toward true or false;directional assessment is restricted to typed normal edges; CQPL truth remains evaluated on the complete transition relation including unwind edges	results/c_malloc_rust_box_from_raw_ub/leak_alloc_state.explain.json	ABSTRACT_TOP_STATE;MAY_ALLOCATION;MAY_DEALLOCATION;QUERY_THREE_VALUED_PROPAGATION	1	0			0		
corpus	c_malloc_rust_box_from_raw_ub	/home/af/Documenti/a-phd/repro-results/gate-l1-normal-execution-20260919T152848Z/main/raw/c_malloc_rust_box_from_raw_ub/annotated_icfg_v2.json	mir_structural_allocator_example	unk	unk_true	true	strong_abstract_evidence	cqpl_result_assessment_v1	contract_basis:rust_box_global_drop;cqpl_three_valued_model_check_v1;evidence:allocation_state_includes_allocated;evidence:allocator_families_differ;evidence:known_allocator_family;evidence:known_deallocator_family;evidence:may_deallocation_observed;evidence:producer_certified_deallocator_contract;finding:allocator_family_mismatch;finding_strength:strong_abstract_evidence	positive supporting evidence does not promote UNKNOWN to true;MAY evidence is never promoted to MUST	results/c_malloc_rust_box_from_raw_ub/mir_structural_allocator_example.explain.json	MAY_DEALLOCATION;PATH_JOIN;QUERY_THREE_VALUED_PROPAGATION	1	2	allocator_family_mismatch	strong_abstract_evidence	0		
corpus	c_malloc_rust_cstring_from_raw_ub	/home/af/Documenti/a-phd/repro-results/gate-l1-normal-execution-20260919T152848Z/main/raw/c_malloc_rust_cstring_from_raw_ub/annotated_icfg_v2.json	allocator_mismatch_ub	unk	unk_true	true	strong_abstract_evidence	cqpl_result_assessment_v1	contract_basis:rust_cstring_global_drop;cqpl_three_valued_model_check_v1;evidence:allocation_state_includes_allocated;evidence:allocator_families_differ;evidence:known_allocator_family;evidence:known_deallocator_family;evidence:may_deallocation_observed;evidence:producer_certified_deallocator_contract;finding:allocator_family_mismatch;finding_strength:strong_abstract_evidence	positive supporting evidence does not promote UNKNOWN to true;MAY evidence is never promoted to MUST	results/c_malloc_rust_cstring_from_raw_ub/allocator_mismatch_ub.explain.json	MAY_ALLOCATION;MAY_DEALLOCATION;PATH_JOIN;QUERY_THREE_VALUED_PROPAGATION	1	2	allocator_family_mismatch	strong_abstract_evidence	0		
corpus	c_malloc_rust_cstring_from_raw_ub	/home/af/Documenti/a-phd/repro-results/gate-l1-normal-execution-20260919T152848Z/main/raw/c_malloc_rust_cstring_from_raw_ub/annotated_icfg_v2.json	allocator_mismatch_ub_v2	unk	unk_true	true	strong_abstract_evidence	cqpl_result_assessment_v1	contract_basis:rust_cstring_global_drop;cqpl_three_valued_model_check_v1;evidence:allocation_state_includes_allocated;evidence:allocator_families_differ;evidence:known_allocator_family;evidence:known_deallocator_family;evidence:may_deallocation_observed;evidence:producer_certified_deallocator_contract;finding:allocator_family_mismatch;finding_strength:strong_abstract_evidence	positive supporting evidence does not promote UNKNOWN to true;MAY evidence is never promoted to MUST	results/c_malloc_rust_cstring_from_raw_ub/allocator_mismatch_ub_v2.explain.json	MAY_ALLOCATION;MAY_DEALLOCATION;PATH_JOIN;QUERY_THREE_VALUED_PROPAGATION	1	2	allocator_family_mismatch	strong_abstract_evidence	0		
corpus	c_malloc_rust_cstring_from_raw_ub	/home/af/Documenti/a-phd/repro-results/gate-l1-normal-execution-20260919T152848Z/main/raw/c_malloc_rust_cstring_from_raw_ub/annotated_icfg_v2.json	leak_alloc	unk	unk_unoriented	none	unresolved	cqpl_result_assessment_v1	cqpl_three_valued_model_check_v1	no directional supporting or refuting finding is certified beyond the uncertainty frontier;non-directional unresolved-contract candidates do not orient UNKNOWN toward true or false	results/c_malloc_rust_cstring_from_raw_ub/leak_alloc.explain.json	MAY_ALLOCATION;QUERY_THREE_VALUED_PROPAGATION	1	0			0		
corpus	c_malloc_rust_cstring_from_raw_ub	/home/af/Documenti/a-phd/repro-results/gate-l1-normal-execution-20260919T152848Z/main/raw/c_malloc_rust_cstring_from_raw_ub/annotated_icfg_v2.json	leak_alloc_state	unk	unk_unoriented	none	unresolved	cqpl_result_assessment_v1	assessment_scope:normal_execution;capability:typed_edge_flow_v1;cqpl_three_valued_model_check_v1	no directional supporting or refuting finding is certified beyond the uncertainty frontier;non-directional unresolved-contract candidates do not orient UNKNOWN toward true or false;directional assessment is restricted to typed normal edges; CQPL truth remains evaluated on the complete transition relation including unwind edges	results/c_malloc_rust_cstring_from_raw_ub/leak_alloc_state.explain.json	ABSTRACT_TOP_STATE;MAY_ALLOCATION;MAY_DEALLOCATION;QUERY_THREE_VALUED_PROPAGATION	1	0			0		
corpus	c_malloc_rust_cstring_from_raw_ub	/home/af/Documenti/a-phd/repro-results/gate-l1-normal-execution-20260919T152848Z/main/raw/c_malloc_rust_cstring_from_raw_ub/annotated_icfg_v2.json	mir_structural_allocator_example	unk	unk_true	true	strong_abstract_evidence	cqpl_result_assessment_v1	contract_basis:rust_cstring_global_drop;cqpl_three_valued_model_check_v1;evidence:allocation_state_includes_allocated;evidence:allocator_families_differ;evidence:known_allocator_family;evidence:known_deallocator_family;evidence:may_deallocation_observed;evidence:producer_certified_deallocator_contract;finding:allocator_family_mismatch;finding_strength:strong_abstract_evidence	positive supporting evidence does not promote UNKNOWN to true;MAY evidence is never promoted to MUST	results/c_malloc_rust_cstring_from_raw_ub/mir_structural_allocator_example.explain.json	MAY_DEALLOCATION;PATH_JOIN;QUERY_THREE_VALUED_PROPAGATION	1	2	allocator_family_mismatch	strong_abstract_evidence	0		
corpus	c_malloc_rust_double_free_df	/home/af/Documenti/a-phd/repro-results/gate-l1-normal-execution-20260919T152848Z/main/raw/c_malloc_rust_double_free_df/annotated_icfg_v2.json	double_free_alloc	unk	unk_true	true	observational_candidate	cqpl_result_assessment_v1	contract_basis:structural_c_free_v1;cqpl_three_valued_model_check_v1;evidence:allocation_state_includes_allocated;evidence:may_deallocation_observed;evidence:no_reallocation_between_events;evidence:two_ordered_drops_observed;finding:repeated_drop_without_reallocation;finding_strength:observational_candidate	positive supporting evidence does not promote UNKNOWN to true;MAY evidence is never promoted to MUST	results/c_malloc_rust_double_free_df/double_free_alloc.explain.json	MAY_ALLOCATION;MAY_DEALLOCATION;PATH_JOIN;QUERY_THREE_VALUED_PROPAGATION	1	1	repeated_drop_without_reallocation	observational_candidate	0		
corpus	c_malloc_rust_double_free_df	/home/af/Documenti/a-phd/repro-results/gate-l1-normal-execution-20260919T152848Z/main/raw/c_malloc_rust_double_free_df/annotated_icfg_v2.json	double_free_alloc_state	unk	unk_true	true	observational_candidate	cqpl_result_assessment_v1	contract_basis:structural_c_free_v1;cqpl_three_valued_model_check_v1;evidence:allocation_state_includes_allocated;evidence:may_deallocation_observed;evidence:no_reallocation_between_events;evidence:two_ordered_drops_observed;finding:repeated_drop_without_reallocation;finding_strength:observational_candidate	positive supporting evidence does not promote UNKNOWN to true;MAY evidence is never promoted to MUST	results/c_malloc_rust_double_free_df/double_free_alloc_state.explain.json	ABSTRACT_TOP_STATE;MAY_ALLOCATION;MAY_DEALLOCATION;PATH_JOIN;QUERY_THREE_VALUED_PROPAGATION	1	1	repeated_drop_without_reallocation	observational_candidate	0		
corpus	c_malloc_rust_double_free_df	/home/af/Documenti/a-phd/repro-results/gate-l1-normal-execution-20260919T152848Z/main/raw/c_malloc_rust_double_free_df/annotated_icfg_v2.json	leak_alloc	unk	unk_unoriented	none	unresolved	cqpl_result_assessment_v1	cqpl_three_valued_model_check_v1	no directional supporting or refuting finding is certified beyond the uncertainty frontier;non-directional unresolved-contract candidates do not orient UNKNOWN toward true or false	results/c_malloc_rust_double_free_df/leak_alloc.explain.json	MAY_ALLOCATION;QUERY_THREE_VALUED_PROPAGATION	1	0			0		
corpus	c_malloc_rust_double_free_df	/home/af/Documenti/a-phd/repro-results/gate-l1-normal-execution-20260919T152848Z/main/raw/c_malloc_rust_double_free_df/annotated_icfg_v2.json	leak_alloc_state	unk	unk_unoriented	none	unresolved	cqpl_result_assessment_v1	assessment_scope:normal_execution;capability:typed_edge_flow_v1;cqpl_three_valued_model_check_v1	no directional supporting or refuting finding is certified beyond the uncertainty frontier;non-directional unresolved-contract candidates do not orient UNKNOWN toward true or false;directional assessment is restricted to typed normal edges; CQPL truth remains evaluated on the complete transition relation including unwind edges	results/c_malloc_rust_double_free_df/leak_alloc_state.explain.json	ABSTRACT_TOP_STATE;MAY_ALLOCATION;MAY_DEALLOCATION;QUERY_THREE_VALUED_PROPAGATION	1	0			0		
corpus	c_malloc_rust_free_clean	/home/af/Documenti/a-phd/repro-results/gate-l1-normal-execution-20260919T152848Z/main/raw/c_malloc_rust_free_clean/annotated_icfg_v2.json	leak_alloc	unk	unk_unoriented	none	unresolved	cqpl_result_assessment_v1	cqpl_three_valued_model_check_v1	no directional supporting or refuting finding is certified beyond the uncertainty frontier;non-directional unresolved-contract candidates do not orient UNKNOWN toward true or false	results/c_malloc_rust_free_clean/leak_alloc.explain.json	MAY_ALLOCATION;QUERY_THREE_VALUED_PROPAGATION	1	0			0		
corpus	c_malloc_rust_free_clean	/home/af/Documenti/a-phd/repro-results/gate-l1-normal-execution-20260919T152848Z/main/raw/c_malloc_rust_free_clean/annotated_icfg_v2.json	leak_alloc_state	unk	unk_unoriented	none	unresolved	cqpl_result_assessment_v1	assessment_scope:normal_execution;capability:typed_edge_flow_v1;cqpl_three_valued_model_check_v1	no directional supporting or refuting finding is certified beyond the uncertainty frontier;non-directional unresolved-contract candidates do not orient UNKNOWN toward true or false;directional assessment is restricted to typed normal edges; CQPL truth remains evaluated on the complete transition relation including unwind edges	results/c_malloc_rust_free_clean/leak_alloc_state.explain.json	ABSTRACT_TOP_STATE;MAY_ALLOCATION;MAY_DEALLOCATION;QUERY_THREE_VALUED_PROPAGATION	1	0			0		
corpus	c_malloc_rust_free_then_use_uaf	/home/af/Documenti/a-phd/repro-results/gate-l1-normal-execution-20260919T152848Z/main/raw/c_malloc_rust_free_then_use_uaf/annotated_icfg_v2.json	leak_alloc	unk	unk_unoriented	none	unresolved	cqpl_result_assessment_v1	cqpl_three_valued_model_check_v1	no directional supporting or refuting finding is certified beyond the uncertainty frontier;non-directional unresolved-contract candidates do not orient UNKNOWN toward true or false	results/c_malloc_rust_free_then_use_uaf/leak_alloc.explain.json	MAY_ALLOCATION;QUERY_THREE_VALUED_PROPAGATION	1	0			0		
corpus	c_malloc_rust_free_then_use_uaf	/home/af/Documenti/a-phd/repro-results/gate-l1-normal-execution-20260919T152848Z/main/raw/c_malloc_rust_free_then_use_uaf/annotated_icfg_v2.json	leak_alloc_state	unk	unk_unoriented	none	unresolved	cqpl_result_assessment_v1	assessment_scope:normal_execution;capability:typed_edge_flow_v1;cqpl_three_valued_model_check_v1	no directional supporting or refuting finding is certified beyond the uncertainty frontier;non-directional unresolved-contract candidates do not orient UNKNOWN toward true or false;directional assessment is restricted to typed normal edges; CQPL truth remains evaluated on the complete transition relation including unwind edges	results/c_malloc_rust_free_then_use_uaf/leak_alloc_state.explain.json	ABSTRACT_TOP_STATE;MAY_ALLOCATION;MAY_DEALLOCATION;QUERY_THREE_VALUED_PROPAGATION	1	0			0		
corpus	c_malloc_rust_free_then_use_uaf	/home/af/Documenti/a-phd/repro-results/gate-l1-normal-execution-20260919T152848Z/main/raw/c_malloc_rust_free_then_use_uaf/annotated_icfg_v2.json	use_after_free_alloc	unk	unk_true	true	observational_candidate	cqpl_result_assessment_v1	contract_basis:structural_c_free_v1;cqpl_three_valued_model_check_v1;evidence:allocation_state_includes_allocated;evidence:may_deallocation_observed;evidence:may_use_observed;evidence:no_reallocation_between_events;evidence:ordered_drop_before_use;finding:drop_then_use_without_reallocation;finding_strength:observational_candidate	positive supporting evidence does not promote UNKNOWN to true;MAY evidence is never promoted to MUST	results/c_malloc_rust_free_then_use_uaf/use_after_free_alloc.explain.json	MAY_ALLOCATION;MAY_DEALLOCATION;MAY_USE;PATH_JOIN;QUERY_THREE_VALUED_PROPAGATION	1	1	drop_then_use_without_reallocation	observational_candidate	0		
corpus	c_malloc_rust_free_then_use_uaf	/home/af/Documenti/a-phd/repro-results/gate-l1-normal-execution-20260919T152848Z/main/raw/c_malloc_rust_free_then_use_uaf/annotated_icfg_v2.json	use_after_free_alloc_state	unk	unk_true	true	observational_candidate	cqpl_result_assessment_v1	contract_basis:structural_c_free_v1;cqpl_three_valued_model_check_v1;evidence:allocation_state_includes_allocated;evidence:may_deallocation_observed;evidence:may_use_observed;evidence:no_reallocation_between_events;evidence:ordered_drop_before_use;finding:drop_then_use_without_reallocation;finding_strength:observational_candidate	positive supporting evidence does not promote UNKNOWN to true;MAY evidence is never promoted to MUST	results/c_malloc_rust_free_then_use_uaf/use_after_free_alloc_state.explain.json	ABSTRACT_TOP_STATE;MAY_ALLOCATION;MAY_DEALLOCATION;MAY_USE;PATH_JOIN;QUERY_THREE_VALUED_PROPAGATION	1	1	drop_then_use_without_reallocation	observational_candidate	0		
corpus	c_malloc_rust_std_dealloc_ub	/home/af/Documenti/a-phd/repro-results/gate-l1-normal-execution-20260919T152848Z/main/raw/c_malloc_rust_std_dealloc_ub/annotated_icfg_v2.json	allocator_mismatch_ub	unk	unk_true	true	strong_abstract_evidence	cqpl_result_assessment_v1	contract_basis:rust_global_dealloc_api;cqpl_three_valued_model_check_v1;evidence:allocation_state_includes_allocated;evidence:allocator_families_differ;evidence:known_allocator_family;evidence:known_deallocator_family;evidence:may_deallocation_observed;evidence:producer_certified_deallocator_contract;finding:allocator_family_mismatch;finding_strength:strong_abstract_evidence	positive supporting evidence does not promote UNKNOWN to true;MAY evidence is never promoted to MUST	results/c_malloc_rust_std_dealloc_ub/allocator_mismatch_ub.explain.json	MAY_ALLOCATION;MAY_DEALLOCATION;PATH_JOIN;QUERY_THREE_VALUED_PROPAGATION	1	1	allocator_family_mismatch	strong_abstract_evidence	0		
corpus	c_malloc_rust_std_dealloc_ub	/home/af/Documenti/a-phd/repro-results/gate-l1-normal-execution-20260919T152848Z/main/raw/c_malloc_rust_std_dealloc_ub/annotated_icfg_v2.json	allocator_mismatch_ub_v2	unk	unk_true	true	strong_abstract_evidence	cqpl_result_assessment_v1	contract_basis:rust_global_dealloc_api;cqpl_three_valued_model_check_v1;evidence:allocation_state_includes_allocated;evidence:allocator_families_differ;evidence:known_allocator_family;evidence:known_deallocator_family;evidence:may_deallocation_observed;evidence:producer_certified_deallocator_contract;finding:allocator_family_mismatch;finding_strength:strong_abstract_evidence	positive supporting evidence does not promote UNKNOWN to true;MAY evidence is never promoted to MUST	results/c_malloc_rust_std_dealloc_ub/allocator_mismatch_ub_v2.explain.json	MAY_ALLOCATION;MAY_DEALLOCATION;PATH_JOIN;QUERY_THREE_VALUED_PROPAGATION	1	1	allocator_family_mismatch	strong_abstract_evidence	0		
corpus	c_malloc_rust_std_dealloc_ub	/home/af/Documenti/a-phd/repro-results/gate-l1-normal-execution-20260919T152848Z/main/raw/c_malloc_rust_std_dealloc_ub/annotated_icfg_v2.json	leak_alloc	unk	unk_unoriented	none	unresolved	cqpl_result_assessment_v1	cqpl_three_valued_model_check_v1	no directional supporting or refuting finding is certified beyond the uncertainty frontier;non-directional unresolved-contract candidates do not orient UNKNOWN toward true or false	results/c_malloc_rust_std_dealloc_ub/leak_alloc.explain.json	MAY_ALLOCATION;QUERY_THREE_VALUED_PROPAGATION	1	0			0		
corpus	c_malloc_rust_std_dealloc_ub	/home/af/Documenti/a-phd/repro-results/gate-l1-normal-execution-20260919T152848Z/main/raw/c_malloc_rust_std_dealloc_ub/annotated_icfg_v2.json	leak_alloc_state	unk	unk_unoriented	none	unresolved	cqpl_result_assessment_v1	assessment_scope:normal_execution;capability:typed_edge_flow_v1;cqpl_three_valued_model_check_v1	no directional supporting or refuting finding is certified beyond the uncertainty frontier;non-directional unresolved-contract candidates do not orient UNKNOWN toward true or false;directional assessment is restricted to typed normal edges; CQPL truth remains evaluated on the complete transition relation including unwind edges	results/c_malloc_rust_std_dealloc_ub/leak_alloc_state.explain.json	ABSTRACT_TOP_STATE;MAY_ALLOCATION;MAY_DEALLOCATION;QUERY_THREE_VALUED_PROPAGATION	1	0			0		
corpus	c_malloc_rust_string_from_raw_parts_ub	/home/af/Documenti/a-phd/repro-results/gate-l1-normal-execution-20260919T152848Z/main/raw/c_malloc_rust_string_from_raw_parts_ub/annotated_icfg_v2.json	allocator_mismatch_ub	unk	unk_unoriented	none	unresolved	cqpl_result_assessment_v1	contract_basis:unresolved;cqpl_three_valued_model_check_v1;evidence:allocation_state_includes_allocated;evidence:deallocator_family_unresolved;evidence:known_allocator_family;evidence:may_deallocation_observed;finding:unresolved_allocator_contract_candidate;finding_strength:observational_candidate	no directional supporting or refuting finding is certified beyond the uncertainty frontier;non-directional unresolved-contract candidates do not orient UNKNOWN toward true or false	results/c_malloc_rust_string_from_raw_parts_ub/allocator_mismatch_ub.explain.json	MAY_ALLOCATION;MAY_DEALLOCATION;PATH_JOIN;QUERY_THREE_VALUED_PROPAGATION;UNRESOLVED_CONTRACT	1	2	unresolved_allocator_contract_candidate	observational_candidate	0		
corpus	c_malloc_rust_string_from_raw_parts_ub	/home/af/Documenti/a-phd/repro-results/gate-l1-normal-execution-20260919T152848Z/main/raw/c_malloc_rust_string_from_raw_parts_ub/annotated_icfg_v2.json	allocator_mismatch_ub_v2	unk	unk_unoriented	none	unresolved	cqpl_result_assessment_v1	contract_basis:unresolved;cqpl_three_valued_model_check_v1;evidence:allocation_state_includes_allocated;evidence:deallocator_family_unresolved;evidence:known_allocator_family;evidence:may_deallocation_observed;finding:unresolved_allocator_contract_candidate;finding_strength:observational_candidate	no directional supporting or refuting finding is certified beyond the uncertainty frontier;non-directional unresolved-contract candidates do not orient UNKNOWN toward true or false	results/c_malloc_rust_string_from_raw_parts_ub/allocator_mismatch_ub_v2.explain.json	MAY_ALLOCATION;MAY_DEALLOCATION;PATH_JOIN;QUERY_THREE_VALUED_PROPAGATION;UNRESOLVED_CONTRACT	1	2	unresolved_allocator_contract_candidate	observational_candidate	0		
corpus	c_malloc_rust_string_from_raw_parts_ub	/home/af/Documenti/a-phd/repro-results/gate-l1-normal-execution-20260919T152848Z/main/raw/c_malloc_rust_string_from_raw_parts_ub/annotated_icfg_v2.json	leak_alloc	unk	unk_unoriented	none	unresolved	cqpl_result_assessment_v1	cqpl_three_valued_model_check_v1	no directional supporting or refuting finding is certified beyond the uncertainty frontier;non-directional unresolved-contract candidates do not orient UNKNOWN toward true or false	results/c_malloc_rust_string_from_raw_parts_ub/leak_alloc.explain.json	MAY_ALLOCATION;QUERY_THREE_VALUED_PROPAGATION	1	0			0		
corpus	c_malloc_rust_string_from_raw_parts_ub	/home/af/Documenti/a-phd/repro-results/gate-l1-normal-execution-20260919T152848Z/main/raw/c_malloc_rust_string_from_raw_parts_ub/annotated_icfg_v2.json	leak_alloc_state	unk	unk_unoriented	none	unresolved	cqpl_result_assessment_v1	assessment_scope:normal_execution;capability:typed_edge_flow_v1;cqpl_three_valued_model_check_v1	no directional supporting or refuting finding is certified beyond the uncertainty frontier;non-directional unresolved-contract candidates do not orient UNKNOWN toward true or false;directional assessment is restricted to typed normal edges; CQPL truth remains evaluated on the complete transition relation including unwind edges	results/c_malloc_rust_string_from_raw_parts_ub/leak_alloc_state.explain.json	ABSTRACT_TOP_STATE;MAY_ALLOCATION;MAY_DEALLOCATION;QUERY_THREE_VALUED_PROPAGATION	1	0			0		
corpus	c_malloc_rust_string_from_raw_parts_ub	/home/af/Documenti/a-phd/repro-results/gate-l1-normal-execution-20260919T152848Z/main/raw/c_malloc_rust_string_from_raw_parts_ub/annotated_icfg_v2.json	mir_structural_allocator_example	unk	unk_unoriented	none	unresolved	cqpl_result_assessment_v1	contract_basis:unresolved;cqpl_three_valued_model_check_v1;evidence:allocation_state_includes_allocated;evidence:deallocator_family_unresolved;evidence:known_allocator_family;evidence:may_deallocation_observed;finding:unresolved_allocator_contract_candidate;finding_strength:observational_candidate	no directional supporting or refuting finding is certified beyond the uncertainty frontier;non-directional unresolved-contract candidates do not orient UNKNOWN toward true or false	results/c_malloc_rust_string_from_raw_parts_ub/mir_structural_allocator_example.explain.json	MAY_DEALLOCATION;PATH_JOIN;QUERY_THREE_VALUED_PROPAGATION;UNRESOLVED_CONTRACT	1	2	unresolved_allocator_contract_candidate	observational_candidate	0		
corpus	c_malloc_rust_vec_from_raw_parts_ub	/home/af/Documenti/a-phd/repro-results/gate-l1-normal-execution-20260919T152848Z/main/raw/c_malloc_rust_vec_from_raw_parts_ub/annotated_icfg_v2.json	allocator_mismatch_ub	unk	unk_true	true	strong_abstract_evidence	cqpl_result_assessment_v1	contract_basis:rust_vec_global_drop;cqpl_three_valued_model_check_v1;evidence:allocation_state_includes_allocated;evidence:allocator_families_differ;evidence:known_allocator_family;evidence:known_deallocator_family;evidence:may_deallocation_observed;evidence:producer_certified_deallocator_contract;finding:allocator_family_mismatch;finding_strength:strong_abstract_evidence	positive supporting evidence does not promote UNKNOWN to true;MAY evidence is never promoted to MUST	results/c_malloc_rust_vec_from_raw_parts_ub/allocator_mismatch_ub.explain.json	MAY_ALLOCATION;MAY_DEALLOCATION;PATH_JOIN;QUERY_THREE_VALUED_PROPAGATION	1	2	allocator_family_mismatch	strong_abstract_evidence	0		
corpus	c_malloc_rust_vec_from_raw_parts_ub	/home/af/Documenti/a-phd/repro-results/gate-l1-normal-execution-20260919T152848Z/main/raw/c_malloc_rust_vec_from_raw_parts_ub/annotated_icfg_v2.json	allocator_mismatch_ub_v2	unk	unk_true	true	strong_abstract_evidence	cqpl_result_assessment_v1	contract_basis:rust_vec_global_drop;cqpl_three_valued_model_check_v1;evidence:allocation_state_includes_allocated;evidence:allocator_families_differ;evidence:known_allocator_family;evidence:known_deallocator_family;evidence:may_deallocation_observed;evidence:producer_certified_deallocator_contract;finding:allocator_family_mismatch;finding_strength:strong_abstract_evidence	positive supporting evidence does not promote UNKNOWN to true;MAY evidence is never promoted to MUST	results/c_malloc_rust_vec_from_raw_parts_ub/allocator_mismatch_ub_v2.explain.json	MAY_ALLOCATION;MAY_DEALLOCATION;PATH_JOIN;QUERY_THREE_VALUED_PROPAGATION	1	2	allocator_family_mismatch	strong_abstract_evidence	0		
corpus	c_malloc_rust_vec_from_raw_parts_ub	/home/af/Documenti/a-phd/repro-results/gate-l1-normal-execution-20260919T152848Z/main/raw/c_malloc_rust_vec_from_raw_parts_ub/annotated_icfg_v2.json	leak_alloc	unk	unk_unoriented	none	unresolved	cqpl_result_assessment_v1	cqpl_three_valued_model_check_v1	no directional supporting or refuting finding is certified beyond the uncertainty frontier;non-directional unresolved-contract candidates do not orient UNKNOWN toward true or false	results/c_malloc_rust_vec_from_raw_parts_ub/leak_alloc.explain.json	MAY_ALLOCATION;QUERY_THREE_VALUED_PROPAGATION	1	0			0		
corpus	c_malloc_rust_vec_from_raw_parts_ub	/home/af/Documenti/a-phd/repro-results/gate-l1-normal-execution-20260919T152848Z/main/raw/c_malloc_rust_vec_from_raw_parts_ub/annotated_icfg_v2.json	leak_alloc_state	unk	unk_unoriented	none	unresolved	cqpl_result_assessment_v1	assessment_scope:normal_execution;capability:typed_edge_flow_v1;cqpl_three_valued_model_check_v1	no directional supporting or refuting finding is certified beyond the uncertainty frontier;non-directional unresolved-contract candidates do not orient UNKNOWN toward true or false;directional assessment is restricted to typed normal edges; CQPL truth remains evaluated on the complete transition relation including unwind edges	results/c_malloc_rust_vec_from_raw_parts_ub/leak_alloc_state.explain.json	ABSTRACT_TOP_STATE;MAY_ALLOCATION;MAY_DEALLOCATION;QUERY_THREE_VALUED_PROPAGATION	1	0			0		
corpus	c_malloc_rust_vec_from_raw_parts_ub	/home/af/Documenti/a-phd/repro-results/gate-l1-normal-execution-20260919T152848Z/main/raw/c_malloc_rust_vec_from_raw_parts_ub/annotated_icfg_v2.json	mir_structural_allocator_example	unk	unk_true	true	strong_abstract_evidence	cqpl_result_assessment_v1	contract_basis:rust_vec_global_drop;cqpl_three_valued_model_check_v1;evidence:allocation_state_includes_allocated;evidence:allocator_families_differ;evidence:known_allocator_family;evidence:known_deallocator_family;evidence:may_deallocation_observed;evidence:producer_certified_deallocator_contract;finding:allocator_family_mismatch;finding_strength:strong_abstract_evidence	positive supporting evidence does not promote UNKNOWN to true;MAY evidence is never promoted to MUST	results/c_malloc_rust_vec_from_raw_parts_ub/mir_structural_allocator_example.explain.json	MAY_DEALLOCATION;PATH_JOIN;QUERY_THREE_VALUED_PROPAGATION	1	2	allocator_family_mismatch	strong_abstract_evidence	0		
corpus	concurrent-verification	/home/af/Documenti/a-phd/repro-results/gate-l1-normal-execution-20260919T152848Z/main/raw/concurrent-verification/annotated_icfg_v2.json	leak_alloc	unk	unk_true	true	observational_candidate	cqpl_result_assessment_v1	cqpl_three_valued_model_check_v1;disposition_basis:rustc_box_into_raw_v1;evidence:no_modeled_discharge_on_witness_path;evidence:normal_return_reachable;evidence:producer_certified_box_into_raw;finding:normal_return_open_manual_obligation;finding_strength:observational_candidate	positive supporting evidence does not promote UNKNOWN to true;MAY evidence is never promoted to MUST	results/concurrent-verification/leak_alloc.explain.json	ABSTRACT_COMPONENT_MERGE;MAY_ALLOCATION;PATH_JOIN;QUERY_THREE_VALUED_PROPAGATION	4	4	normal_return_open_manual_obligation	observational_candidate	0		
corpus	concurrent-verification	/home/af/Documenti/a-phd/repro-results/gate-l1-normal-execution-20260919T152848Z/main/raw/concurrent-verification/annotated_icfg_v2.json	leak_alloc_state	unk	unk_true	true	observational_candidate	cqpl_result_assessment_v1	assessment_scope:normal_execution;capability:typed_edge_flow_v1;cqpl_three_valued_model_check_v1;disposition_basis:rustc_box_into_raw_v1;evidence:no_modeled_discharge_on_witness_path;evidence:normal_return_reachable;evidence:producer_certified_box_into_raw;finding:normal_return_open_manual_obligation;finding_strength:observational_candidate	positive supporting evidence does not promote UNKNOWN to true;MAY evidence is never promoted to MUST;directional assessment is restricted to typed normal edges; CQPL truth remains evaluated on the complete transition relation including unwind edges	results/concurrent-verification/leak_alloc_state.explain.json	ABSTRACT_COMPONENT_MERGE;ABSTRACT_TOP_STATE;MAY_ALLOCATION;PATH_JOIN;QUERY_THREE_VALUED_PROPAGATION	4	4	normal_return_open_manual_obligation	observational_candidate	0		
corpus	cstr_cargo_df_ffi	/home/af/Documenti/a-phd/repro-results/gate-l1-normal-execution-20260919T152848Z/main/raw/cstr_cargo_df_ffi/annotated_icfg_v2.json	allocator_mismatch_ub	unk	unk_true	true	strong_abstract_evidence	cqpl_result_assessment_v1	contract_basis:structural_c_free_v1;cqpl_three_valued_model_check_v1;disposition_basis:rustc_cstring_into_raw_v1;evidence:allocation_state_includes_allocated;evidence:allocator_families_differ;evidence:known_allocator_family;evidence:known_deallocator_family;evidence:may_deallocation_observed;evidence:producer_certified_c_string_into_raw;evidence:producer_certified_deallocator_contract;finding:allocator_family_mismatch;finding_strength:strong_abstract_evidence	positive supporting evidence does not promote UNKNOWN to true;MAY evidence is never promoted to MUST	results/cstr_cargo_df_ffi/allocator_mismatch_ub.explain.json	MAY_ALLOCATION;MAY_DEALLOCATION;PATH_JOIN;QUERY_THREE_VALUED_PROPAGATION	1	1	allocator_family_mismatch	strong_abstract_evidence	0		
corpus	cstr_cargo_df_ffi	/home/af/Documenti/a-phd/repro-results/gate-l1-normal-execution-20260919T152848Z/main/raw/cstr_cargo_df_ffi/annotated_icfg_v2.json	allocator_mismatch_ub_v2	unk	unk_true	true	strong_abstract_evidence	cqpl_result_assessment_v1	contract_basis:structural_c_free_v1;cqpl_three_valued_model_check_v1;disposition_basis:rustc_cstring_into_raw_v1;evidence:allocation_state_includes_allocated;evidence:allocator_families_differ;evidence:known_allocator_family;evidence:known_deallocator_family;evidence:may_deallocation_observed;evidence:producer_certified_c_string_into_raw;evidence:producer_certified_deallocator_contract;finding:allocator_family_mismatch;finding_strength:strong_abstract_evidence	positive supporting evidence does not promote UNKNOWN to true;MAY evidence is never promoted to MUST	results/cstr_cargo_df_ffi/allocator_mismatch_ub_v2.explain.json	MAY_ALLOCATION;MAY_DEALLOCATION;PATH_JOIN;QUERY_THREE_VALUED_PROPAGATION	1	1	allocator_family_mismatch	strong_abstract_evidence	0		
corpus	cstr_cargo_df_ffi	/home/af/Documenti/a-phd/repro-results/gate-l1-normal-execution-20260919T152848Z/main/raw/cstr_cargo_df_ffi/annotated_icfg_v2.json	double_free_alloc	unk	unk_true	true	observational_candidate	cqpl_result_assessment_v1	contract_basis:rust_cstring_global_drop;contract_basis:structural_c_free_v1;cqpl_three_valued_model_check_v1;disposition_basis:rustc_cstring_from_raw_v1;disposition_basis:rustc_cstring_into_raw_v1;evidence:allocation_state_includes_allocated;evidence:may_deallocation_observed;evidence:no_reallocation_between_events;evidence:producer_certified_c_string_from_raw;evidence:producer_certified_c_string_into_raw;evidence:two_ordered_drops_observed;finding:repeated_drop_without_reallocation;finding_strength:observational_candidate	positive supporting evidence does not promote UNKNOWN to true;MAY evidence is never promoted to MUST	results/cstr_cargo_df_ffi/double_free_alloc.explain.json	MAY_ALLOCATION;MAY_DEALLOCATION;PATH_JOIN;QUERY_THREE_VALUED_PROPAGATION	1	1	repeated_drop_without_reallocation	observational_candidate	0		
corpus	cstr_cargo_df_ffi	/home/af/Documenti/a-phd/repro-results/gate-l1-normal-execution-20260919T152848Z/main/raw/cstr_cargo_df_ffi/annotated_icfg_v2.json	double_free_alloc_state	unk	unk_true	true	observational_candidate	cqpl_result_assessment_v1	contract_basis:rust_cstring_global_drop;contract_basis:structural_c_free_v1;cqpl_three_valued_model_check_v1;disposition_basis:rustc_cstring_from_raw_v1;disposition_basis:rustc_cstring_into_raw_v1;evidence:allocation_state_includes_allocated;evidence:may_deallocation_observed;evidence:no_reallocation_between_events;evidence:producer_certified_c_string_from_raw;evidence:producer_certified_c_string_into_raw;evidence:two_ordered_drops_observed;finding:repeated_drop_without_reallocation;finding_strength:observational_candidate	positive supporting evidence does not promote UNKNOWN to true;MAY evidence is never promoted to MUST	results/cstr_cargo_df_ffi/double_free_alloc_state.explain.json	MAY_ALLOCATION;MAY_DEALLOCATION;PATH_JOIN;QUERY_THREE_VALUED_PROPAGATION	1	1	repeated_drop_without_reallocation	observational_candidate	0		
corpus	cstr_cargo_df_ffi	/home/af/Documenti/a-phd/repro-results/gate-l1-normal-execution-20260919T152848Z/main/raw/cstr_cargo_df_ffi/annotated_icfg_v2.json	leak_alloc	unk	unk_unoriented	none	unresolved	cqpl_result_assessment_v1	cqpl_three_valued_model_check_v1	no directional supporting or refuting finding is certified beyond the uncertainty frontier;non-directional unresolved-contract candidates do not orient UNKNOWN toward true or false	results/cstr_cargo_df_ffi/leak_alloc.explain.json	MAY_ALLOCATION;QUERY_THREE_VALUED_PROPAGATION	1	0			0		
corpus	cstr_cargo_df_ffi	/home/af/Documenti/a-phd/repro-results/gate-l1-normal-execution-20260919T152848Z/main/raw/cstr_cargo_df_ffi/annotated_icfg_v2.json	leak_alloc_state	unk	unk_unoriented	none	unresolved	cqpl_result_assessment_v1	assessment_scope:normal_execution;capability:typed_edge_flow_v1;cqpl_three_valued_model_check_v1	no directional supporting or refuting finding is certified beyond the uncertainty frontier;non-directional unresolved-contract candidates do not orient UNKNOWN toward true or false;directional assessment is restricted to typed normal edges; CQPL truth remains evaluated on the complete transition relation including unwind edges	results/cstr_cargo_df_ffi/leak_alloc_state.explain.json	MAY_ALLOCATION;QUERY_THREE_VALUED_PROPAGATION	1	0			0		
corpus	cstr_cargo_df_ffi	/home/af/Documenti/a-phd/repro-results/gate-l1-normal-execution-20260919T152848Z/main/raw/cstr_cargo_df_ffi/annotated_icfg_v2.json	use_after_free_alloc	unk	unk_true	true	observational_candidate	cqpl_result_assessment_v1	contract_basis:structural_c_free_v1;cqpl_three_valued_model_check_v1;disposition_basis:rustc_cstring_from_raw_v1;disposition_basis:rustc_cstring_into_raw_v1;evidence:allocation_state_includes_allocated;evidence:may_deallocation_observed;evidence:may_use_observed;evidence:no_reallocation_between_events;evidence:ordered_drop_before_use;evidence:producer_certified_c_string_from_raw;evidence:producer_certified_c_string_into_raw;finding:drop_then_use_without_reallocation;finding_strength:observational_candidate	positive supporting evidence does not promote UNKNOWN to true;MAY evidence is never promoted to MUST	results/cstr_cargo_df_ffi/use_after_free_alloc.explain.json	MAY_ALLOCATION;MAY_DEALLOCATION;MAY_USE;PATH_JOIN;QUERY_THREE_VALUED_PROPAGATION	1	1	drop_then_use_without_reallocation	observational_candidate	0		
corpus	cstr_cargo_df_ffi	/home/af/Documenti/a-phd/repro-results/gate-l1-normal-execution-20260919T152848Z/main/raw/cstr_cargo_df_ffi/annotated_icfg_v2.json	use_after_free_alloc_state	unk	unk_true	true	observational_candidate	cqpl_result_assessment_v1	contract_basis:structural_c_free_v1;cqpl_three_valued_model_check_v1;disposition_basis:rustc_cstring_from_raw_v1;disposition_basis:rustc_cstring_into_raw_v1;evidence:allocation_state_includes_allocated;evidence:may_deallocation_observed;evidence:may_use_observed;evidence:no_reallocation_between_events;evidence:ordered_drop_before_use;evidence:producer_certified_c_string_from_raw;evidence:producer_certified_c_string_into_raw;finding:drop_then_use_without_reallocation;finding_strength:observational_candidate	positive supporting evidence does not promote UNKNOWN to true;MAY evidence is never promoted to MUST	results/cstr_cargo_df_ffi/use_after_free_alloc_state.explain.json	MAY_ALLOCATION;MAY_DEALLOCATION;MAY_USE;PATH_JOIN;QUERY_THREE_VALUED_PROPAGATION	1	1	drop_then_use_without_reallocation	observational_candidate	0		
corpus	cstr_expect_uaf_and_ub_ffi	/home/af/Documenti/a-phd/repro-results/gate-l1-normal-execution-20260919T152848Z/main/raw/cstr_expect_uaf_and_ub_ffi/annotated_icfg_v2.json	allocator_mismatch_ub	unk	unk_true	true	strong_abstract_evidence	cqpl_result_assessment_v1	contract_basis:structural_c_free_v1;cqpl_three_valued_model_check_v1;disposition_basis:rustc_cstring_into_raw_v1;evidence:allocation_state_includes_allocated;evidence:allocator_families_differ;evidence:known_allocator_family;evidence:known_deallocator_family;evidence:may_deallocation_observed;evidence:producer_certified_c_string_into_raw;evidence:producer_certified_deallocator_contract;finding:allocator_family_mismatch;finding_strength:strong_abstract_evidence	positive supporting evidence does not promote UNKNOWN to true;MAY evidence is never promoted to MUST	results/cstr_expect_uaf_and_ub_ffi/allocator_mismatch_ub.explain.json	MAY_ALLOCATION;MAY_DEALLOCATION;PATH_JOIN;QUERY_THREE_VALUED_PROPAGATION	1	1	allocator_family_mismatch	strong_abstract_evidence	0		
corpus	cstr_expect_uaf_and_ub_ffi	/home/af/Documenti/a-phd/repro-results/gate-l1-normal-execution-20260919T152848Z/main/raw/cstr_expect_uaf_and_ub_ffi/annotated_icfg_v2.json	allocator_mismatch_ub_v2	unk	unk_true	true	strong_abstract_evidence	cqpl_result_assessment_v1	contract_basis:structural_c_free_v1;cqpl_three_valued_model_check_v1;disposition_basis:rustc_cstring_into_raw_v1;evidence:allocation_state_includes_allocated;evidence:allocator_families_differ;evidence:known_allocator_family;evidence:known_deallocator_family;evidence:may_deallocation_observed;evidence:producer_certified_c_string_into_raw;evidence:producer_certified_deallocator_contract;finding:allocator_family_mismatch;finding_strength:strong_abstract_evidence	positive supporting evidence does not promote UNKNOWN to true;MAY evidence is never promoted to MUST	results/cstr_expect_uaf_and_ub_ffi/allocator_mismatch_ub_v2.explain.json	MAY_ALLOCATION;MAY_DEALLOCATION;PATH_JOIN;QUERY_THREE_VALUED_PROPAGATION	1	1	allocator_family_mismatch	strong_abstract_evidence	0		
corpus	cstr_expect_uaf_and_ub_ffi	/home/af/Documenti/a-phd/repro-results/gate-l1-normal-execution-20260919T152848Z/main/raw/cstr_expect_uaf_and_ub_ffi/annotated_icfg_v2.json	leak_alloc	unk	unk_unoriented	none	unresolved	cqpl_result_assessment_v1	cqpl_three_valued_model_check_v1	no directional supporting or refuting finding is certified beyond the uncertainty frontier;non-directional unresolved-contract candidates do not orient UNKNOWN toward true or false	results/cstr_expect_uaf_and_ub_ffi/leak_alloc.explain.json	MAY_ALLOCATION;QUERY_THREE_VALUED_PROPAGATION	1	0			0		
corpus	cstr_expect_uaf_and_ub_ffi	/home/af/Documenti/a-phd/repro-results/gate-l1-normal-execution-20260919T152848Z/main/raw/cstr_expect_uaf_and_ub_ffi/annotated_icfg_v2.json	leak_alloc_state	unk	unk_unoriented	none	unresolved	cqpl_result_assessment_v1	assessment_scope:normal_execution;capability:typed_edge_flow_v1;cqpl_three_valued_model_check_v1	no directional supporting or refuting finding is certified beyond the uncertainty frontier;non-directional unresolved-contract candidates do not orient UNKNOWN toward true or false;directional assessment is restricted to typed normal edges; CQPL truth remains evaluated on the complete transition relation including unwind edges	results/cstr_expect_uaf_and_ub_ffi/leak_alloc_state.explain.json	MAY_ALLOCATION;QUERY_THREE_VALUED_PROPAGATION	1	0			0		
corpus	cstr_expect_uaf_and_ub_ffi	/home/af/Documenti/a-phd/repro-results/gate-l1-normal-execution-20260919T152848Z/main/raw/cstr_expect_uaf_and_ub_ffi/annotated_icfg_v2.json	use_after_free_alloc	unk	unk_true	true	observational_candidate	cqpl_result_assessment_v1	contract_basis:structural_c_free_v1;cqpl_three_valued_model_check_v1;disposition_basis:rustc_cstring_into_raw_v1;evidence:allocation_state_includes_allocated;evidence:may_deallocation_observed;evidence:may_use_observed;evidence:no_reallocation_between_events;evidence:ordered_drop_before_use;evidence:producer_certified_c_string_into_raw;finding:drop_then_use_without_reallocation;finding_strength:observational_candidate	positive supporting evidence does not promote UNKNOWN to true;MAY evidence is never promoted to MUST	results/cstr_expect_uaf_and_ub_ffi/use_after_free_alloc.explain.json	MAY_ALLOCATION;MAY_DEALLOCATION;MAY_USE;PATH_JOIN;QUERY_THREE_VALUED_PROPAGATION	1	1	drop_then_use_without_reallocation	observational_candidate	0		
corpus	cstr_expect_uaf_and_ub_ffi	/home/af/Documenti/a-phd/repro-results/gate-l1-normal-execution-20260919T152848Z/main/raw/cstr_expect_uaf_and_ub_ffi/annotated_icfg_v2.json	use_after_free_alloc_state	unk	unk_true	true	observational_candidate	cqpl_result_assessment_v1	contract_basis:structural_c_free_v1;cqpl_three_valued_model_check_v1;disposition_basis:rustc_cstring_into_raw_v1;evidence:allocation_state_includes_allocated;evidence:may_deallocation_observed;evidence:may_use_observed;evidence:no_reallocation_between_events;evidence:ordered_drop_before_use;evidence:producer_certified_c_string_into_raw;finding:drop_then_use_without_reallocation;finding_strength:observational_candidate	positive supporting evidence does not promote UNKNOWN to true;MAY evidence is never promoted to MUST	results/cstr_expect_uaf_and_ub_ffi/use_after_free_alloc_state.explain.json	MAY_ALLOCATION;MAY_DEALLOCATION;MAY_USE;PATH_JOIN;QUERY_THREE_VALUED_PROPAGATION	1	1	drop_then_use_without_reallocation	observational_candidate	0		
corpus	cstringcargo_df_ffi	/home/af/Documenti/a-phd/repro-results/gate-l1-normal-execution-20260919T152848Z/main/raw/cstringcargo_df_ffi/annotated_icfg_v2.json	allocator_mismatch_ub	unk	unk_true	true	strong_abstract_evidence	cqpl_result_assessment_v1	contract_basis:structural_c_free_v1;cqpl_three_valued_model_check_v1;disposition_basis:rustc_cstring_into_raw_v1;evidence:allocation_state_includes_allocated;evidence:allocator_families_differ;evidence:known_allocator_family;evidence:known_deallocator_family;evidence:may_deallocation_observed;evidence:producer_certified_c_string_into_raw;evidence:producer_certified_deallocator_contract;finding:allocator_family_mismatch;finding_strength:strong_abstract_evidence	positive supporting evidence does not promote UNKNOWN to true;MAY evidence is never promoted to MUST	results/cstringcargo_df_ffi/allocator_mismatch_ub.explain.json	MAY_ALLOCATION;MAY_DEALLOCATION;PATH_JOIN;QUERY_THREE_VALUED_PROPAGATION	1	1	allocator_family_mismatch	strong_abstract_evidence	0		
corpus	cstringcargo_df_ffi	/home/af/Documenti/a-phd/repro-results/gate-l1-normal-execution-20260919T152848Z/main/raw/cstringcargo_df_ffi/annotated_icfg_v2.json	allocator_mismatch_ub_v2	unk	unk_true	true	strong_abstract_evidence	cqpl_result_assessment_v1	contract_basis:structural_c_free_v1;cqpl_three_valued_model_check_v1;disposition_basis:rustc_cstring_into_raw_v1;evidence:allocation_state_includes_allocated;evidence:allocator_families_differ;evidence:known_allocator_family;evidence:known_deallocator_family;evidence:may_deallocation_observed;evidence:producer_certified_c_string_into_raw;evidence:producer_certified_deallocator_contract;finding:allocator_family_mismatch;finding_strength:strong_abstract_evidence	positive supporting evidence does not promote UNKNOWN to true;MAY evidence is never promoted to MUST	results/cstringcargo_df_ffi/allocator_mismatch_ub_v2.explain.json	MAY_ALLOCATION;MAY_DEALLOCATION;PATH_JOIN;QUERY_THREE_VALUED_PROPAGATION	1	1	allocator_family_mismatch	strong_abstract_evidence	0		
corpus	cstringcargo_df_ffi	/home/af/Documenti/a-phd/repro-results/gate-l1-normal-execution-20260919T152848Z/main/raw/cstringcargo_df_ffi/annotated_icfg_v2.json	double_free_alloc	unk	unk_true	true	observational_candidate	cqpl_result_assessment_v1	contract_basis:rust_cstring_global_drop;contract_basis:structural_c_free_v1;cqpl_three_valued_model_check_v1;disposition_basis:rustc_cstring_from_raw_v1;disposition_basis:rustc_cstring_into_raw_v1;evidence:allocation_state_includes_allocated;evidence:may_deallocation_observed;evidence:no_reallocation_between_events;evidence:producer_certified_c_string_from_raw;evidence:producer_certified_c_string_into_raw;evidence:two_ordered_drops_observed;finding:repeated_drop_without_reallocation;finding_strength:observational_candidate	positive supporting evidence does not promote UNKNOWN to true;MAY evidence is never promoted to MUST	results/cstringcargo_df_ffi/double_free_alloc.explain.json	MAY_ALLOCATION;MAY_DEALLOCATION;PATH_JOIN;QUERY_THREE_VALUED_PROPAGATION	1	2	repeated_drop_without_reallocation	observational_candidate	0		
corpus	cstringcargo_df_ffi	/home/af/Documenti/a-phd/repro-results/gate-l1-normal-execution-20260919T152848Z/main/raw/cstringcargo_df_ffi/annotated_icfg_v2.json	double_free_alloc_state	unk	unk_true	true	observational_candidate	cqpl_result_assessment_v1	contract_basis:rust_cstring_global_drop;contract_basis:structural_c_free_v1;cqpl_three_valued_model_check_v1;disposition_basis:rustc_cstring_from_raw_v1;disposition_basis:rustc_cstring_into_raw_v1;evidence:allocation_state_includes_allocated;evidence:may_deallocation_observed;evidence:no_reallocation_between_events;evidence:producer_certified_c_string_from_raw;evidence:producer_certified_c_string_into_raw;evidence:two_ordered_drops_observed;finding:repeated_drop_without_reallocation;finding_strength:observational_candidate	positive supporting evidence does not promote UNKNOWN to true;MAY evidence is never promoted to MUST	results/cstringcargo_df_ffi/double_free_alloc_state.explain.json	MAY_ALLOCATION;MAY_DEALLOCATION;PATH_JOIN;QUERY_THREE_VALUED_PROPAGATION	1	2	repeated_drop_without_reallocation	observational_candidate	0		
corpus	cstringcargo_df_ffi	/home/af/Documenti/a-phd/repro-results/gate-l1-normal-execution-20260919T152848Z/main/raw/cstringcargo_df_ffi/annotated_icfg_v2.json	leak_alloc	unk	unk_unoriented	none	unresolved	cqpl_result_assessment_v1	cqpl_three_valued_model_check_v1	no directional supporting or refuting finding is certified beyond the uncertainty frontier;non-directional unresolved-contract candidates do not orient UNKNOWN toward true or false	results/cstringcargo_df_ffi/leak_alloc.explain.json	MAY_ALLOCATION;QUERY_THREE_VALUED_PROPAGATION	1	0			0		
corpus	cstringcargo_df_ffi	/home/af/Documenti/a-phd/repro-results/gate-l1-normal-execution-20260919T152848Z/main/raw/cstringcargo_df_ffi/annotated_icfg_v2.json	leak_alloc_state	unk	unk_unoriented	none	unresolved	cqpl_result_assessment_v1	assessment_scope:normal_execution;capability:typed_edge_flow_v1;cqpl_three_valued_model_check_v1	no directional supporting or refuting finding is certified beyond the uncertainty frontier;non-directional unresolved-contract candidates do not orient UNKNOWN toward true or false;directional assessment is restricted to typed normal edges; CQPL truth remains evaluated on the complete transition relation including unwind edges	results/cstringcargo_df_ffi/leak_alloc_state.explain.json	ABSTRACT_TOP_STATE;MAY_ALLOCATION;MAY_DEALLOCATION;QUERY_THREE_VALUED_PROPAGATION	1	0			0		
corpus	cstringcargo_df_ffi	/home/af/Documenti/a-phd/repro-results/gate-l1-normal-execution-20260919T152848Z/main/raw/cstringcargo_df_ffi/annotated_icfg_v2.json	use_after_free_alloc	unk	unk_true	true	observational_candidate	cqpl_result_assessment_v1	contract_basis:structural_c_free_v1;cqpl_three_valued_model_check_v1;disposition_basis:rustc_cstring_from_raw_v1;disposition_basis:rustc_cstring_into_raw_v1;evidence:allocation_state_includes_allocated;evidence:may_deallocation_observed;evidence:may_use_observed;evidence:no_reallocation_between_events;evidence:ordered_drop_before_use;evidence:producer_certified_c_string_from_raw;evidence:producer_certified_c_string_into_raw;finding:drop_then_use_without_reallocation;finding_strength:observational_candidate	positive supporting evidence does not promote UNKNOWN to true;MAY evidence is never promoted to MUST	results/cstringcargo_df_ffi/use_after_free_alloc.explain.json	MAY_ALLOCATION;MAY_DEALLOCATION;MAY_USE;PATH_JOIN;QUERY_THREE_VALUED_PROPAGATION	1	1	drop_then_use_without_reallocation	observational_candidate	0		
corpus	cstringcargo_df_ffi	/home/af/Documenti/a-phd/repro-results/gate-l1-normal-execution-20260919T152848Z/main/raw/cstringcargo_df_ffi/annotated_icfg_v2.json	use_after_free_alloc_state	unk	unk_true	true	observational_candidate	cqpl_result_assessment_v1	contract_basis:structural_c_free_v1;cqpl_three_valued_model_check_v1;disposition_basis:rustc_cstring_from_raw_v1;disposition_basis:rustc_cstring_into_raw_v1;evidence:allocation_state_includes_allocated;evidence:may_deallocation_observed;evidence:may_use_observed;evidence:no_reallocation_between_events;evidence:ordered_drop_before_use;evidence:producer_certified_c_string_from_raw;evidence:producer_certified_c_string_into_raw;finding:drop_then_use_without_reallocation;finding_strength:observational_candidate	positive supporting evidence does not promote UNKNOWN to true;MAY evidence is never promoted to MUST	results/cstringcargo_df_ffi/use_after_free_alloc_state.explain.json	MAY_ALLOCATION;MAY_DEALLOCATION;MAY_USE;PATH_JOIN;QUERY_THREE_VALUED_PROPAGATION	1	1	drop_then_use_without_reallocation	observational_candidate	0		
corpus	cstringcargo_enum_df_only_rust	/home/af/Documenti/a-phd/repro-results/gate-l1-normal-execution-20260919T152848Z/main/raw/cstringcargo_enum_df_only_rust/annotated_icfg_v2.json	allocator_mismatch_ub	unk	unk_unoriented	none	unresolved	cqpl_result_assessment_v1	contract_basis:unresolved;cqpl_three_valued_model_check_v1;evidence:allocation_state_includes_allocated;evidence:deallocator_family_unresolved;evidence:known_allocator_family;evidence:may_deallocation_observed;finding:unresolved_allocator_contract_candidate;finding_strength:observational_candidate	no directional supporting or refuting finding is certified beyond the uncertainty frontier;non-directional unresolved-contract candidates do not orient UNKNOWN toward true or false	results/cstringcargo_enum_df_only_rust/allocator_mismatch_ub.explain.json	MAY_ALLOCATION;MAY_DEALLOCATION;PATH_JOIN;QUERY_THREE_VALUED_PROPAGATION;UNRESOLVED_CONTRACT	1	1	unresolved_allocator_contract_candidate	observational_candidate	0		
corpus	cstringcargo_enum_df_only_rust	/home/af/Documenti/a-phd/repro-results/gate-l1-normal-execution-20260919T152848Z/main/raw/cstringcargo_enum_df_only_rust/annotated_icfg_v2.json	allocator_mismatch_ub_v2	unk	unk_unoriented	none	unresolved	cqpl_result_assessment_v1	contract_basis:unresolved;cqpl_three_valued_model_check_v1;evidence:allocation_state_includes_allocated;evidence:deallocator_family_unresolved;evidence:known_allocator_family;evidence:may_deallocation_observed;finding:unresolved_allocator_contract_candidate;finding_strength:observational_candidate	no directional supporting or refuting finding is certified beyond the uncertainty frontier;non-directional unresolved-contract candidates do not orient UNKNOWN toward true or false	results/cstringcargo_enum_df_only_rust/allocator_mismatch_ub_v2.explain.json	MAY_ALLOCATION;MAY_DEALLOCATION;PATH_JOIN;QUERY_THREE_VALUED_PROPAGATION;UNRESOLVED_CONTRACT	1	1	unresolved_allocator_contract_candidate	observational_candidate	0		
corpus	cstringcargo_enum_df_only_rust	/home/af/Documenti/a-phd/repro-results/gate-l1-normal-execution-20260919T152848Z/main/raw/cstringcargo_enum_df_only_rust/annotated_icfg_v2.json	double_free_alloc	unk	unk_true	true	observational_candidate	cqpl_result_assessment_v1	contract_basis:rust_cstring_global_drop;cqpl_three_valued_model_check_v1;disposition_basis:rustc_cstring_from_raw_v1;disposition_basis:rustc_cstring_into_raw_v1;evidence:allocation_state_includes_allocated;evidence:may_deallocation_observed;evidence:no_reallocation_between_events;evidence:producer_certified_c_string_from_raw;evidence:producer_certified_c_string_into_raw;evidence:two_ordered_drops_observed;finding:repeated_drop_without_reallocation;finding_strength:observational_candidate	positive supporting evidence does not promote UNKNOWN to true;MAY evidence is never promoted to MUST	results/cstringcargo_enum_df_only_rust/double_free_alloc.explain.json	MAY_ALLOCATION;MAY_DEALLOCATION;PATH_JOIN;QUERY_THREE_VALUED_PROPAGATION	1	1	repeated_drop_without_reallocation	observational_candidate	0		
corpus	cstringcargo_enum_df_only_rust	/home/af/Documenti/a-phd/repro-results/gate-l1-normal-execution-20260919T152848Z/main/raw/cstringcargo_enum_df_only_rust/annotated_icfg_v2.json	double_free_alloc_state	unk	unk_true	true	observational_candidate	cqpl_result_assessment_v1	contract_basis:rust_cstring_global_drop;cqpl_three_valued_model_check_v1;disposition_basis:rustc_cstring_from_raw_v1;disposition_basis:rustc_cstring_into_raw_v1;evidence:allocation_state_includes_allocated;evidence:may_deallocation_observed;evidence:no_reallocation_between_events;evidence:producer_certified_c_string_from_raw;evidence:producer_certified_c_string_into_raw;evidence:two_ordered_drops_observed;finding:repeated_drop_without_reallocation;finding_strength:observational_candidate	positive supporting evidence does not promote UNKNOWN to true;MAY evidence is never promoted to MUST	results/cstringcargo_enum_df_only_rust/double_free_alloc_state.explain.json	MAY_ALLOCATION;MAY_DEALLOCATION;PATH_JOIN;QUERY_THREE_VALUED_PROPAGATION	1	1	repeated_drop_without_reallocation	observational_candidate	0		
corpus	cstringcargo_enum_df_only_rust	/home/af/Documenti/a-phd/repro-results/gate-l1-normal-execution-20260919T152848Z/main/raw/cstringcargo_enum_df_only_rust/annotated_icfg_v2.json	leak_alloc	unk	unk_unoriented	none	unresolved	cqpl_result_assessment_v1	cqpl_three_valued_model_check_v1	no directional supporting or refuting finding is certified beyond the uncertainty frontier;non-directional unresolved-contract candidates do not orient UNKNOWN toward true or false	results/cstringcargo_enum_df_only_rust/leak_alloc.explain.json	MAY_ALLOCATION;PATH_JOIN;QUERY_THREE_VALUED_PROPAGATION	2	0			0		
corpus	cstringcargo_enum_df_only_rust	/home/af/Documenti/a-phd/repro-results/gate-l1-normal-execution-20260919T152848Z/main/raw/cstringcargo_enum_df_only_rust/annotated_icfg_v2.json	leak_alloc_state	unk	unk_unoriented	none	unresolved	cqpl_result_assessment_v1	assessment_scope:normal_execution;capability:typed_edge_flow_v1;cqpl_three_valued_model_check_v1	no directional supporting or refuting finding is certified beyond the uncertainty frontier;non-directional unresolved-contract candidates do not orient UNKNOWN toward true or false;directional assessment is restricted to typed normal edges; CQPL truth remains evaluated on the complete transition relation including unwind edges	results/cstringcargo_enum_df_only_rust/leak_alloc_state.explain.json	ABSTRACT_TOP_STATE;MAY_ALLOCATION;MAY_DEALLOCATION;QUERY_THREE_VALUED_PROPAGATION	2	0			0		
corpus	cstringcargo_enum_df_only_rust	/home/af/Documenti/a-phd/repro-results/gate-l1-normal-execution-20260919T152848Z/main/raw/cstringcargo_enum_df_only_rust/annotated_icfg_v2.json	mir_structural_allocator_example	unk	unk_unoriented	none	unresolved	cqpl_result_assessment_v1	contract_basis:unresolved;cqpl_three_valued_model_check_v1;evidence:allocation_state_includes_allocated;evidence:deallocator_family_unresolved;evidence:known_allocator_family;evidence:may_deallocation_observed;finding:unresolved_allocator_contract_candidate;finding_strength:observational_candidate	no directional supporting or refuting finding is certified beyond the uncertainty frontier;non-directional unresolved-contract candidates do not orient UNKNOWN toward true or false	results/cstringcargo_enum_df_only_rust/mir_structural_allocator_example.explain.json	MAY_DEALLOCATION;PATH_JOIN;QUERY_THREE_VALUED_PROPAGATION;UNRESOLVED_CONTRACT	1	1	unresolved_allocator_contract_candidate	observational_candidate	0		
corpus	cstringcargo_enum_df_only_rust	/home/af/Documenti/a-phd/repro-results/gate-l1-normal-execution-20260919T152848Z/main/raw/cstringcargo_enum_df_only_rust/annotated_icfg_v2.json	use_after_free_alloc	unk	unk_true	true	observational_candidate	cqpl_result_assessment_v1	contract_basis:rust_cstring_global_drop;cqpl_three_valued_model_check_v1;disposition_basis:rustc_cstring_from_raw_v1;disposition_basis:rustc_cstring_into_raw_v1;evidence:allocation_state_includes_allocated;evidence:may_deallocation_observed;evidence:may_use_observed;evidence:no_reallocation_between_events;evidence:ordered_drop_before_use;evidence:producer_certified_c_string_from_raw;evidence:producer_certified_c_string_into_raw;finding:drop_then_use_without_reallocation;finding_strength:observational_candidate	positive supporting evidence does not promote UNKNOWN to true;MAY evidence is never promoted to MUST	results/cstringcargo_enum_df_only_rust/use_after_free_alloc.explain.json	MAY_ALLOCATION;MAY_DEALLOCATION;MAY_USE;PATH_JOIN;QUERY_THREE_VALUED_PROPAGATION	1	1	drop_then_use_without_reallocation	observational_candidate	0		
corpus	cstringcargo_enum_df_only_rust	/home/af/Documenti/a-phd/repro-results/gate-l1-normal-execution-20260919T152848Z/main/raw/cstringcargo_enum_df_only_rust/annotated_icfg_v2.json	use_after_free_alloc_state	unk	unk_true	true	observational_candidate	cqpl_result_assessment_v1	contract_basis:rust_cstring_global_drop;cqpl_three_valued_model_check_v1;disposition_basis:rustc_cstring_from_raw_v1;disposition_basis:rustc_cstring_into_raw_v1;evidence:allocation_state_includes_allocated;evidence:may_deallocation_observed;evidence:may_use_observed;evidence:no_reallocation_between_events;evidence:ordered_drop_before_use;evidence:producer_certified_c_string_from_raw;evidence:producer_certified_c_string_into_raw;finding:drop_then_use_without_reallocation;finding_strength:observational_candidate	positive supporting evidence does not promote UNKNOWN to true;MAY evidence is never promoted to MUST	results/cstringcargo_enum_df_only_rust/use_after_free_alloc_state.explain.json	MAY_ALLOCATION;MAY_DEALLOCATION;MAY_USE;PATH_JOIN;QUERY_THREE_VALUED_PROPAGATION	1	1	drop_then_use_without_reallocation	observational_candidate	0		
corpus	cstring_df_only_rust	/home/af/Documenti/a-phd/repro-results/gate-l1-normal-execution-20260919T152848Z/main/raw/cstring_df_only_rust/annotated_icfg_v2.json	allocator_mismatch_ub	unk	unk_unoriented	none	unresolved	cqpl_result_assessment_v1	contract_basis:unresolved;cqpl_three_valued_model_check_v1;disposition_basis:rustc_cstring_into_raw_v1;evidence:allocation_state_includes_allocated;evidence:deallocator_family_unresolved;evidence:known_allocator_family;evidence:may_deallocation_observed;evidence:producer_certified_c_string_into_raw;finding:unresolved_allocator_contract_candidate;finding_strength:observational_candidate	no directional supporting or refuting finding is certified beyond the uncertainty frontier;non-directional unresolved-contract candidates do not orient UNKNOWN toward true or false	results/cstring_df_only_rust/allocator_mismatch_ub.explain.json	MAY_ALLOCATION;MAY_DEALLOCATION;QUERY_THREE_VALUED_PROPAGATION;UNRESOLVED_CONTRACT	1	1	unresolved_allocator_contract_candidate	observational_candidate	0		
corpus	cstring_df_only_rust	/home/af/Documenti/a-phd/repro-results/gate-l1-normal-execution-20260919T152848Z/main/raw/cstring_df_only_rust/annotated_icfg_v2.json	allocator_mismatch_ub_v2	unk	unk_unoriented	none	unresolved	cqpl_result_assessment_v1	contract_basis:unresolved;cqpl_three_valued_model_check_v1;disposition_basis:rustc_cstring_into_raw_v1;evidence:allocation_state_includes_allocated;evidence:deallocator_family_unresolved;evidence:known_allocator_family;evidence:may_deallocation_observed;evidence:producer_certified_c_string_into_raw;finding:unresolved_allocator_contract_candidate;finding_strength:observational_candidate	no directional supporting or refuting finding is certified beyond the uncertainty frontier;non-directional unresolved-contract candidates do not orient UNKNOWN toward true or false	results/cstring_df_only_rust/allocator_mismatch_ub_v2.explain.json	MAY_ALLOCATION;MAY_DEALLOCATION;QUERY_THREE_VALUED_PROPAGATION;UNRESOLVED_CONTRACT	1	1	unresolved_allocator_contract_candidate	observational_candidate	0		
corpus	cstring_df_only_rust	/home/af/Documenti/a-phd/repro-results/gate-l1-normal-execution-20260919T152848Z/main/raw/cstring_df_only_rust/annotated_icfg_v2.json	double_free_alloc	unk	unk_true	true	observational_candidate	cqpl_result_assessment_v1	contract_basis:rust_cstring_global_drop;contract_basis:unresolved;cqpl_three_valued_model_check_v1;disposition_basis:rustc_cstring_from_raw_v1;disposition_basis:rustc_cstring_into_raw_v1;evidence:allocation_state_includes_allocated;evidence:may_deallocation_observed;evidence:no_reallocation_between_events;evidence:producer_certified_c_string_from_raw;evidence:producer_certified_c_string_into_raw;evidence:two_ordered_drops_observed;finding:repeated_drop_without_reallocation;finding_strength:observational_candidate	positive supporting evidence does not promote UNKNOWN to true;MAY evidence is never promoted to MUST	results/cstring_df_only_rust/double_free_alloc.explain.json	MAY_ALLOCATION;MAY_DEALLOCATION;QUERY_THREE_VALUED_PROPAGATION;UNRESOLVED_CONTRACT	1	1	repeated_drop_without_reallocation	observational_candidate	0		
corpus	cstring_df_only_rust	/home/af/Documenti/a-phd/repro-results/gate-l1-normal-execution-20260919T152848Z/main/raw/cstring_df_only_rust/annotated_icfg_v2.json	double_free_alloc_state	unk	unk_true	true	observational_candidate	cqpl_result_assessment_v1	contract_basis:rust_cstring_global_drop;contract_basis:unresolved;cqpl_three_valued_model_check_v1;disposition_basis:rustc_cstring_from_raw_v1;disposition_basis:rustc_cstring_into_raw_v1;evidence:allocation_state_includes_allocated;evidence:may_deallocation_observed;evidence:no_reallocation_between_events;evidence:producer_certified_c_string_from_raw;evidence:producer_certified_c_string_into_raw;evidence:two_ordered_drops_observed;finding:repeated_drop_without_reallocation;finding_strength:observational_candidate	positive supporting evidence does not promote UNKNOWN to true;MAY evidence is never promoted to MUST	results/cstring_df_only_rust/double_free_alloc_state.explain.json	MAY_ALLOCATION;MAY_DEALLOCATION;QUERY_THREE_VALUED_PROPAGATION;UNRESOLVED_CONTRACT	1	1	repeated_drop_without_reallocation	observational_candidate	0		
corpus	cstring_df_only_rust	/home/af/Documenti/a-phd/repro-results/gate-l1-normal-execution-20260919T152848Z/main/raw/cstring_df_only_rust/annotated_icfg_v2.json	leak_alloc	unk	unk_unoriented	none	unresolved	cqpl_result_assessment_v1	cqpl_three_valued_model_check_v1	no directional supporting or refuting finding is certified beyond the uncertainty frontier;non-directional unresolved-contract candidates do not orient UNKNOWN toward true or false	results/cstring_df_only_rust/leak_alloc.explain.json	MAY_ALLOCATION;MAY_DEALLOCATION;QUERY_THREE_VALUED_PROPAGATION;UNRESOLVED_CONTRACT	1	0			0		
corpus	cstring_df_only_rust	/home/af/Documenti/a-phd/repro-results/gate-l1-normal-execution-20260919T152848Z/main/raw/cstring_df_only_rust/annotated_icfg_v2.json	leak_alloc_state	unk	unk_unoriented	none	unresolved	cqpl_result_assessment_v1	assessment_scope:normal_execution;capability:typed_edge_flow_v1;cqpl_three_valued_model_check_v1	no directional supporting or refuting finding is certified beyond the uncertainty frontier;non-directional unresolved-contract candidates do not orient UNKNOWN toward true or false;directional assessment is restricted to typed normal edges; CQPL truth remains evaluated on the complete transition relation including unwind edges	results/cstring_df_only_rust/leak_alloc_state.explain.json	ABSTRACT_TOP_STATE;MAY_ALLOCATION;MAY_DEALLOCATION;QUERY_THREE_VALUED_PROPAGATION	1	0			0		
corpus	cstring_df_only_rust	/home/af/Documenti/a-phd/repro-results/gate-l1-normal-execution-20260919T152848Z/main/raw/cstring_df_only_rust/annotated_icfg_v2.json	use_after_free_alloc	unk	unk_true	true	observational_candidate	cqpl_result_assessment_v1	contract_basis:unresolved;cqpl_three_valued_model_check_v1;disposition_basis:rustc_cstring_from_raw_v1;disposition_basis:rustc_cstring_into_raw_v1;evidence:allocation_state_includes_allocated;evidence:may_deallocation_observed;evidence:may_use_observed;evidence:no_reallocation_between_events;evidence:ordered_drop_before_use;evidence:producer_certified_c_string_from_raw;evidence:producer_certified_c_string_into_raw;finding:drop_then_use_without_reallocation;finding_strength:observational_candidate	positive supporting evidence does not promote UNKNOWN to true;MAY evidence is never promoted to MUST	results/cstring_df_only_rust/use_after_free_alloc.explain.json	MAY_ALLOCATION;MAY_DEALLOCATION;MAY_USE;QUERY_THREE_VALUED_PROPAGATION;UNRESOLVED_CONTRACT	1	1	drop_then_use_without_reallocation	observational_candidate	0		
corpus	cstring_df_only_rust	/home/af/Documenti/a-phd/repro-results/gate-l1-normal-execution-20260919T152848Z/main/raw/cstring_df_only_rust/annotated_icfg_v2.json	use_after_free_alloc_state	unk	unk_true	true	observational_candidate	cqpl_result_assessment_v1	contract_basis:unresolved;cqpl_three_valued_model_check_v1;disposition_basis:rustc_cstring_from_raw_v1;disposition_basis:rustc_cstring_into_raw_v1;evidence:allocation_state_includes_allocated;evidence:may_deallocation_observed;evidence:may_use_observed;evidence:no_reallocation_between_events;evidence:ordered_drop_before_use;evidence:producer_certified_c_string_from_raw;evidence:producer_certified_c_string_into_raw;finding:drop_then_use_without_reallocation;finding_strength:observational_candidate	positive supporting evidence does not promote UNKNOWN to true;MAY evidence is never promoted to MUST	results/cstring_df_only_rust/use_after_free_alloc_state.explain.json	MAY_ALLOCATION;MAY_DEALLOCATION;MAY_USE;QUERY_THREE_VALUED_PROPAGATION;UNRESOLVED_CONTRACT	1	1	drop_then_use_without_reallocation	observational_candidate	0		
corpus	df_rand_cargo_c_ffi	/home/af/Documenti/a-phd/repro-results/gate-l1-normal-execution-20260919T152848Z/main/raw/df_rand_cargo_c_ffi/annotated_icfg_v2.json	allocator_mismatch_ub	unk	unk_true	true	strong_abstract_evidence	cqpl_result_assessment_v1	contract_basis:structural_c_free_v1;cqpl_three_valued_model_check_v1;evidence:allocation_state_includes_allocated;evidence:allocator_families_differ;evidence:known_allocator_family;evidence:known_deallocator_family;evidence:may_deallocation_observed;evidence:producer_certified_deallocator_contract;finding:allocator_family_mismatch;finding_strength:strong_abstract_evidence	positive supporting evidence does not promote UNKNOWN to true;MAY evidence is never promoted to MUST	results/df_rand_cargo_c_ffi/allocator_mismatch_ub.explain.json	MAY_ALLOCATION;MAY_DEALLOCATION;PATH_JOIN;QUERY_THREE_VALUED_PROPAGATION	1	1	allocator_family_mismatch	strong_abstract_evidence	0		
corpus	df_rand_cargo_c_ffi	/home/af/Documenti/a-phd/repro-results/gate-l1-normal-execution-20260919T152848Z/main/raw/df_rand_cargo_c_ffi/annotated_icfg_v2.json	allocator_mismatch_ub_v2	unk	unk_true	true	strong_abstract_evidence	cqpl_result_assessment_v1	contract_basis:structural_c_free_v1;cqpl_three_valued_model_check_v1;evidence:allocation_state_includes_allocated;evidence:allocator_families_differ;evidence:known_allocator_family;evidence:known_deallocator_family;evidence:may_deallocation_observed;evidence:producer_certified_deallocator_contract;finding:allocator_family_mismatch;finding_strength:strong_abstract_evidence	positive supporting evidence does not promote UNKNOWN to true;MAY evidence is never promoted to MUST	results/df_rand_cargo_c_ffi/allocator_mismatch_ub_v2.explain.json	MAY_ALLOCATION;MAY_DEALLOCATION;PATH_JOIN;QUERY_THREE_VALUED_PROPAGATION	1	1	allocator_family_mismatch	strong_abstract_evidence	0		
corpus	df_rand_cargo_c_ffi	/home/af/Documenti/a-phd/repro-results/gate-l1-normal-execution-20260919T152848Z/main/raw/df_rand_cargo_c_ffi/annotated_icfg_v2.json	double_free_alloc	unk	unk_true	true	observational_candidate	cqpl_result_assessment_v1	contract_basis:rust_box_global_drop;contract_basis:structural_c_free_v1;cqpl_three_valued_model_check_v1;evidence:allocation_state_includes_allocated;evidence:may_deallocation_observed;evidence:no_reallocation_between_events;evidence:two_ordered_drops_observed;finding:repeated_drop_without_reallocation;finding_strength:observational_candidate	positive supporting evidence does not promote UNKNOWN to true;MAY evidence is never promoted to MUST	results/df_rand_cargo_c_ffi/double_free_alloc.explain.json	MAY_ALLOCATION;MAY_DEALLOCATION;PATH_JOIN;QUERY_THREE_VALUED_PROPAGATION	1	1	repeated_drop_without_reallocation	observational_candidate	0		
corpus	df_rand_cargo_c_ffi	/home/af/Documenti/a-phd/repro-results/gate-l1-normal-execution-20260919T152848Z/main/raw/df_rand_cargo_c_ffi/annotated_icfg_v2.json	double_free_alloc_state	unk	unk_true	true	observational_candidate	cqpl_result_assessment_v1	contract_basis:rust_box_global_drop;contract_basis:structural_c_free_v1;cqpl_three_valued_model_check_v1;evidence:allocation_state_includes_allocated;evidence:may_deallocation_observed;evidence:no_reallocation_between_events;evidence:two_ordered_drops_observed;finding:repeated_drop_without_reallocation;finding_strength:observational_candidate	positive supporting evidence does not promote UNKNOWN to true;MAY evidence is never promoted to MUST	results/df_rand_cargo_c_ffi/double_free_alloc_state.explain.json	MAY_ALLOCATION;MAY_DEALLOCATION;PATH_JOIN;QUERY_THREE_VALUED_PROPAGATION	1	1	repeated_drop_without_reallocation	observational_candidate	0		
corpus	df_rand_cargo_c_ffi	/home/af/Documenti/a-phd/repro-results/gate-l1-normal-execution-20260919T152848Z/main/raw/df_rand_cargo_c_ffi/annotated_icfg_v2.json	leak_alloc	unk	unk_true	true	observational_candidate	cqpl_result_assessment_v1	cqpl_three_valued_model_check_v1;disposition_basis:rustc_box_into_raw_v1;evidence:no_modeled_discharge_on_witness_path;evidence:normal_return_reachable;evidence:producer_certified_box_into_raw;external_effect_basis:structural_c_free_v1;external_effect_corroborating_basis:llvm16_tli_direct_callee_allockind_deallocation_v1;ffi_identity_basis:crema_bmulti_actual_formal_identity_v1;finding:normal_return_open_manual_obligation;finding_strength:observational_candidate;formal_mapping_basis:svf_formal_arg_index_v1	positive supporting evidence does not promote UNKNOWN to true;MAY evidence is never promoted to MUST	results/df_rand_cargo_c_ffi/leak_alloc.explain.json	MAY_ALLOCATION;QUERY_THREE_VALUED_PROPAGATION	1	1	normal_return_open_manual_obligation	observational_candidate	0		
corpus	df_rand_cargo_c_ffi	/home/af/Documenti/a-phd/repro-results/gate-l1-normal-execution-20260919T152848Z/main/raw/df_rand_cargo_c_ffi/annotated_icfg_v2.json	leak_alloc_state	unk	unk_true	true	observational_candidate	cqpl_result_assessment_v1	assessment_scope:normal_execution;capability:typed_edge_flow_v1;cqpl_three_valued_model_check_v1;disposition_basis:rustc_box_into_raw_v1;evidence:no_modeled_discharge_on_witness_path;evidence:normal_return_reachable;evidence:producer_certified_box_into_raw;external_effect_basis:structural_c_free_v1;external_effect_corroborating_basis:llvm16_tli_direct_callee_allockind_deallocation_v1;ffi_identity_basis:crema_bmulti_actual_formal_identity_v1;finding:normal_return_open_manual_obligation;finding_strength:observational_candidate;formal_mapping_basis:svf_formal_arg_index_v1	positive supporting evidence does not promote UNKNOWN to true;MAY evidence is never promoted to MUST;directional assessment is restricted to typed normal edges; CQPL truth remains evaluated on the complete transition relation including unwind edges	results/df_rand_cargo_c_ffi/leak_alloc_state.explain.json	ABSTRACT_TOP_STATE;MAY_ALLOCATION;MAY_DEALLOCATION;QUERY_THREE_VALUED_PROPAGATION	1	1	normal_return_open_manual_obligation	observational_candidate	0		
corpus	drop_raw_ptr_no_free	/home/af/Documenti/a-phd/repro-results/gate-l1-normal-execution-20260919T152848Z/main/raw/drop_raw_ptr_no_free/annotated_icfg_v2.json	leak_alloc	unk	unk_true	true	observational_candidate	cqpl_result_assessment_v1	cqpl_three_valued_model_check_v1;disposition_basis:rustc_box_into_raw_v1;evidence:no_modeled_discharge_on_witness_path;evidence:normal_return_reachable;evidence:producer_certified_box_into_raw;finding:normal_return_open_manual_obligation;finding_strength:observational_candidate	positive supporting evidence does not promote UNKNOWN to true;MAY evidence is never promoted to MUST	results/drop_raw_ptr_no_free/leak_alloc.explain.json	MAY_ALLOCATION;QUERY_THREE_VALUED_PROPAGATION	1	1	normal_return_open_manual_obligation	observational_candidate	0		
corpus	drop_raw_ptr_no_free	/home/af/Documenti/a-phd/repro-results/gate-l1-normal-execution-20260919T152848Z/main/raw/drop_raw_ptr_no_free/annotated_icfg_v2.json	leak_alloc_state	unk	unk_true	true	observational_candidate	cqpl_result_assessment_v1	assessment_scope:normal_execution;capability:typed_edge_flow_v1;cqpl_three_valued_model_check_v1;disposition_basis:rustc_box_into_raw_v1;evidence:no_modeled_discharge_on_witness_path;evidence:normal_return_reachable;evidence:producer_certified_box_into_raw;finding:normal_return_open_manual_obligation;finding_strength:observational_candidate	positive supporting evidence does not promote UNKNOWN to true;MAY evidence is never promoted to MUST;directional assessment is restricted to typed normal edges; CQPL truth remains evaluated on the complete transition relation including unwind edges	results/drop_raw_ptr_no_free/leak_alloc_state.explain.json	MAY_ALLOCATION;QUERY_THREE_VALUED_PROPAGATION	1	1	normal_return_open_manual_obligation	observational_candidate	0		
corpus	explicit_drop_df_only_rust	/home/af/Documenti/a-phd/repro-results/gate-l1-normal-execution-20260919T152848Z/main/raw/explicit_drop_df_only_rust/annotated_icfg_v2.json	double_free_alloc	unk	unk_true	true	observational_candidate	cqpl_result_assessment_v1	contract_basis:rust_mem_drop_owned_box_global_v1;cqpl_three_valued_model_check_v1;evidence:allocation_state_includes_allocated;evidence:may_deallocation_observed;evidence:no_reallocation_between_events;evidence:two_ordered_drops_observed;finding:repeated_drop_without_reallocation;finding_strength:observational_candidate	positive supporting evidence does not promote UNKNOWN to true;MAY evidence is never promoted to MUST	results/explicit_drop_df_only_rust/double_free_alloc.explain.json	MAY_ALLOCATION;MAY_DEALLOCATION;QUERY_THREE_VALUED_PROPAGATION	1	1	repeated_drop_without_reallocation	observational_candidate	0		
corpus	explicit_drop_df_only_rust	/home/af/Documenti/a-phd/repro-results/gate-l1-normal-execution-20260919T152848Z/main/raw/explicit_drop_df_only_rust/annotated_icfg_v2.json	double_free_alloc_state	unk	unk_true	true	observational_candidate	cqpl_result_assessment_v1	contract_basis:rust_mem_drop_owned_box_global_v1;cqpl_three_valued_model_check_v1;evidence:allocation_state_includes_allocated;evidence:may_deallocation_observed;evidence:no_reallocation_between_events;evidence:two_ordered_drops_observed;finding:repeated_drop_without_reallocation;finding_strength:observational_candidate	positive supporting evidence does not promote UNKNOWN to true;MAY evidence is never promoted to MUST	results/explicit_drop_df_only_rust/double_free_alloc_state.explain.json	MAY_ALLOCATION;MAY_DEALLOCATION;QUERY_THREE_VALUED_PROPAGATION	1	1	repeated_drop_without_reallocation	observational_candidate	0		
corpus	explicit_drop_df_only_rust	/home/af/Documenti/a-phd/repro-results/gate-l1-normal-execution-20260919T152848Z/main/raw/explicit_drop_df_only_rust/annotated_icfg_v2.json	leak_alloc	unk	unk_unoriented	none	unresolved	cqpl_result_assessment_v1	cqpl_three_valued_model_check_v1	no directional supporting or refuting finding is certified beyond the uncertainty frontier;non-directional unresolved-contract candidates do not orient UNKNOWN toward true or false	results/explicit_drop_df_only_rust/leak_alloc.explain.json	MAY_ALLOCATION;MAY_DEALLOCATION;QUERY_THREE_VALUED_PROPAGATION	1	0			0		
corpus	explicit_drop_df_only_rust	/home/af/Documenti/a-phd/repro-results/gate-l1-normal-execution-20260919T152848Z/main/raw/explicit_drop_df_only_rust/annotated_icfg_v2.json	leak_alloc_state	unk	unk_unoriented	none	unresolved	cqpl_result_assessment_v1	assessment_scope:normal_execution;capability:typed_edge_flow_v1;cqpl_three_valued_model_check_v1	no directional supporting or refuting finding is certified beyond the uncertainty frontier;non-directional unresolved-contract candidates do not orient UNKNOWN toward true or false;directional assessment is restricted to typed normal edges; CQPL truth remains evaluated on the complete transition relation including unwind edges	results/explicit_drop_df_only_rust/leak_alloc_state.explain.json	MAY_ALLOCATION;MAY_DEALLOCATION;QUERY_THREE_VALUED_PROPAGATION	1	0			0		
corpus	for_df_ffi	/home/af/Documenti/a-phd/repro-results/gate-l1-normal-execution-20260919T152848Z/main/raw/for_df_ffi/annotated_icfg_v2.json	allocator_mismatch_ub	unk	unk_true	true	strong_abstract_evidence	cqpl_result_assessment_v1	contract_basis:structural_c_free_v1;cqpl_three_valued_model_check_v1;disposition_basis:rustc_cstring_into_raw_v1;evidence:allocation_state_includes_allocated;evidence:allocator_families_differ;evidence:known_allocator_family;evidence:known_deallocator_family;evidence:may_deallocation_observed;evidence:producer_certified_c_string_into_raw;evidence:producer_certified_deallocator_contract;finding:allocator_family_mismatch;finding_strength:strong_abstract_evidence	positive supporting evidence does not promote UNKNOWN to true;MAY evidence is never promoted to MUST	results/for_df_ffi/allocator_mismatch_ub.explain.json	MAY_ALLOCATION;MAY_DEALLOCATION;PATH_JOIN;QUERY_THREE_VALUED_PROPAGATION	1	1	allocator_family_mismatch	strong_abstract_evidence	0		
corpus	for_df_ffi	/home/af/Documenti/a-phd/repro-results/gate-l1-normal-execution-20260919T152848Z/main/raw/for_df_ffi/annotated_icfg_v2.json	allocator_mismatch_ub_v2	unk	unk_true	true	strong_abstract_evidence	cqpl_result_assessment_v1	contract_basis:structural_c_free_v1;cqpl_three_valued_model_check_v1;disposition_basis:rustc_cstring_into_raw_v1;evidence:allocation_state_includes_allocated;evidence:allocator_families_differ;evidence:known_allocator_family;evidence:known_deallocator_family;evidence:may_deallocation_observed;evidence:producer_certified_c_string_into_raw;evidence:producer_certified_deallocator_contract;finding:allocator_family_mismatch;finding_strength:strong_abstract_evidence	positive supporting evidence does not promote UNKNOWN to true;MAY evidence is never promoted to MUST	results/for_df_ffi/allocator_mismatch_ub_v2.explain.json	MAY_ALLOCATION;MAY_DEALLOCATION;PATH_JOIN;QUERY_THREE_VALUED_PROPAGATION	1	1	allocator_family_mismatch	strong_abstract_evidence	0		
corpus	for_df_ffi	/home/af/Documenti/a-phd/repro-results/gate-l1-normal-execution-20260919T152848Z/main/raw/for_df_ffi/annotated_icfg_v2.json	double_free_alloc	unk	unk_true	true	observational_candidate	cqpl_result_assessment_v1	contract_basis:rust_cstring_global_drop;contract_basis:structural_c_free_v1;cqpl_three_valued_model_check_v1;disposition_basis:rustc_cstring_from_raw_v1;disposition_basis:rustc_cstring_into_raw_v1;evidence:allocation_state_includes_allocated;evidence:may_deallocation_observed;evidence:no_reallocation_between_events;evidence:producer_certified_c_string_from_raw;evidence:producer_certified_c_string_into_raw;evidence:two_ordered_drops_observed;finding:repeated_drop_without_reallocation;finding_strength:observational_candidate	positive supporting evidence does not promote UNKNOWN to true;MAY evidence is never promoted to MUST	results/for_df_ffi/double_free_alloc.explain.json	MAY_ALLOCATION;MAY_DEALLOCATION;PATH_JOIN;QUERY_THREE_VALUED_PROPAGATION	1	1	repeated_drop_without_reallocation	observational_candidate	0		
corpus	for_df_ffi	/home/af/Documenti/a-phd/repro-results/gate-l1-normal-execution-20260919T152848Z/main/raw/for_df_ffi/annotated_icfg_v2.json	double_free_alloc_state	unk	unk_true	true	observational_candidate	cqpl_result_assessment_v1	contract_basis:rust_cstring_global_drop;contract_basis:structural_c_free_v1;cqpl_three_valued_model_check_v1;disposition_basis:rustc_cstring_from_raw_v1;disposition_basis:rustc_cstring_into_raw_v1;evidence:allocation_state_includes_allocated;evidence:may_deallocation_observed;evidence:no_reallocation_between_events;evidence:producer_certified_c_string_from_raw;evidence:producer_certified_c_string_into_raw;evidence:two_ordered_drops_observed;finding:repeated_drop_without_reallocation;finding_strength:observational_candidate	positive supporting evidence does not promote UNKNOWN to true;MAY evidence is never promoted to MUST	results/for_df_ffi/double_free_alloc_state.explain.json	ABSTRACT_TOP_STATE;MAY_ALLOCATION;MAY_DEALLOCATION;PATH_JOIN;QUERY_THREE_VALUED_PROPAGATION	1	1	repeated_drop_without_reallocation	observational_candidate	0		
corpus	for_df_ffi	/home/af/Documenti/a-phd/repro-results/gate-l1-normal-execution-20260919T152848Z/main/raw/for_df_ffi/annotated_icfg_v2.json	leak_alloc	unk	unk_unoriented	none	unresolved	cqpl_result_assessment_v1	cqpl_three_valued_model_check_v1	no directional supporting or refuting finding is certified beyond the uncertainty frontier;non-directional unresolved-contract candidates do not orient UNKNOWN toward true or false	results/for_df_ffi/leak_alloc.explain.json	MAY_ALLOCATION;PATH_JOIN;QUERY_THREE_VALUED_PROPAGATION	2	0			0		
corpus	for_df_ffi	/home/af/Documenti/a-phd/repro-results/gate-l1-normal-execution-20260919T152848Z/main/raw/for_df_ffi/annotated_icfg_v2.json	leak_alloc_state	unk	unk_unoriented	none	unresolved	cqpl_result_assessment_v1	assessment_scope:normal_execution;capability:typed_edge_flow_v1;cqpl_three_valued_model_check_v1	no directional supporting or refuting finding is certified beyond the uncertainty frontier;non-directional unresolved-contract candidates do not orient UNKNOWN toward true or false;directional assessment is restricted to typed normal edges; CQPL truth remains evaluated on the complete transition relation including unwind edges	results/for_df_ffi/leak_alloc_state.explain.json	ABSTRACT_TOP_STATE;MAY_ALLOCATION;MAY_DEALLOCATION;QUERY_THREE_VALUED_PROPAGATION	2	0			0		
corpus	for_df_ffi	/home/af/Documenti/a-phd/repro-results/gate-l1-normal-execution-20260919T152848Z/main/raw/for_df_ffi/annotated_icfg_v2.json	use_after_free_alloc	unk	unk_true	true	observational_candidate	cqpl_result_assessment_v1	contract_basis:structural_c_free_v1;cqpl_three_valued_model_check_v1;disposition_basis:rustc_cstring_from_raw_v1;disposition_basis:rustc_cstring_into_raw_v1;evidence:allocation_state_includes_allocated;evidence:may_deallocation_observed;evidence:may_use_observed;evidence:no_reallocation_between_events;evidence:ordered_drop_before_use;evidence:producer_certified_c_string_from_raw;evidence:producer_certified_c_string_into_raw;finding:drop_then_use_without_reallocation;finding_strength:observational_candidate	positive supporting evidence does not promote UNKNOWN to true;MAY evidence is never promoted to MUST	results/for_df_ffi/use_after_free_alloc.explain.json	MAY_ALLOCATION;MAY_DEALLOCATION;MAY_USE;PATH_JOIN;QUERY_THREE_VALUED_PROPAGATION	1	1	drop_then_use_without_reallocation	observational_candidate	0		
corpus	for_df_ffi	/home/af/Documenti/a-phd/repro-results/gate-l1-normal-execution-20260919T152848Z/main/raw/for_df_ffi/annotated_icfg_v2.json	use_after_free_alloc_state	unk	unk_true	true	observational_candidate	cqpl_result_assessment_v1	contract_basis:structural_c_free_v1;cqpl_three_valued_model_check_v1;disposition_basis:rustc_cstring_from_raw_v1;disposition_basis:rustc_cstring_into_raw_v1;evidence:allocation_state_includes_allocated;evidence:may_deallocation_observed;evidence:may_use_observed;evidence:no_reallocation_between_events;evidence:ordered_drop_before_use;evidence:producer_certified_c_string_from_raw;evidence:producer_certified_c_string_into_raw;finding:drop_then_use_without_reallocation;finding_strength:observational_candidate	positive supporting evidence does not promote UNKNOWN to true;MAY evidence is never promoted to MUST	results/for_df_ffi/use_after_free_alloc_state.explain.json	ABSTRACT_TOP_STATE;MAY_ALLOCATION;MAY_DEALLOCATION;MAY_USE;PATH_JOIN;QUERY_THREE_VALUED_PROPAGATION	1	1	drop_then_use_without_reallocation	observational_candidate	0		
corpus	for_memory_leak_ffi	/home/af/Documenti/a-phd/repro-results/gate-l1-normal-execution-20260919T152848Z/main/raw/for_memory_leak_ffi/annotated_icfg_v2.json	leak_alloc	unk	unk_true	true	observational_candidate	cqpl_result_assessment_v1	cqpl_three_valued_model_check_v1;disposition_basis:rustc_cstring_into_raw_v1;evidence:no_modeled_discharge_on_witness_path;evidence:normal_return_reachable;evidence:producer_certified_c_string_into_raw;external_effect_basis:svf_call_effect_unresolved_v1;ffi_identity_basis:crema_bmulti_actual_formal_identity_v1;finding:normal_return_open_manual_obligation;finding_strength:observational_candidate;formal_mapping_basis:svf_formal_arg_index_v1	positive supporting evidence does not promote UNKNOWN to true;MAY evidence is never promoted to MUST	results/for_memory_leak_ffi/leak_alloc.explain.json	MAY_ALLOCATION;PATH_JOIN;QUERY_THREE_VALUED_PROPAGATION	2	1	normal_return_open_manual_obligation	observational_candidate	0		
corpus	for_memory_leak_ffi	/home/af/Documenti/a-phd/repro-results/gate-l1-normal-execution-20260919T152848Z/main/raw/for_memory_leak_ffi/annotated_icfg_v2.json	leak_alloc_state	unk	unk_true	true	observational_candidate	cqpl_result_assessment_v1	assessment_scope:normal_execution;capability:typed_edge_flow_v1;cqpl_three_valued_model_check_v1;disposition_basis:rustc_cstring_into_raw_v1;evidence:no_modeled_discharge_on_witness_path;evidence:normal_return_reachable;evidence:producer_certified_c_string_into_raw;external_effect_basis:svf_call_effect_unresolved_v1;ffi_identity_basis:crema_bmulti_actual_formal_identity_v1;finding:normal_return_open_manual_obligation;finding_strength:observational_candidate;formal_mapping_basis:svf_formal_arg_index_v1	positive supporting evidence does not promote UNKNOWN to true;MAY evidence is never promoted to MUST;directional assessment is restricted to typed normal edges; CQPL truth remains evaluated on the complete transition relation including unwind edges	results/for_memory_leak_ffi/leak_alloc_state.explain.json	ABSTRACT_TOP_STATE;MAY_ALLOCATION;MAY_DEALLOCATION;QUERY_THREE_VALUED_PROPAGATION	2	1	normal_return_open_manual_obligation	observational_candidate	0		
corpus	lock-free	/home/af/Documenti/a-phd/repro-results/gate-l1-normal-execution-20260919T152848Z/main/raw/lock-free/annotated_icfg_v2.json	leak_alloc	unk	unk_true	true	observational_candidate	cqpl_result_assessment_v1	cqpl_three_valued_model_check_v1;disposition_basis:rustc_box_into_raw_v1;evidence:no_modeled_discharge_on_witness_path;evidence:normal_return_reachable;evidence:producer_certified_box_into_raw;finding:normal_return_open_manual_obligation;finding_strength:observational_candidate	positive supporting evidence does not promote UNKNOWN to true;MAY evidence is never promoted to MUST	results/lock-free/leak_alloc.explain.json	MAY_ALLOCATION;PATH_JOIN;QUERY_THREE_VALUED_PROPAGATION	1	1	normal_return_open_manual_obligation	observational_candidate	0		
corpus	lock-free	/home/af/Documenti/a-phd/repro-results/gate-l1-normal-execution-20260919T152848Z/main/raw/lock-free/annotated_icfg_v2.json	leak_alloc_state	unk	unk_true	true	observational_candidate	cqpl_result_assessment_v1	assessment_scope:normal_execution;capability:typed_edge_flow_v1;cqpl_three_valued_model_check_v1;disposition_basis:rustc_box_into_raw_v1;evidence:no_modeled_discharge_on_witness_path;evidence:normal_return_reachable;evidence:producer_certified_box_into_raw;finding:normal_return_open_manual_obligation;finding_strength:observational_candidate	positive supporting evidence does not promote UNKNOWN to true;MAY evidence is never promoted to MUST;directional assessment is restricted to typed normal edges; CQPL truth remains evaluated on the complete transition relation including unwind edges	results/lock-free/leak_alloc_state.explain.json	ABSTRACT_TOP_STATE;MAY_ALLOCATION;MAY_DEALLOCATION;PATH_JOIN;QUERY_THREE_VALUED_PROPAGATION	1	1	normal_return_open_manual_obligation	observational_candidate	0		
corpus	lock_free_non_blocking_linked_list	/home/af/Documenti/a-phd/repro-results/gate-l1-normal-execution-20260919T152848Z/main/raw/lock_free_non_blocking_linked_list/annotated_icfg_v2.json	leak_alloc	unk	unk_true	true	observational_candidate	cqpl_result_assessment_v1	cqpl_three_valued_model_check_v1;disposition_basis:rustc_box_into_raw_v1;evidence:no_modeled_discharge_on_witness_path;evidence:normal_return_reachable;evidence:producer_certified_box_into_raw;finding:normal_return_open_manual_obligation;finding_strength:observational_candidate	positive supporting evidence does not promote UNKNOWN to true;MAY evidence is never promoted to MUST	results/lock_free_non_blocking_linked_list/leak_alloc.explain.json	ABSTRACT_COMPONENT_MERGE;MAY_ALLOCATION;PATH_JOIN;QUERY_THREE_VALUED_PROPAGATION	4	4	normal_return_open_manual_obligation	observational_candidate	0		
corpus	lock_free_non_blocking_linked_list	/home/af/Documenti/a-phd/repro-results/gate-l1-normal-execution-20260919T152848Z/main/raw/lock_free_non_blocking_linked_list/annotated_icfg_v2.json	leak_alloc_state	unk	unk_true	true	observational_candidate	cqpl_result_assessment_v1	assessment_scope:normal_execution;capability:typed_edge_flow_v1;cqpl_three_valued_model_check_v1;disposition_basis:rustc_box_into_raw_v1;evidence:no_modeled_discharge_on_witness_path;evidence:normal_return_reachable;evidence:producer_certified_box_into_raw;finding:normal_return_open_manual_obligation;finding_strength:observational_candidate	positive supporting evidence does not promote UNKNOWN to true;MAY evidence is never promoted to MUST;directional assessment is restricted to typed normal edges; CQPL truth remains evaluated on the complete transition relation including unwind edges	results/lock_free_non_blocking_linked_list/leak_alloc_state.explain.json	ABSTRACT_COMPONENT_MERGE;ABSTRACT_TOP_STATE;MAY_ALLOCATION;MAY_DEALLOCATION;PATH_JOIN;QUERY_THREE_VALUED_PROPAGATION	4	4	normal_return_open_manual_obligation	observational_candidate	0		
corpus	napkin-math-test	/home/af/Documenti/a-phd/repro-results/gate-l1-normal-execution-20260919T152848Z/main/raw/napkin-math-test/annotated_icfg_v2.json	leak_alloc	unk	unk_true	true	observational_candidate	cqpl_result_assessment_v1	cqpl_three_valued_model_check_v1;disposition_basis:rustc_box_into_raw_v1;evidence:no_modeled_discharge_on_witness_path;evidence:normal_return_reachable;evidence:producer_certified_box_into_raw;finding:normal_return_open_manual_obligation;finding_strength:observational_candidate	positive supporting evidence does not promote UNKNOWN to true;MAY evidence is never promoted to MUST	results/napkin-math-test/leak_alloc.explain.json	MAY_ALLOCATION;QUERY_THREE_VALUED_PROPAGATION	1	1	normal_return_open_manual_obligation	observational_candidate	0		
corpus	napkin-math-test	/home/af/Documenti/a-phd/repro-results/gate-l1-normal-execution-20260919T152848Z/main/raw/napkin-math-test/annotated_icfg_v2.json	leak_alloc_state	unk	unk_true	true	observational_candidate	cqpl_result_assessment_v1	assessment_scope:normal_execution;capability:typed_edge_flow_v1;cqpl_three_valued_model_check_v1;disposition_basis:rustc_box_into_raw_v1;evidence:no_modeled_discharge_on_witness_path;evidence:normal_return_reachable;evidence:producer_certified_box_into_raw;finding:normal_return_open_manual_obligation;finding_strength:observational_candidate	positive supporting evidence does not promote UNKNOWN to true;MAY evidence is never promoted to MUST;directional assessment is restricted to typed normal edges; CQPL truth remains evaluated on the complete transition relation including unwind edges	results/napkin-math-test/leak_alloc_state.explain.json	MAY_ALLOCATION;QUERY_THREE_VALUED_PROPAGATION	1	1	normal_return_open_manual_obligation	observational_candidate	0		
corpus	noGenerator	/home/af/Documenti/a-phd/repro-results/gate-l1-normal-execution-20260919T152848Z/main/raw/noGenerator/annotated_icfg_v2.json	leak_alloc	unk	unk_true	true	observational_candidate	cqpl_result_assessment_v1	cqpl_three_valued_model_check_v1;disposition_basis:rustc_box_into_raw_v1;evidence:no_modeled_discharge_on_witness_path;evidence:normal_return_reachable;evidence:producer_certified_box_into_raw;finding:normal_return_open_manual_obligation;finding_strength:observational_candidate	positive supporting evidence does not promote UNKNOWN to true;MAY evidence is never promoted to MUST	results/noGenerator/leak_alloc.explain.json	MAY_ALLOCATION;QUERY_THREE_VALUED_PROPAGATION	2	1	normal_return_open_manual_obligation	observational_candidate	0		
corpus	noGenerator	/home/af/Documenti/a-phd/repro-results/gate-l1-normal-execution-20260919T152848Z/main/raw/noGenerator/annotated_icfg_v2.json	leak_alloc_state	unk	unk_true	true	observational_candidate	cqpl_result_assessment_v1	assessment_scope:normal_execution;capability:typed_edge_flow_v1;cqpl_three_valued_model_check_v1;disposition_basis:rustc_box_into_raw_v1;evidence:no_modeled_discharge_on_witness_path;evidence:normal_return_reachable;evidence:producer_certified_box_into_raw;finding:normal_return_open_manual_obligation;finding_strength:observational_candidate	positive supporting evidence does not promote UNKNOWN to true;MAY evidence is never promoted to MUST;directional assessment is restricted to typed normal edges; CQPL truth remains evaluated on the complete transition relation including unwind edges	results/noGenerator/leak_alloc_state.explain.json	ABSTRACT_TOP_STATE;MAY_ALLOCATION;MAY_DEALLOCATION;QUERY_THREE_VALUED_PROPAGATION	2	1	normal_return_open_manual_obligation	observational_candidate	0		
corpus	rc-playground	/home/af/Documenti/a-phd/repro-results/gate-l1-normal-execution-20260919T152848Z/main/raw/rc-playground/annotated_icfg_v2.json	leak_alloc	unk	unk_true	true	observational_candidate	cqpl_result_assessment_v1	cqpl_three_valued_model_check_v1;disposition_basis:rustc_box_into_raw_v1;evidence:no_modeled_discharge_on_witness_path;evidence:normal_return_reachable;evidence:producer_certified_box_into_raw;finding:normal_return_open_manual_obligation;finding_strength:observational_candidate	positive supporting evidence does not promote UNKNOWN to true;MAY evidence is never promoted to MUST	results/rc-playground/leak_alloc.explain.json	MAY_ALLOCATION;PATH_JOIN;QUERY_THREE_VALUED_PROPAGATION	1	1	normal_return_open_manual_obligation	observational_candidate	0		
corpus	rc-playground	/home/af/Documenti/a-phd/repro-results/gate-l1-normal-execution-20260919T152848Z/main/raw/rc-playground/annotated_icfg_v2.json	leak_alloc_state	unk	unk_true	true	observational_candidate	cqpl_result_assessment_v1	assessment_scope:normal_execution;capability:typed_edge_flow_v1;cqpl_three_valued_model_check_v1;disposition_basis:rustc_box_into_raw_v1;evidence:no_modeled_discharge_on_witness_path;evidence:normal_return_reachable;evidence:producer_certified_box_into_raw;finding:normal_return_open_manual_obligation;finding_strength:observational_candidate	positive supporting evidence does not promote UNKNOWN to true;MAY evidence is never promoted to MUST;directional assessment is restricted to typed normal edges; CQPL truth remains evaluated on the complete transition relation including unwind edges	results/rc-playground/leak_alloc_state.explain.json	ABSTRACT_TOP_STATE;MAY_ALLOCATION;MAY_DEALLOCATION;PATH_JOIN;QUERY_THREE_VALUED_PROPAGATION	1	1	normal_return_open_manual_obligation	observational_candidate	0		
corpus	rusant	/home/af/Documenti/a-phd/repro-results/gate-l1-normal-execution-20260919T152848Z/main/raw/rusant/annotated_icfg_v2.json	leak_alloc	unk	unk_unoriented	none	unresolved	cqpl_result_assessment_v1	cqpl_three_valued_model_check_v1	no directional supporting or refuting finding is certified beyond the uncertainty frontier;non-directional unresolved-contract candidates do not orient UNKNOWN toward true or false	results/rusant/leak_alloc.explain.json	MAY_ALLOCATION;PATH_JOIN;QUERY_THREE_VALUED_PROPAGATION	2	0			0		
corpus	rusant	/home/af/Documenti/a-phd/repro-results/gate-l1-normal-execution-20260919T152848Z/main/raw/rusant/annotated_icfg_v2.json	leak_alloc_state	unk	unk_unoriented	none	unresolved	cqpl_result_assessment_v1	assessment_scope:normal_execution;capability:typed_edge_flow_v1;cqpl_three_valued_model_check_v1	no directional supporting or refuting finding is certified beyond the uncertainty frontier;non-directional unresolved-contract candidates do not orient UNKNOWN toward true or false;directional assessment is restricted to typed normal edges; CQPL truth remains evaluated on the complete transition relation including unwind edges	results/rusant/leak_alloc_state.explain.json	ABSTRACT_TOP_STATE;MAY_ALLOCATION;QUERY_THREE_VALUED_PROPAGATION	2	0			0		
corpus	rust-boks	/home/af/Documenti/a-phd/repro-results/gate-l1-normal-execution-20260919T152848Z/main/raw/rust-boks/annotated_icfg_v2.json	double_free_alloc	unk	unk_true	true	observational_candidate	cqpl_result_assessment_v1	contract_basis:rust_box_global_drop;cqpl_three_valued_model_check_v1;evidence:allocation_state_includes_allocated;evidence:may_deallocation_observed;evidence:no_reallocation_between_events;evidence:two_ordered_drops_observed;finding:repeated_drop_without_reallocation;finding_strength:observational_candidate	positive supporting evidence does not promote UNKNOWN to true;MAY evidence is never promoted to MUST	results/rust-boks/double_free_alloc.explain.json	ABSTRACT_COMPONENT_MERGE;MAY_ALLOCATION;MAY_DEALLOCATION;PATH_JOIN;QUERY_THREE_VALUED_PROPAGATION	1	1	repeated_drop_without_reallocation	observational_candidate	0		
corpus	rust-boks	/home/af/Documenti/a-phd/repro-results/gate-l1-normal-execution-20260919T152848Z/main/raw/rust-boks/annotated_icfg_v2.json	double_free_alloc_state	unk	unk_true	true	observational_candidate	cqpl_result_assessment_v1	contract_basis:rust_box_global_drop;cqpl_three_valued_model_check_v1;evidence:allocation_state_includes_allocated;evidence:may_deallocation_observed;evidence:no_reallocation_between_events;evidence:two_ordered_drops_observed;finding:repeated_drop_without_reallocation;finding_strength:observational_candidate	positive supporting evidence does not promote UNKNOWN to true;MAY evidence is never promoted to MUST	results/rust-boks/double_free_alloc_state.explain.json	ABSTRACT_COMPONENT_MERGE;MAY_ALLOCATION;MAY_DEALLOCATION;PATH_JOIN;QUERY_THREE_VALUED_PROPAGATION	1	1	repeated_drop_without_reallocation	observational_candidate	0		
corpus	rust-boks	/home/af/Documenti/a-phd/repro-results/gate-l1-normal-execution-20260919T152848Z/main/raw/rust-boks/annotated_icfg_v2.json	leak_alloc	unk	unk_true	true	observational_candidate	cqpl_result_assessment_v1	cqpl_three_valued_model_check_v1;disposition_basis:rustc_box_into_raw_v1;evidence:no_modeled_discharge_on_witness_path;evidence:normal_return_reachable;evidence:producer_certified_box_into_raw;finding:normal_return_open_manual_obligation;finding_strength:observational_candidate	positive supporting evidence does not promote UNKNOWN to true;MAY evidence is never promoted to MUST	results/rust-boks/leak_alloc.explain.json	ABSTRACT_COMPONENT_MERGE;MAY_ALLOCATION;PATH_JOIN;QUERY_THREE_VALUED_PROPAGATION	7	5	normal_return_open_manual_obligation	observational_candidate	0		
corpus	rust-boks	/home/af/Documenti/a-phd/repro-results/gate-l1-normal-execution-20260919T152848Z/main/raw/rust-boks/annotated_icfg_v2.json	leak_alloc_state	unk	unk_true	true	observational_candidate	cqpl_result_assessment_v1	assessment_scope:normal_execution;capability:typed_edge_flow_v1;cqpl_three_valued_model_check_v1;disposition_basis:rustc_box_into_raw_v1;evidence:no_modeled_discharge_on_witness_path;evidence:normal_return_reachable;evidence:producer_certified_box_into_raw;finding:normal_return_open_manual_obligation;finding_strength:observational_candidate	positive supporting evidence does not promote UNKNOWN to true;MAY evidence is never promoted to MUST;directional assessment is restricted to typed normal edges; CQPL truth remains evaluated on the complete transition relation including unwind edges	results/rust-boks/leak_alloc_state.explain.json	ABSTRACT_COMPONENT_MERGE;ABSTRACT_TOP_STATE;MAY_ALLOCATION;QUERY_THREE_VALUED_PROPAGATION	7	5	normal_return_open_manual_obligation	observational_candidate	0		
corpus	rust_box_direct_c_free_ub	/home/af/Documenti/a-phd/repro-results/gate-l1-normal-execution-20260919T152848Z/main/raw/rust_box_direct_c_free_ub/annotated_icfg_v2.json	allocator_mismatch_ub	unk	unk_true	true	strong_abstract_evidence	cqpl_result_assessment_v1	contract_basis:structural_c_free_v1;cqpl_three_valued_model_check_v1;evidence:allocation_state_includes_allocated;evidence:allocator_families_differ;evidence:known_allocator_family;evidence:known_deallocator_family;evidence:may_deallocation_observed;evidence:producer_certified_deallocator_contract;finding:allocator_family_mismatch;finding_strength:strong_abstract_evidence	positive supporting evidence does not promote UNKNOWN to true;MAY evidence is never promoted to MUST	results/rust_box_direct_c_free_ub/allocator_mismatch_ub.explain.json	MAY_ALLOCATION;MAY_DEALLOCATION;QUERY_THREE_VALUED_PROPAGATION	1	1	allocator_family_mismatch	strong_abstract_evidence	0		
corpus	rust_box_direct_c_free_ub	/home/af/Documenti/a-phd/repro-results/gate-l1-normal-execution-20260919T152848Z/main/raw/rust_box_direct_c_free_ub/annotated_icfg_v2.json	allocator_mismatch_ub_v2	unk	unk_true	true	strong_abstract_evidence	cqpl_result_assessment_v1	contract_basis:structural_c_free_v1;cqpl_three_valued_model_check_v1;evidence:allocation_state_includes_allocated;evidence:allocator_families_differ;evidence:known_allocator_family;evidence:known_deallocator_family;evidence:may_deallocation_observed;evidence:producer_certified_deallocator_contract;finding:allocator_family_mismatch;finding_strength:strong_abstract_evidence	positive supporting evidence does not promote UNKNOWN to true;MAY evidence is never promoted to MUST	results/rust_box_direct_c_free_ub/allocator_mismatch_ub_v2.explain.json	MAY_ALLOCATION;MAY_DEALLOCATION;QUERY_THREE_VALUED_PROPAGATION	1	1	allocator_family_mismatch	strong_abstract_evidence	0		
corpus	rust_box_direct_c_free_ub	/home/af/Documenti/a-phd/repro-results/gate-l1-normal-execution-20260919T152848Z/main/raw/rust_box_direct_c_free_ub/annotated_icfg_v2.json	leak_alloc	unk	unk_unoriented	none	unresolved	cqpl_result_assessment_v1	cqpl_three_valued_model_check_v1	no directional supporting or refuting finding is certified beyond the uncertainty frontier;non-directional unresolved-contract candidates do not orient UNKNOWN toward true or false	results/rust_box_direct_c_free_ub/leak_alloc.explain.json	MAY_ALLOCATION;MAY_DEALLOCATION;QUERY_THREE_VALUED_PROPAGATION	1	0			0		
corpus	rust_box_direct_c_free_ub	/home/af/Documenti/a-phd/repro-results/gate-l1-normal-execution-20260919T152848Z/main/raw/rust_box_direct_c_free_ub/annotated_icfg_v2.json	leak_alloc_state	unk	unk_unoriented	none	unresolved	cqpl_result_assessment_v1	assessment_scope:normal_execution;capability:typed_edge_flow_v1;cqpl_three_valued_model_check_v1	no directional supporting or refuting finding is certified beyond the uncertainty frontier;non-directional unresolved-contract candidates do not orient UNKNOWN toward true or false;directional assessment is restricted to typed normal edges; CQPL truth remains evaluated on the complete transition relation including unwind edges	results/rust_box_direct_c_free_ub/leak_alloc_state.explain.json	MAY_ALLOCATION;QUERY_THREE_VALUED_PROPAGATION	1	0			0		
corpus	rust_hw3	/home/af/Documenti/a-phd/repro-results/gate-l1-normal-execution-20260919T152848Z/main/raw/rust_hw3/annotated_icfg_v2.json	leak_alloc	unk	unk_true	true	observational_candidate	cqpl_result_assessment_v1	cqpl_three_valued_model_check_v1;disposition_basis:rustc_box_into_raw_v1;evidence:no_modeled_discharge_on_witness_path;evidence:normal_return_reachable;evidence:producer_certified_box_into_raw;finding:normal_return_open_manual_obligation;finding_strength:observational_candidate	positive supporting evidence does not promote UNKNOWN to true;MAY evidence is never promoted to MUST	results/rust_hw3/leak_alloc.explain.json	MAY_ALLOCATION;PATH_JOIN;QUERY_THREE_VALUED_PROPAGATION	1	1	normal_return_open_manual_obligation	observational_candidate	0		
corpus	rust_hw3	/home/af/Documenti/a-phd/repro-results/gate-l1-normal-execution-20260919T152848Z/main/raw/rust_hw3/annotated_icfg_v2.json	leak_alloc_state	unk	unk_true	true	observational_candidate	cqpl_result_assessment_v1	assessment_scope:normal_execution;capability:typed_edge_flow_v1;cqpl_three_valued_model_check_v1;disposition_basis:rustc_box_into_raw_v1;evidence:no_modeled_discharge_on_witness_path;evidence:normal_return_reachable;evidence:producer_certified_box_into_raw;finding:normal_return_open_manual_obligation;finding_strength:observational_candidate	positive supporting evidence does not promote UNKNOWN to true;MAY evidence is never promoted to MUST;directional assessment is restricted to typed normal edges; CQPL truth remains evaluated on the complete transition relation including unwind edges	results/rust_hw3/leak_alloc_state.explain.json	MAY_ALLOCATION;PATH_JOIN;QUERY_THREE_VALUED_PROPAGATION	1	1	normal_return_open_manual_obligation	observational_candidate	0		
corpus	rust_memory	/home/af/Documenti/a-phd/repro-results/gate-l1-normal-execution-20260919T152848Z/main/raw/rust_memory/annotated_icfg_v2.json	leak_alloc	unk	unk_unoriented	none	unresolved	cqpl_result_assessment_v1	cqpl_three_valued_model_check_v1	no directional supporting or refuting finding is certified beyond the uncertainty frontier;non-directional unresolved-contract candidates do not orient UNKNOWN toward true or false	results/rust_memory/leak_alloc.explain.json	MAY_ALLOCATION;QUERY_THREE_VALUED_PROPAGATION	1	0			0		
corpus	rust_memory	/home/af/Documenti/a-phd/repro-results/gate-l1-normal-execution-20260919T152848Z/main/raw/rust_memory/annotated_icfg_v2.json	leak_alloc_state	unk	unk_unoriented	none	unresolved	cqpl_result_assessment_v1	assessment_scope:normal_execution;capability:typed_edge_flow_v1;cqpl_three_valued_model_check_v1	no directional supporting or refuting finding is certified beyond the uncertainty frontier;non-directional unresolved-contract candidates do not orient UNKNOWN toward true or false;directional assessment is restricted to typed normal edges; CQPL truth remains evaluated on the complete transition relation including unwind edges	results/rust_memory/leak_alloc_state.explain.json	ABSTRACT_TOP_STATE;MAY_ALLOCATION;MAY_DEALLOCATION;QUERY_THREE_VALUED_PROPAGATION	1	0			0		
corpus	shared-register	/home/af/Documenti/a-phd/repro-results/gate-l1-normal-execution-20260919T152848Z/main/raw/shared-register/annotated_icfg_v2.json	leak_alloc	unk	unk_true	true	observational_candidate	cqpl_result_assessment_v1	cqpl_three_valued_model_check_v1;disposition_basis:rustc_box_into_raw_v1;evidence:no_modeled_discharge_on_witness_path;evidence:normal_return_reachable;evidence:producer_certified_box_into_raw;finding:normal_return_open_manual_obligation;finding_strength:observational_candidate	positive supporting evidence does not promote UNKNOWN to true;MAY evidence is never promoted to MUST	results/shared-register/leak_alloc.explain.json	ABSTRACT_COMPONENT_MERGE;MAY_ALLOCATION;PATH_JOIN;QUERY_THREE_VALUED_PROPAGATION	4	3	normal_return_open_manual_obligation	observational_candidate	0		
corpus	shared-register	/home/af/Documenti/a-phd/repro-results/gate-l1-normal-execution-20260919T152848Z/main/raw/shared-register/annotated_icfg_v2.json	leak_alloc_state	unk	unk_true	true	observational_candidate	cqpl_result_assessment_v1	assessment_scope:normal_execution;capability:typed_edge_flow_v1;cqpl_three_valued_model_check_v1;disposition_basis:rustc_box_into_raw_v1;evidence:no_modeled_discharge_on_witness_path;evidence:normal_return_reachable;evidence:producer_certified_box_into_raw;finding:normal_return_open_manual_obligation;finding_strength:observational_candidate	positive supporting evidence does not promote UNKNOWN to true;MAY evidence is never promoted to MUST;directional assessment is restricted to typed normal edges; CQPL truth remains evaluated on the complete transition relation including unwind edges	results/shared-register/leak_alloc_state.explain.json	ABSTRACT_COMPONENT_MERGE;ABSTRACT_TOP_STATE;MAY_ALLOCATION;MAY_DEALLOCATION;PATH_JOIN;QUERY_THREE_VALUED_PROPAGATION	4	3	normal_return_open_manual_obligation	observational_candidate	0		
corpus	skip-list-test	/home/af/Documenti/a-phd/repro-results/gate-l1-normal-execution-20260919T152848Z/main/raw/skip-list-test/annotated_icfg_v2.json	leak_alloc	unk	unk_true	true	strong_abstract_evidence	cqpl_result_assessment_v1	cqpl_three_valued_model_check_v1;disposition_basis:rustc_box_into_raw_v1;evidence:no_intervening_call_after_handoff;evidence:no_modeled_discharge_on_witness_path;evidence:normal_return_reachable;evidence:producer_certified_box_into_raw;finding:normal_return_open_manual_obligation;finding_strength:observational_candidate;finding_strength:strong_abstract_evidence	positive supporting evidence does not promote UNKNOWN to true;MAY evidence is never promoted to MUST	results/skip-list-test/leak_alloc.explain.json	ABSTRACT_COMPONENT_MERGE;MAY_ALLOCATION;PATH_JOIN;QUERY_THREE_VALUED_PROPAGATION	8	12	normal_return_open_manual_obligation	observational_candidate;strong_abstract_evidence	0		
corpus	skip-list-test	/home/af/Documenti/a-phd/repro-results/gate-l1-normal-execution-20260919T152848Z/main/raw/skip-list-test/annotated_icfg_v2.json	leak_alloc_state	unk	unk_true	true	strong_abstract_evidence	cqpl_result_assessment_v1	assessment_scope:normal_execution;capability:typed_edge_flow_v1;cqpl_three_valued_model_check_v1;disposition_basis:rustc_box_into_raw_v1;evidence:no_intervening_call_after_handoff;evidence:no_modeled_discharge_on_witness_path;evidence:normal_return_reachable;evidence:producer_certified_box_into_raw;finding:normal_return_open_manual_obligation;finding_strength:observational_candidate;finding_strength:strong_abstract_evidence	positive supporting evidence does not promote UNKNOWN to true;MAY evidence is never promoted to MUST;directional assessment is restricted to typed normal edges; CQPL truth remains evaluated on the complete transition relation including unwind edges	results/skip-list-test/leak_alloc_state.explain.json	ABSTRACT_COMPONENT_MERGE;ABSTRACT_TOP_STATE;MAY_ALLOCATION;MAY_DEALLOCATION;PATH_JOIN;QUERY_THREE_VALUED_PROPAGATION	8	12	normal_return_open_manual_obligation	observational_candidate;strong_abstract_evidence	0		
corpus	std_mem_forget_mem_leak_rust	/home/af/Documenti/a-phd/repro-results/gate-l1-normal-execution-20260919T152848Z/main/raw/std_mem_forget_mem_leak_rust/annotated_icfg_v2.json	leak_alloc	unk	unk_unoriented	none	unresolved	cqpl_result_assessment_v1	cqpl_three_valued_model_check_v1	no directional supporting or refuting finding is certified beyond the uncertainty frontier;non-directional unresolved-contract candidates do not orient UNKNOWN toward true or false	results/std_mem_forget_mem_leak_rust/leak_alloc.explain.json	MAY_ALLOCATION;QUERY_THREE_VALUED_PROPAGATION	1	0			0		
corpus	std_mem_forget_mem_leak_rust	/home/af/Documenti/a-phd/repro-results/gate-l1-normal-execution-20260919T152848Z/main/raw/std_mem_forget_mem_leak_rust/annotated_icfg_v2.json	leak_alloc_state	unk	unk_unoriented	none	unresolved	cqpl_result_assessment_v1	assessment_scope:normal_execution;capability:typed_edge_flow_v1;cqpl_three_valued_model_check_v1	no directional supporting or refuting finding is certified beyond the uncertainty frontier;non-directional unresolved-contract candidates do not orient UNKNOWN toward true or false;directional assessment is restricted to typed normal edges; CQPL truth remains evaluated on the complete transition relation including unwind edges	results/std_mem_forget_mem_leak_rust/leak_alloc_state.explain.json	MAY_ALLOCATION;QUERY_THREE_VALUED_PROPAGATION	1	0			0		
corpus	struct_point_df_only_rust	/home/af/Documenti/a-phd/repro-results/gate-l1-normal-execution-20260919T152848Z/main/raw/struct_point_df_only_rust/annotated_icfg_v2.json	double_free_alloc	unk	unk_true	true	observational_candidate	cqpl_result_assessment_v1	contract_basis:rust_box_global_drop;cqpl_three_valued_model_check_v1;evidence:allocation_state_includes_allocated;evidence:may_deallocation_observed;evidence:no_reallocation_between_events;evidence:two_ordered_drops_observed;finding:repeated_drop_without_reallocation;finding_strength:observational_candidate	positive supporting evidence does not promote UNKNOWN to true;MAY evidence is never promoted to MUST	results/struct_point_df_only_rust/double_free_alloc.explain.json	ABSTRACT_COMPONENT_MERGE;MAY_ALLOCATION;MAY_DEALLOCATION;PATH_JOIN;QUERY_THREE_VALUED_PROPAGATION	2	6	repeated_drop_without_reallocation	observational_candidate	0		
corpus	struct_point_df_only_rust	/home/af/Documenti/a-phd/repro-results/gate-l1-normal-execution-20260919T152848Z/main/raw/struct_point_df_only_rust/annotated_icfg_v2.json	double_free_alloc_state	unk	unk_true	true	observational_candidate	cqpl_result_assessment_v1	contract_basis:rust_box_global_drop;cqpl_three_valued_model_check_v1;evidence:allocation_state_includes_allocated;evidence:may_deallocation_observed;evidence:no_reallocation_between_events;evidence:two_ordered_drops_observed;finding:repeated_drop_without_reallocation;finding_strength:observational_candidate	positive supporting evidence does not promote UNKNOWN to true;MAY evidence is never promoted to MUST	results/struct_point_df_only_rust/double_free_alloc_state.explain.json	ABSTRACT_COMPONENT_MERGE;MAY_ALLOCATION;MAY_DEALLOCATION;PATH_JOIN;QUERY_THREE_VALUED_PROPAGATION	2	6	repeated_drop_without_reallocation	observational_candidate	0		
corpus	struct_point_df_only_rust	/home/af/Documenti/a-phd/repro-results/gate-l1-normal-execution-20260919T152848Z/main/raw/struct_point_df_only_rust/annotated_icfg_v2.json	leak_alloc	unk	unk_true	true	observational_candidate	cqpl_result_assessment_v1	cqpl_three_valued_model_check_v1;disposition_basis:rustc_box_into_raw_v1;evidence:no_modeled_discharge_on_witness_path;evidence:non_returning_discharge_observed_off_witness;evidence:normal_return_reachable;evidence:producer_certified_box_into_raw;finding:normal_return_open_manual_obligation;finding_strength:observational_candidate	positive supporting evidence does not promote UNKNOWN to true;MAY evidence is never promoted to MUST	results/struct_point_df_only_rust/leak_alloc.explain.json	ABSTRACT_COMPONENT_MERGE;MAY_ALLOCATION;QUERY_THREE_VALUED_PROPAGATION	2	3	normal_return_open_manual_obligation	observational_candidate	0		
corpus	struct_point_df_only_rust	/home/af/Documenti/a-phd/repro-results/gate-l1-normal-execution-20260919T152848Z/main/raw/struct_point_df_only_rust/annotated_icfg_v2.json	leak_alloc_state	unk	unk_true	true	observational_candidate	cqpl_result_assessment_v1	assessment_scope:normal_execution;capability:typed_edge_flow_v1;cqpl_three_valued_model_check_v1;disposition_basis:rustc_box_into_raw_v1;evidence:no_modeled_discharge_on_witness_path;evidence:normal_return_reachable;evidence:producer_certified_box_into_raw;finding:normal_return_open_manual_obligation;finding_strength:observational_candidate	positive supporting evidence does not promote UNKNOWN to true;MAY evidence is never promoted to MUST;directional assessment is restricted to typed normal edges; CQPL truth remains evaluated on the complete transition relation including unwind edges	results/struct_point_df_only_rust/leak_alloc_state.explain.json	ABSTRACT_COMPONENT_MERGE;MAY_ALLOCATION;QUERY_THREE_VALUED_PROPAGATION	2	3	normal_return_open_manual_obligation	observational_candidate	0		
corpus	struct_point_mem_leak	/home/af/Documenti/a-phd/repro-results/gate-l1-normal-execution-20260919T152848Z/main/raw/struct_point_mem_leak/annotated_icfg_v2.json	double_free_alloc	unk	unk_true	true	observational_candidate	cqpl_result_assessment_v1	contract_basis:rust_box_global_drop;cqpl_three_valued_model_check_v1;evidence:allocation_state_includes_allocated;evidence:may_deallocation_observed;evidence:no_reallocation_between_events;evidence:two_ordered_drops_observed;finding:repeated_drop_without_reallocation;finding_strength:observational_candidate	positive supporting evidence does not promote UNKNOWN to true;MAY evidence is never promoted to MUST	results/struct_point_mem_leak/double_free_alloc.explain.json	ABSTRACT_COMPONENT_MERGE;MAY_ALLOCATION;MAY_DEALLOCATION;QUERY_THREE_VALUED_PROPAGATION	1	2	repeated_drop_without_reallocation	observational_candidate	0		
corpus	struct_point_mem_leak	/home/af/Documenti/a-phd/repro-results/gate-l1-normal-execution-20260919T152848Z/main/raw/struct_point_mem_leak/annotated_icfg_v2.json	double_free_alloc_state	unk	unk_true	true	observational_candidate	cqpl_result_assessment_v1	contract_basis:rust_box_global_drop;cqpl_three_valued_model_check_v1;evidence:allocation_state_includes_allocated;evidence:may_deallocation_observed;evidence:no_reallocation_between_events;evidence:two_ordered_drops_observed;finding:repeated_drop_without_reallocation;finding_strength:observational_candidate	positive supporting evidence does not promote UNKNOWN to true;MAY evidence is never promoted to MUST	results/struct_point_mem_leak/double_free_alloc_state.explain.json	ABSTRACT_COMPONENT_MERGE;MAY_ALLOCATION;MAY_DEALLOCATION;QUERY_THREE_VALUED_PROPAGATION	1	2	repeated_drop_without_reallocation	observational_candidate	0		
corpus	struct_point_mem_leak	/home/af/Documenti/a-phd/repro-results/gate-l1-normal-execution-20260919T152848Z/main/raw/struct_point_mem_leak/annotated_icfg_v2.json	leak_alloc	unk	unk_unoriented	none	unresolved	cqpl_result_assessment_v1	cqpl_three_valued_model_check_v1	no directional supporting or refuting finding is certified beyond the uncertainty frontier;non-directional unresolved-contract candidates do not orient UNKNOWN toward true or false	results/struct_point_mem_leak/leak_alloc.explain.json	ABSTRACT_COMPONENT_MERGE;MAY_ALLOCATION;QUERY_THREE_VALUED_PROPAGATION	2	0			0		
corpus	struct_point_mem_leak	/home/af/Documenti/a-phd/repro-results/gate-l1-normal-execution-20260919T152848Z/main/raw/struct_point_mem_leak/annotated_icfg_v2.json	leak_alloc_state	unk	unk_unoriented	none	unresolved	cqpl_result_assessment_v1	assessment_scope:normal_execution;capability:typed_edge_flow_v1;cqpl_three_valued_model_check_v1	no directional supporting or refuting finding is certified beyond the uncertainty frontier;non-directional unresolved-contract candidates do not orient UNKNOWN toward true or false;directional assessment is restricted to typed normal edges; CQPL truth remains evaluated on the complete transition relation including unwind edges	results/struct_point_mem_leak/leak_alloc_state.explain.json	ABSTRACT_COMPONENT_MERGE;MAY_ALLOCATION;QUERY_THREE_VALUED_PROPAGATION	2	0			0		
corpus	uaf-df-mail-lillo	/home/af/Documenti/a-phd/repro-results/gate-l1-normal-execution-20260919T152848Z/main/raw/uaf-df-mail-lillo/annotated_icfg_v2.json	allocator_mismatch_ub	unk	unk_true	true	strong_abstract_evidence	cqpl_result_assessment_v1	contract_basis:structural_c_free_v1;cqpl_three_valued_model_check_v1;evidence:allocation_state_includes_allocated;evidence:allocator_families_differ;evidence:known_allocator_family;evidence:known_deallocator_family;evidence:may_deallocation_observed;evidence:producer_certified_deallocator_contract;finding:allocator_family_mismatch;finding_strength:strong_abstract_evidence	positive supporting evidence does not promote UNKNOWN to true;MAY evidence is never promoted to MUST	results/uaf-df-mail-lillo/allocator_mismatch_ub.explain.json	MAY_ALLOCATION;MAY_DEALLOCATION;PATH_JOIN;QUERY_THREE_VALUED_PROPAGATION	1	1	allocator_family_mismatch	strong_abstract_evidence	0		
corpus	uaf-df-mail-lillo	/home/af/Documenti/a-phd/repro-results/gate-l1-normal-execution-20260919T152848Z/main/raw/uaf-df-mail-lillo/annotated_icfg_v2.json	allocator_mismatch_ub_v2	unk	unk_true	true	strong_abstract_evidence	cqpl_result_assessment_v1	contract_basis:structural_c_free_v1;cqpl_three_valued_model_check_v1;evidence:allocation_state_includes_allocated;evidence:allocator_families_differ;evidence:known_allocator_family;evidence:known_deallocator_family;evidence:may_deallocation_observed;evidence:producer_certified_deallocator_contract;finding:allocator_family_mismatch;finding_strength:strong_abstract_evidence	positive supporting evidence does not promote UNKNOWN to true;MAY evidence is never promoted to MUST	results/uaf-df-mail-lillo/allocator_mismatch_ub_v2.explain.json	MAY_ALLOCATION;MAY_DEALLOCATION;PATH_JOIN;QUERY_THREE_VALUED_PROPAGATION	1	1	allocator_family_mismatch	strong_abstract_evidence	0		
corpus	uaf-df-mail-lillo	/home/af/Documenti/a-phd/repro-results/gate-l1-normal-execution-20260919T152848Z/main/raw/uaf-df-mail-lillo/annotated_icfg_v2.json	double_free_alloc	unk	unk_true	true	observational_candidate	cqpl_result_assessment_v1	contract_basis:rust_mem_drop_owned_box_global_v1;contract_basis:structural_c_free_v1;cqpl_three_valued_model_check_v1;evidence:allocation_state_includes_allocated;evidence:may_deallocation_observed;evidence:no_reallocation_between_events;evidence:two_ordered_drops_observed;finding:repeated_drop_without_reallocation;finding_strength:observational_candidate	positive supporting evidence does not promote UNKNOWN to true;MAY evidence is never promoted to MUST	results/uaf-df-mail-lillo/double_free_alloc.explain.json	MAY_ALLOCATION;MAY_DEALLOCATION;QUERY_THREE_VALUED_PROPAGATION	1	2	repeated_drop_without_reallocation	observational_candidate	0		
corpus	uaf-df-mail-lillo	/home/af/Documenti/a-phd/repro-results/gate-l1-normal-execution-20260919T152848Z/main/raw/uaf-df-mail-lillo/annotated_icfg_v2.json	double_free_alloc_state	unk	unk_true	true	observational_candidate	cqpl_result_assessment_v1	contract_basis:rust_mem_drop_owned_box_global_v1;contract_basis:structural_c_free_v1;cqpl_three_valued_model_check_v1;evidence:allocation_state_includes_allocated;evidence:may_deallocation_observed;evidence:no_reallocation_between_events;evidence:two_ordered_drops_observed;finding:repeated_drop_without_reallocation;finding_strength:observational_candidate	positive supporting evidence does not promote UNKNOWN to true;MAY evidence is never promoted to MUST	results/uaf-df-mail-lillo/double_free_alloc_state.explain.json	MAY_ALLOCATION;MAY_DEALLOCATION;QUERY_THREE_VALUED_PROPAGATION	1	2	repeated_drop_without_reallocation	observational_candidate	0		
corpus	uaf-df-mail-lillo	/home/af/Documenti/a-phd/repro-results/gate-l1-normal-execution-20260919T152848Z/main/raw/uaf-df-mail-lillo/annotated_icfg_v2.json	leak_alloc	unk	unk_true	true	strong_abstract_evidence	cqpl_result_assessment_v1	cqpl_three_valued_model_check_v1;disposition_basis:rustc_box_into_raw_v1;evidence:no_intervening_call_after_handoff;evidence:no_modeled_discharge_on_witness_path;evidence:normal_return_reachable;evidence:producer_certified_box_into_raw;finding:normal_return_open_manual_obligation;finding_strength:strong_abstract_evidence	positive supporting evidence does not promote UNKNOWN to true;MAY evidence is never promoted to MUST	results/uaf-df-mail-lillo/leak_alloc.explain.json	MAY_ALLOCATION;MAY_DEALLOCATION;QUERY_THREE_VALUED_PROPAGATION	2	1	normal_return_open_manual_obligation	strong_abstract_evidence	0		
corpus	uaf-df-mail-lillo	/home/af/Documenti/a-phd/repro-results/gate-l1-normal-execution-20260919T152848Z/main/raw/uaf-df-mail-lillo/annotated_icfg_v2.json	leak_alloc_state	unk	unk_true	true	strong_abstract_evidence	cqpl_result_assessment_v1	assessment_scope:normal_execution;capability:typed_edge_flow_v1;cqpl_three_valued_model_check_v1;disposition_basis:rustc_box_into_raw_v1;evidence:no_intervening_call_after_handoff;evidence:no_modeled_discharge_on_witness_path;evidence:normal_return_reachable;evidence:producer_certified_box_into_raw;finding:normal_return_open_manual_obligation;finding_strength:strong_abstract_evidence	positive supporting evidence does not promote UNKNOWN to true;MAY evidence is never promoted to MUST;directional assessment is restricted to typed normal edges; CQPL truth remains evaluated on the complete transition relation including unwind edges	results/uaf-df-mail-lillo/leak_alloc_state.explain.json	MAY_ALLOCATION;MAY_DEALLOCATION;QUERY_THREE_VALUED_PROPAGATION	2	1	normal_return_open_manual_obligation	strong_abstract_evidence	0		
corpus	uaf-df-mail-lillo	/home/af/Documenti/a-phd/repro-results/gate-l1-normal-execution-20260919T152848Z/main/raw/uaf-df-mail-lillo/annotated_icfg_v2.json	use_after_free_alloc	unk	unk_true	true	observational_candidate	cqpl_result_assessment_v1	contract_basis:structural_c_free_v1;cqpl_three_valued_model_check_v1;evidence:allocation_state_includes_allocated;evidence:may_deallocation_observed;evidence:may_use_observed;evidence:no_reallocation_between_events;evidence:ordered_drop_before_use;finding:drop_then_use_without_reallocation;finding_strength:observational_candidate	positive supporting evidence does not promote UNKNOWN to true;MAY evidence is never promoted to MUST	results/uaf-df-mail-lillo/use_after_free_alloc.explain.json	MAY_ALLOCATION;MAY_DEALLOCATION;MAY_USE;PATH_JOIN;QUERY_THREE_VALUED_PROPAGATION	1	1	drop_then_use_without_reallocation	observational_candidate	0		
corpus	uaf-df-mail-lillo	/home/af/Documenti/a-phd/repro-results/gate-l1-normal-execution-20260919T152848Z/main/raw/uaf-df-mail-lillo/annotated_icfg_v2.json	use_after_free_alloc_state	unk	unk_true	true	observational_candidate	cqpl_result_assessment_v1	contract_basis:structural_c_free_v1;cqpl_three_valued_model_check_v1;evidence:allocation_state_includes_allocated;evidence:may_deallocation_observed;evidence:may_use_observed;evidence:no_reallocation_between_events;evidence:ordered_drop_before_use;finding:drop_then_use_without_reallocation;finding_strength:observational_candidate	positive supporting evidence does not promote UNKNOWN to true;MAY evidence is never promoted to MUST	results/uaf-df-mail-lillo/use_after_free_alloc_state.explain.json	MAY_ALLOCATION;MAY_DEALLOCATION;MAY_USE;PATH_JOIN;QUERY_THREE_VALUED_PROPAGATION	1	1	drop_then_use_without_reallocation	observational_candidate	0		
corpus	uaf_mem_leak_ffi	/home/af/Documenti/a-phd/repro-results/gate-l1-normal-execution-20260919T152848Z/main/raw/uaf_mem_leak_ffi/annotated_icfg_v2.json	allocator_mismatch_ub	unk	unk_true	true	strong_abstract_evidence	cqpl_result_assessment_v1	contract_basis:structural_c_free_v1;cqpl_three_valued_model_check_v1;evidence:allocation_state_includes_allocated;evidence:allocator_families_differ;evidence:known_allocator_family;evidence:known_deallocator_family;evidence:may_deallocation_observed;evidence:producer_certified_deallocator_contract;finding:allocator_family_mismatch;finding_strength:strong_abstract_evidence	positive supporting evidence does not promote UNKNOWN to true;MAY evidence is never promoted to MUST	results/uaf_mem_leak_ffi/allocator_mismatch_ub.explain.json	MAY_ALLOCATION;MAY_DEALLOCATION;QUERY_THREE_VALUED_PROPAGATION	1	1	allocator_family_mismatch	strong_abstract_evidence	0		
corpus	uaf_mem_leak_ffi	/home/af/Documenti/a-phd/repro-results/gate-l1-normal-execution-20260919T152848Z/main/raw/uaf_mem_leak_ffi/annotated_icfg_v2.json	allocator_mismatch_ub_v2	unk	unk_true	true	strong_abstract_evidence	cqpl_result_assessment_v1	contract_basis:structural_c_free_v1;cqpl_three_valued_model_check_v1;evidence:allocation_state_includes_allocated;evidence:allocator_families_differ;evidence:known_allocator_family;evidence:known_deallocator_family;evidence:may_deallocation_observed;evidence:producer_certified_deallocator_contract;finding:allocator_family_mismatch;finding_strength:strong_abstract_evidence	positive supporting evidence does not promote UNKNOWN to true;MAY evidence is never promoted to MUST	results/uaf_mem_leak_ffi/allocator_mismatch_ub_v2.explain.json	MAY_ALLOCATION;MAY_DEALLOCATION;QUERY_THREE_VALUED_PROPAGATION	1	1	allocator_family_mismatch	strong_abstract_evidence	0		
corpus	uaf_mem_leak_ffi	/home/af/Documenti/a-phd/repro-results/gate-l1-normal-execution-20260919T152848Z/main/raw/uaf_mem_leak_ffi/annotated_icfg_v2.json	leak_alloc	unk	unk_true	true	strong_abstract_evidence	cqpl_result_assessment_v1	cqpl_three_valued_model_check_v1;disposition_basis:rustc_box_into_raw_v1;evidence:no_intervening_call_after_handoff;evidence:no_modeled_discharge_on_witness_path;evidence:normal_return_reachable;evidence:producer_certified_box_into_raw;finding:normal_return_open_manual_obligation;finding_strength:strong_abstract_evidence	positive supporting evidence does not promote UNKNOWN to true;MAY evidence is never promoted to MUST	results/uaf_mem_leak_ffi/leak_alloc.explain.json	MAY_ALLOCATION;MAY_DEALLOCATION;QUERY_THREE_VALUED_PROPAGATION	2	1	normal_return_open_manual_obligation	strong_abstract_evidence	0		
corpus	uaf_mem_leak_ffi	/home/af/Documenti/a-phd/repro-results/gate-l1-normal-execution-20260919T152848Z/main/raw/uaf_mem_leak_ffi/annotated_icfg_v2.json	leak_alloc_state	unk	unk_true	true	strong_abstract_evidence	cqpl_result_assessment_v1	assessment_scope:normal_execution;capability:typed_edge_flow_v1;cqpl_three_valued_model_check_v1;disposition_basis:rustc_box_into_raw_v1;evidence:no_intervening_call_after_handoff;evidence:no_modeled_discharge_on_witness_path;evidence:normal_return_reachable;evidence:producer_certified_box_into_raw;finding:normal_return_open_manual_obligation;finding_strength:strong_abstract_evidence	positive supporting evidence does not promote UNKNOWN to true;MAY evidence is never promoted to MUST;directional assessment is restricted to typed normal edges; CQPL truth remains evaluated on the complete transition relation including unwind edges	results/uaf_mem_leak_ffi/leak_alloc_state.explain.json	ABSTRACT_TOP_STATE;MAY_ALLOCATION;MAY_DEALLOCATION;QUERY_THREE_VALUED_PROPAGATION	2	1	normal_return_open_manual_obligation	strong_abstract_evidence	0		
corpus	uaf_mem_leak_ffi	/home/af/Documenti/a-phd/repro-results/gate-l1-normal-execution-20260919T152848Z/main/raw/uaf_mem_leak_ffi/annotated_icfg_v2.json	use_after_free_alloc	unk	unk_true	true	observational_candidate	cqpl_result_assessment_v1	contract_basis:structural_c_free_v1;cqpl_three_valued_model_check_v1;evidence:allocation_state_includes_allocated;evidence:may_deallocation_observed;evidence:may_use_observed;evidence:no_reallocation_between_events;evidence:ordered_drop_before_use;finding:drop_then_use_without_reallocation;finding_strength:observational_candidate	positive supporting evidence does not promote UNKNOWN to true;MAY evidence is never promoted to MUST	results/uaf_mem_leak_ffi/use_after_free_alloc.explain.json	MAY_ALLOCATION;MAY_DEALLOCATION;MAY_USE;QUERY_THREE_VALUED_PROPAGATION	1	1	drop_then_use_without_reallocation	observational_candidate	0		
corpus	uaf_mem_leak_ffi	/home/af/Documenti/a-phd/repro-results/gate-l1-normal-execution-20260919T152848Z/main/raw/uaf_mem_leak_ffi/annotated_icfg_v2.json	use_after_free_alloc_state	unk	unk_true	true	observational_candidate	cqpl_result_assessment_v1	contract_basis:structural_c_free_v1;cqpl_three_valued_model_check_v1;evidence:allocation_state_includes_allocated;evidence:may_deallocation_observed;evidence:may_use_observed;evidence:no_reallocation_between_events;evidence:ordered_drop_before_use;finding:drop_then_use_without_reallocation;finding_strength:observational_candidate	positive supporting evidence does not promote UNKNOWN to true;MAY evidence is never promoted to MUST	results/uaf_mem_leak_ffi/use_after_free_alloc_state.explain.json	MAY_ALLOCATION;MAY_DEALLOCATION;MAY_USE;QUERY_THREE_VALUED_PROPAGATION	1	1	drop_then_use_without_reallocation	observational_candidate	0		
corpus	uaf_read_ptr	/home/af/Documenti/a-phd/repro-results/gate-l1-normal-execution-20260919T152848Z/main/raw/uaf_read_ptr/annotated_icfg_v2.json	leak_alloc	unk	unk_unoriented	none	unresolved	cqpl_result_assessment_v1	cqpl_three_valued_model_check_v1	no directional supporting or refuting finding is certified beyond the uncertainty frontier;non-directional unresolved-contract candidates do not orient UNKNOWN toward true or false	results/uaf_read_ptr/leak_alloc.explain.json	MAY_ALLOCATION;MAY_DEALLOCATION;QUERY_THREE_VALUED_PROPAGATION	1	0			0		
corpus	uaf_read_ptr	/home/af/Documenti/a-phd/repro-results/gate-l1-normal-execution-20260919T152848Z/main/raw/uaf_read_ptr/annotated_icfg_v2.json	leak_alloc_state	unk	unk_unoriented	none	unresolved	cqpl_result_assessment_v1	assessment_scope:normal_execution;capability:typed_edge_flow_v1;cqpl_three_valued_model_check_v1	no directional supporting or refuting finding is certified beyond the uncertainty frontier;non-directional unresolved-contract candidates do not orient UNKNOWN toward true or false;directional assessment is restricted to typed normal edges; CQPL truth remains evaluated on the complete transition relation including unwind edges	results/uaf_read_ptr/leak_alloc_state.explain.json	MAY_ALLOCATION;MAY_DEALLOCATION;QUERY_THREE_VALUED_PROPAGATION	1	0			0		
corpus	uaf_read_ptr	/home/af/Documenti/a-phd/repro-results/gate-l1-normal-execution-20260919T152848Z/main/raw/uaf_read_ptr/annotated_icfg_v2.json	use_after_free_alloc	unk	unk_true	true	observational_candidate	cqpl_result_assessment_v1	contract_basis:rust_box_global_drop;cqpl_three_valued_model_check_v1;disposition_basis:rustc_cstring_into_raw_v1;evidence:allocation_state_includes_allocated;evidence:may_deallocation_observed;evidence:may_use_observed;evidence:no_reallocation_between_events;evidence:ordered_drop_before_use;evidence:producer_certified_c_string_into_raw;finding:drop_then_use_without_reallocation;finding_strength:observational_candidate	positive supporting evidence does not promote UNKNOWN to true;MAY evidence is never promoted to MUST	results/uaf_read_ptr/use_after_free_alloc.explain.json	MAY_ALLOCATION;MAY_DEALLOCATION;MAY_USE;QUERY_THREE_VALUED_PROPAGATION	1	1	drop_then_use_without_reallocation	observational_candidate	0		
corpus	uaf_read_ptr	/home/af/Documenti/a-phd/repro-results/gate-l1-normal-execution-20260919T152848Z/main/raw/uaf_read_ptr/annotated_icfg_v2.json	use_after_free_alloc_state	unk	unk_true	true	observational_candidate	cqpl_result_assessment_v1	contract_basis:rust_box_global_drop;cqpl_three_valued_model_check_v1;disposition_basis:rustc_cstring_into_raw_v1;evidence:allocation_state_includes_allocated;evidence:may_deallocation_observed;evidence:may_use_observed;evidence:no_reallocation_between_events;evidence:ordered_drop_before_use;evidence:producer_certified_c_string_into_raw;finding:drop_then_use_without_reallocation;finding_strength:observational_candidate	positive supporting evidence does not promote UNKNOWN to true;MAY evidence is never promoted to MUST	results/uaf_read_ptr/use_after_free_alloc_state.explain.json	MAY_ALLOCATION;MAY_DEALLOCATION;MAY_USE;QUERY_THREE_VALUED_PROPAGATION	1	1	drop_then_use_without_reallocation	observational_candidate	0		
corpus	unsafely-created-owned-type	/home/af/Documenti/a-phd/repro-results/gate-l1-normal-execution-20260919T152848Z/main/raw/unsafely-created-owned-type/annotated_icfg_v2.json	leak_alloc	unk	unk_true	true	observational_candidate	cqpl_result_assessment_v1	cqpl_three_valued_model_check_v1;disposition_basis:rustc_box_into_raw_v1;evidence:no_modeled_discharge_on_witness_path;evidence:normal_return_reachable;evidence:producer_certified_box_into_raw;finding:normal_return_open_manual_obligation;finding_strength:observational_candidate	positive supporting evidence does not promote UNKNOWN to true;MAY evidence is never promoted to MUST	results/unsafely-created-owned-type/leak_alloc.explain.json	MAY_ALLOCATION;QUERY_THREE_VALUED_PROPAGATION	1	1	normal_return_open_manual_obligation	observational_candidate	0		
corpus	unsafely-created-owned-type	/home/af/Documenti/a-phd/repro-results/gate-l1-normal-execution-20260919T152848Z/main/raw/unsafely-created-owned-type/annotated_icfg_v2.json	leak_alloc_state	unk	unk_true	true	observational_candidate	cqpl_result_assessment_v1	assessment_scope:normal_execution;capability:typed_edge_flow_v1;cqpl_three_valued_model_check_v1;disposition_basis:rustc_box_into_raw_v1;evidence:no_modeled_discharge_on_witness_path;evidence:normal_return_reachable;evidence:producer_certified_box_into_raw;finding:normal_return_open_manual_obligation;finding_strength:observational_candidate	positive supporting evidence does not promote UNKNOWN to true;MAY evidence is never promoted to MUST;directional assessment is restricted to typed normal edges; CQPL truth remains evaluated on the complete transition relation including unwind edges	results/unsafely-created-owned-type/leak_alloc_state.explain.json	MAY_ALLOCATION;QUERY_THREE_VALUED_PROPAGATION	1	1	normal_return_open_manual_obligation	observational_candidate	0		
corpus	vuln_only_mem_leak_but_df_branch_overapprox_FFI	/home/af/Documenti/a-phd/repro-results/gate-l1-normal-execution-20260919T152848Z/main/raw/vuln_only_mem_leak_but_df_branch_overapprox_FFI/annotated_icfg_v2.json	allocator_mismatch_ub	unk	unk_true	true	strong_abstract_evidence	cqpl_result_assessment_v1	contract_basis:structural_c_free_v1;cqpl_three_valued_model_check_v1;disposition_basis:rustc_cstring_into_raw_v1;evidence:allocation_state_includes_allocated;evidence:allocator_families_differ;evidence:known_allocator_family;evidence:known_deallocator_family;evidence:may_deallocation_observed;evidence:producer_certified_c_string_into_raw;evidence:producer_certified_deallocator_contract;finding:allocator_family_mismatch;finding_strength:strong_abstract_evidence	positive supporting evidence does not promote UNKNOWN to true;MAY evidence is never promoted to MUST	results/vuln_only_mem_leak_but_df_branch_overapprox_FFI/allocator_mismatch_ub.explain.json	MAY_ALLOCATION;MAY_DEALLOCATION;QUERY_THREE_VALUED_PROPAGATION	1	1	allocator_family_mismatch	strong_abstract_evidence	0		
corpus	vuln_only_mem_leak_but_df_branch_overapprox_FFI	/home/af/Documenti/a-phd/repro-results/gate-l1-normal-execution-20260919T152848Z/main/raw/vuln_only_mem_leak_but_df_branch_overapprox_FFI/annotated_icfg_v2.json	allocator_mismatch_ub_v2	unk	unk_true	true	strong_abstract_evidence	cqpl_result_assessment_v1	contract_basis:structural_c_free_v1;cqpl_three_valued_model_check_v1;disposition_basis:rustc_cstring_into_raw_v1;evidence:allocation_state_includes_allocated;evidence:allocator_families_differ;evidence:known_allocator_family;evidence:known_deallocator_family;evidence:may_deallocation_observed;evidence:producer_certified_c_string_into_raw;evidence:producer_certified_deallocator_contract;finding:allocator_family_mismatch;finding_strength:strong_abstract_evidence	positive supporting evidence does not promote UNKNOWN to true;MAY evidence is never promoted to MUST	results/vuln_only_mem_leak_but_df_branch_overapprox_FFI/allocator_mismatch_ub_v2.explain.json	MAY_ALLOCATION;MAY_DEALLOCATION;QUERY_THREE_VALUED_PROPAGATION	1	1	allocator_family_mismatch	strong_abstract_evidence	0		
corpus	vuln_only_mem_leak_but_df_branch_overapprox_FFI	/home/af/Documenti/a-phd/repro-results/gate-l1-normal-execution-20260919T152848Z/main/raw/vuln_only_mem_leak_but_df_branch_overapprox_FFI/annotated_icfg_v2.json	double_free_alloc	unk	unk_true	true	observational_candidate	cqpl_result_assessment_v1	contract_basis:rust_cstring_global_drop;contract_basis:structural_c_free_v1;cqpl_three_valued_model_check_v1;disposition_basis:rustc_cstring_from_raw_v1;disposition_basis:rustc_cstring_into_raw_v1;evidence:allocation_state_includes_allocated;evidence:may_deallocation_observed;evidence:no_reallocation_between_events;evidence:producer_certified_c_string_from_raw;evidence:producer_certified_c_string_into_raw;evidence:two_ordered_drops_observed;finding:repeated_drop_without_reallocation;finding_strength:observational_candidate	positive supporting evidence does not promote UNKNOWN to true;MAY evidence is never promoted to MUST	results/vuln_only_mem_leak_but_df_branch_overapprox_FFI/double_free_alloc.explain.json	MAY_ALLOCATION;MAY_DEALLOCATION;QUERY_THREE_VALUED_PROPAGATION	1	1	repeated_drop_without_reallocation	observational_candidate	0		
corpus	vuln_only_mem_leak_but_df_branch_overapprox_FFI	/home/af/Documenti/a-phd/repro-results/gate-l1-normal-execution-20260919T152848Z/main/raw/vuln_only_mem_leak_but_df_branch_overapprox_FFI/annotated_icfg_v2.json	double_free_alloc_state	unk	unk_true	true	observational_candidate	cqpl_result_assessment_v1	contract_basis:rust_cstring_global_drop;contract_basis:structural_c_free_v1;cqpl_three_valued_model_check_v1;disposition_basis:rustc_cstring_from_raw_v1;disposition_basis:rustc_cstring_into_raw_v1;evidence:allocation_state_includes_allocated;evidence:may_deallocation_observed;evidence:no_reallocation_between_events;evidence:producer_certified_c_string_from_raw;evidence:producer_certified_c_string_into_raw;evidence:two_ordered_drops_observed;finding:repeated_drop_without_reallocation;finding_strength:observational_candidate	positive supporting evidence does not promote UNKNOWN to true;MAY evidence is never promoted to MUST	results/vuln_only_mem_leak_but_df_branch_overapprox_FFI/double_free_alloc_state.explain.json	MAY_ALLOCATION;MAY_DEALLOCATION;QUERY_THREE_VALUED_PROPAGATION	1	1	repeated_drop_without_reallocation	observational_candidate	0		
corpus	vuln_only_mem_leak_but_df_branch_overapprox_FFI	/home/af/Documenti/a-phd/repro-results/gate-l1-normal-execution-20260919T152848Z/main/raw/vuln_only_mem_leak_but_df_branch_overapprox_FFI/annotated_icfg_v2.json	leak_alloc	unk	unk_true	true	observational_candidate	cqpl_result_assessment_v1	cqpl_three_valued_model_check_v1;disposition_basis:rustc_cstring_into_raw_v1;evidence:no_modeled_discharge_on_witness_path;evidence:non_returning_discharge_observed_off_witness;evidence:normal_return_reachable;evidence:producer_certified_c_string_into_raw;external_effect_basis:svf_call_effect_unresolved_v1;ffi_identity_basis:crema_bmulti_actual_formal_identity_v1;finding:normal_return_open_manual_obligation;finding_strength:observational_candidate;formal_mapping_basis:svf_formal_arg_index_v1	positive supporting evidence does not promote UNKNOWN to true;MAY evidence is never promoted to MUST	results/vuln_only_mem_leak_but_df_branch_overapprox_FFI/leak_alloc.explain.json	MAY_ALLOCATION;MAY_DEALLOCATION;QUERY_THREE_VALUED_PROPAGATION	2	1	normal_return_open_manual_obligation	observational_candidate	0		
corpus	vuln_only_mem_leak_but_df_branch_overapprox_FFI	/home/af/Documenti/a-phd/repro-results/gate-l1-normal-execution-20260919T152848Z/main/raw/vuln_only_mem_leak_but_df_branch_overapprox_FFI/annotated_icfg_v2.json	leak_alloc_state	unk	unk_true	true	observational_candidate	cqpl_result_assessment_v1	assessment_scope:normal_execution;capability:typed_edge_flow_v1;cqpl_three_valued_model_check_v1;disposition_basis:rustc_cstring_into_raw_v1;evidence:no_modeled_discharge_on_witness_path;evidence:normal_return_reachable;evidence:producer_certified_c_string_into_raw;external_effect_basis:svf_call_effect_unresolved_v1;ffi_identity_basis:crema_bmulti_actual_formal_identity_v1;finding:normal_return_open_manual_obligation;finding_strength:observational_candidate;formal_mapping_basis:svf_formal_arg_index_v1	positive supporting evidence does not promote UNKNOWN to true;MAY evidence is never promoted to MUST;directional assessment is restricted to typed normal edges; CQPL truth remains evaluated on the complete transition relation including unwind edges	results/vuln_only_mem_leak_but_df_branch_overapprox_FFI/leak_alloc_state.explain.json	ABSTRACT_TOP_STATE;MAY_ALLOCATION;MAY_DEALLOCATION;QUERY_THREE_VALUED_PROPAGATION	2	1	normal_return_open_manual_obligation	observational_candidate	0		
corpus	vuln_only_mem_leak_but_df_branch_overapprox_FFI	/home/af/Documenti/a-phd/repro-results/gate-l1-normal-execution-20260919T152848Z/main/raw/vuln_only_mem_leak_but_df_branch_overapprox_FFI/annotated_icfg_v2.json	use_after_free_alloc	unk	unk_true	true	observational_candidate	cqpl_result_assessment_v1	contract_basis:structural_c_free_v1;cqpl_three_valued_model_check_v1;disposition_basis:rustc_cstring_from_raw_v1;disposition_basis:rustc_cstring_into_raw_v1;evidence:allocation_state_includes_allocated;evidence:may_deallocation_observed;evidence:may_use_observed;evidence:no_reallocation_between_events;evidence:ordered_drop_before_use;evidence:producer_certified_c_string_from_raw;evidence:producer_certified_c_string_into_raw;finding:drop_then_use_without_reallocation;finding_strength:observational_candidate	positive supporting evidence does not promote UNKNOWN to true;MAY evidence is never promoted to MUST	results/vuln_only_mem_leak_but_df_branch_overapprox_FFI/use_after_free_alloc.explain.json	MAY_ALLOCATION;MAY_DEALLOCATION;MAY_USE;QUERY_THREE_VALUED_PROPAGATION	1	1	drop_then_use_without_reallocation	observational_candidate	0		
corpus	vuln_only_mem_leak_but_df_branch_overapprox_FFI	/home/af/Documenti/a-phd/repro-results/gate-l1-normal-execution-20260919T152848Z/main/raw/vuln_only_mem_leak_but_df_branch_overapprox_FFI/annotated_icfg_v2.json	use_after_free_alloc_state	unk	unk_true	true	observational_candidate	cqpl_result_assessment_v1	contract_basis:structural_c_free_v1;cqpl_three_valued_model_check_v1;disposition_basis:rustc_cstring_from_raw_v1;disposition_basis:rustc_cstring_into_raw_v1;evidence:allocation_state_includes_allocated;evidence:may_deallocation_observed;evidence:may_use_observed;evidence:no_reallocation_between_events;evidence:ordered_drop_before_use;evidence:producer_certified_c_string_from_raw;evidence:producer_certified_c_string_into_raw;finding:drop_then_use_without_reallocation;finding_strength:observational_candidate	positive supporting evidence does not promote UNKNOWN to true;MAY evidence is never promoted to MUST	results/vuln_only_mem_leak_but_df_branch_overapprox_FFI/use_after_free_alloc_state.explain.json	MAY_ALLOCATION;MAY_DEALLOCATION;MAY_USE;QUERY_THREE_VALUED_PROPAGATION	1	1	drop_then_use_without_reallocation	observational_candidate	0		
corpus	warning_ub_bool	/home/af/Documenti/a-phd/repro-results/gate-l1-normal-execution-20260919T152848Z/main/raw/warning_ub_bool/annotated_icfg_v2.json	allocator_mismatch_ub	unk	unk_true	true	strong_abstract_evidence	cqpl_result_assessment_v1	contract_basis:structural_c_free_v1;cqpl_three_valued_model_check_v1;evidence:allocation_state_includes_allocated;evidence:allocator_families_differ;evidence:known_allocator_family;evidence:known_deallocator_family;evidence:may_deallocation_observed;evidence:producer_certified_deallocator_contract;finding:allocator_family_mismatch;finding_strength:strong_abstract_evidence	positive supporting evidence does not promote UNKNOWN to true;MAY evidence is never promoted to MUST	results/warning_ub_bool/allocator_mismatch_ub.explain.json	MAY_ALLOCATION;MAY_DEALLOCATION;PATH_JOIN;QUERY_THREE_VALUED_PROPAGATION	1	1	allocator_family_mismatch	strong_abstract_evidence	0		
corpus	warning_ub_bool	/home/af/Documenti/a-phd/repro-results/gate-l1-normal-execution-20260919T152848Z/main/raw/warning_ub_bool/annotated_icfg_v2.json	allocator_mismatch_ub_v2	unk	unk_true	true	strong_abstract_evidence	cqpl_result_assessment_v1	contract_basis:structural_c_free_v1;cqpl_three_valued_model_check_v1;evidence:allocation_state_includes_allocated;evidence:allocator_families_differ;evidence:known_allocator_family;evidence:known_deallocator_family;evidence:may_deallocation_observed;evidence:producer_certified_deallocator_contract;finding:allocator_family_mismatch;finding_strength:strong_abstract_evidence	positive supporting evidence does not promote UNKNOWN to true;MAY evidence is never promoted to MUST	results/warning_ub_bool/allocator_mismatch_ub_v2.explain.json	MAY_ALLOCATION;MAY_DEALLOCATION;PATH_JOIN;QUERY_THREE_VALUED_PROPAGATION	1	1	allocator_family_mismatch	strong_abstract_evidence	0		
corpus	warning_ub_bool	/home/af/Documenti/a-phd/repro-results/gate-l1-normal-execution-20260919T152848Z/main/raw/warning_ub_bool/annotated_icfg_v2.json	leak_alloc	unk	unk_true	true	observational_candidate	cqpl_result_assessment_v1	cqpl_three_valued_model_check_v1;disposition_basis:rustc_box_into_raw_v1;evidence:no_modeled_discharge_on_witness_path;evidence:normal_return_reachable;evidence:producer_certified_box_into_raw;external_effect_basis:structural_c_free_v1;external_effect_corroborating_basis:llvm16_tli_direct_callee_allockind_deallocation_v1;ffi_identity_basis:crema_bmulti_actual_formal_identity_v1;finding:normal_return_open_manual_obligation;finding_strength:observational_candidate;formal_mapping_basis:svf_formal_arg_index_v1	positive supporting evidence does not promote UNKNOWN to true;MAY evidence is never promoted to MUST	results/warning_ub_bool/leak_alloc.explain.json	MAY_ALLOCATION;QUERY_THREE_VALUED_PROPAGATION	1	1	normal_return_open_manual_obligation	observational_candidate	0		
corpus	warning_ub_bool	/home/af/Documenti/a-phd/repro-results/gate-l1-normal-execution-20260919T152848Z/main/raw/warning_ub_bool/annotated_icfg_v2.json	leak_alloc_state	unk	unk_true	true	observational_candidate	cqpl_result_assessment_v1	assessment_scope:normal_execution;capability:typed_edge_flow_v1;cqpl_three_valued_model_check_v1;disposition_basis:rustc_box_into_raw_v1;evidence:no_modeled_discharge_on_witness_path;evidence:normal_return_reachable;evidence:producer_certified_box_into_raw;external_effect_basis:structural_c_free_v1;external_effect_corroborating_basis:llvm16_tli_direct_callee_allockind_deallocation_v1;ffi_identity_basis:crema_bmulti_actual_formal_identity_v1;finding:normal_return_open_manual_obligation;finding_strength:observational_candidate;formal_mapping_basis:svf_formal_arg_index_v1	positive supporting evidence does not promote UNKNOWN to true;MAY evidence is never promoted to MUST;directional assessment is restricted to typed normal edges; CQPL truth remains evaluated on the complete transition relation including unwind edges	results/warning_ub_bool/leak_alloc_state.explain.json	MAY_ALLOCATION;QUERY_THREE_VALUED_PROPAGATION	1	1	normal_return_open_manual_obligation	observational_candidate	0		
corpus	warning_ub_int	/home/af/Documenti/a-phd/repro-results/gate-l1-normal-execution-20260919T152848Z/main/raw/warning_ub_int/annotated_icfg_v2.json	allocator_mismatch_ub	unk	unk_true	true	strong_abstract_evidence	cqpl_result_assessment_v1	contract_basis:structural_c_free_v1;cqpl_three_valued_model_check_v1;evidence:allocation_state_includes_allocated;evidence:allocator_families_differ;evidence:known_allocator_family;evidence:known_deallocator_family;evidence:may_deallocation_observed;evidence:producer_certified_deallocator_contract;finding:allocator_family_mismatch;finding_strength:strong_abstract_evidence	positive supporting evidence does not promote UNKNOWN to true;MAY evidence is never promoted to MUST	results/warning_ub_int/allocator_mismatch_ub.explain.json	MAY_ALLOCATION;MAY_DEALLOCATION;QUERY_THREE_VALUED_PROPAGATION	1	1	allocator_family_mismatch	strong_abstract_evidence	0		
corpus	warning_ub_int	/home/af/Documenti/a-phd/repro-results/gate-l1-normal-execution-20260919T152848Z/main/raw/warning_ub_int/annotated_icfg_v2.json	allocator_mismatch_ub_v2	unk	unk_true	true	strong_abstract_evidence	cqpl_result_assessment_v1	contract_basis:structural_c_free_v1;cqpl_three_valued_model_check_v1;evidence:allocation_state_includes_allocated;evidence:allocator_families_differ;evidence:known_allocator_family;evidence:known_deallocator_family;evidence:may_deallocation_observed;evidence:producer_certified_deallocator_contract;finding:allocator_family_mismatch;finding_strength:strong_abstract_evidence	positive supporting evidence does not promote UNKNOWN to true;MAY evidence is never promoted to MUST	results/warning_ub_int/allocator_mismatch_ub_v2.explain.json	MAY_ALLOCATION;MAY_DEALLOCATION;QUERY_THREE_VALUED_PROPAGATION	1	1	allocator_family_mismatch	strong_abstract_evidence	0		
corpus	warning_ub_int	/home/af/Documenti/a-phd/repro-results/gate-l1-normal-execution-20260919T152848Z/main/raw/warning_ub_int/annotated_icfg_v2.json	leak_alloc	unk	unk_unoriented	none	unresolved	cqpl_result_assessment_v1	cqpl_three_valued_model_check_v1	no directional supporting or refuting finding is certified beyond the uncertainty frontier;non-directional unresolved-contract candidates do not orient UNKNOWN toward true or false	results/warning_ub_int/leak_alloc.explain.json	MAY_ALLOCATION;MAY_DEALLOCATION;QUERY_THREE_VALUED_PROPAGATION	1	0			0		
corpus	warning_ub_int	/home/af/Documenti/a-phd/repro-results/gate-l1-normal-execution-20260919T152848Z/main/raw/warning_ub_int/annotated_icfg_v2.json	leak_alloc_state	unk	unk_unoriented	none	unresolved	cqpl_result_assessment_v1	assessment_scope:normal_execution;capability:typed_edge_flow_v1;cqpl_three_valued_model_check_v1	no directional supporting or refuting finding is certified beyond the uncertainty frontier;non-directional unresolved-contract candidates do not orient UNKNOWN toward true or false;directional assessment is restricted to typed normal edges; CQPL truth remains evaluated on the complete transition relation including unwind edges	results/warning_ub_int/leak_alloc_state.explain.json	MAY_ALLOCATION;QUERY_THREE_VALUED_PROPAGATION	1	0			0		
corpus	warning_ub_mult	/home/af/Documenti/a-phd/repro-results/gate-l1-normal-execution-20260919T152848Z/main/raw/warning_ub_mult/annotated_icfg_v2.json	allocator_mismatch_ub	unk	unk_true	true	strong_abstract_evidence	cqpl_result_assessment_v1	contract_basis:structural_c_free_v1;cqpl_three_valued_model_check_v1;evidence:allocation_state_includes_allocated;evidence:allocator_families_differ;evidence:known_allocator_family;evidence:known_deallocator_family;evidence:may_deallocation_observed;evidence:producer_certified_deallocator_contract;finding:allocator_family_mismatch;finding_strength:strong_abstract_evidence	positive supporting evidence does not promote UNKNOWN to true;MAY evidence is never promoted to MUST	results/warning_ub_mult/allocator_mismatch_ub.explain.json	MAY_ALLOCATION;MAY_DEALLOCATION;PATH_JOIN;QUERY_THREE_VALUED_PROPAGATION	3	3	allocator_family_mismatch	strong_abstract_evidence	0		
corpus	warning_ub_mult	/home/af/Documenti/a-phd/repro-results/gate-l1-normal-execution-20260919T152848Z/main/raw/warning_ub_mult/annotated_icfg_v2.json	allocator_mismatch_ub_v2	unk	unk_true	true	strong_abstract_evidence	cqpl_result_assessment_v1	contract_basis:structural_c_free_v1;cqpl_three_valued_model_check_v1;evidence:allocation_state_includes_allocated;evidence:allocator_families_differ;evidence:known_allocator_family;evidence:known_deallocator_family;evidence:may_deallocation_observed;evidence:producer_certified_deallocator_contract;finding:allocator_family_mismatch;finding_strength:strong_abstract_evidence	positive supporting evidence does not promote UNKNOWN to true;MAY evidence is never promoted to MUST	results/warning_ub_mult/allocator_mismatch_ub_v2.explain.json	MAY_ALLOCATION;MAY_DEALLOCATION;PATH_JOIN;QUERY_THREE_VALUED_PROPAGATION	3	3	allocator_family_mismatch	strong_abstract_evidence	0		
corpus	warning_ub_mult	/home/af/Documenti/a-phd/repro-results/gate-l1-normal-execution-20260919T152848Z/main/raw/warning_ub_mult/annotated_icfg_v2.json	leak_alloc	unk	unk_true	true	observational_candidate	cqpl_result_assessment_v1	cqpl_three_valued_model_check_v1;disposition_basis:rustc_box_into_raw_v1;evidence:no_modeled_discharge_on_witness_path;evidence:normal_return_reachable;evidence:producer_certified_box_into_raw;external_effect_basis:structural_c_free_v1;external_effect_corroborating_basis:llvm16_tli_direct_callee_allockind_deallocation_v1;ffi_identity_basis:crema_bmulti_actual_formal_identity_v1;finding:normal_return_open_manual_obligation;finding_strength:observational_candidate;formal_mapping_basis:svf_formal_arg_index_v1	positive supporting evidence does not promote UNKNOWN to true;MAY evidence is never promoted to MUST	results/warning_ub_mult/leak_alloc.explain.json	MAY_ALLOCATION;MAY_DEALLOCATION;QUERY_THREE_VALUED_PROPAGATION	3	2	normal_return_open_manual_obligation	observational_candidate	0		
corpus	warning_ub_mult	/home/af/Documenti/a-phd/repro-results/gate-l1-normal-execution-20260919T152848Z/main/raw/warning_ub_mult/annotated_icfg_v2.json	leak_alloc_state	unk	unk_true	true	observational_candidate	cqpl_result_assessment_v1	assessment_scope:normal_execution;capability:typed_edge_flow_v1;cqpl_three_valued_model_check_v1;disposition_basis:rustc_box_into_raw_v1;evidence:no_modeled_discharge_on_witness_path;evidence:normal_return_reachable;evidence:producer_certified_box_into_raw;external_effect_basis:structural_c_free_v1;external_effect_corroborating_basis:llvm16_tli_direct_callee_allockind_deallocation_v1;ffi_identity_basis:crema_bmulti_actual_formal_identity_v1;finding:normal_return_open_manual_obligation;finding_strength:observational_candidate;formal_mapping_basis:svf_formal_arg_index_v1	positive supporting evidence does not promote UNKNOWN to true;MAY evidence is never promoted to MUST;directional assessment is restricted to typed normal edges; CQPL truth remains evaluated on the complete transition relation including unwind edges	results/warning_ub_mult/leak_alloc_state.explain.json	MAY_ALLOCATION;QUERY_THREE_VALUED_PROPAGATION	3	2	normal_return_open_manual_obligation	observational_candidate	0		
corpus	warning_ub_string	/home/af/Documenti/a-phd/repro-results/gate-l1-normal-execution-20260919T152848Z/main/raw/warning_ub_string/annotated_icfg_v2.json	allocator_mismatch_ub	unk	unk_true	true	strong_abstract_evidence	cqpl_result_assessment_v1	contract_basis:structural_c_free_v1;cqpl_three_valued_model_check_v1;evidence:allocation_state_includes_allocated;evidence:allocator_families_differ;evidence:known_allocator_family;evidence:known_deallocator_family;evidence:may_deallocation_observed;evidence:producer_certified_deallocator_contract;finding:allocator_family_mismatch;finding_strength:strong_abstract_evidence	positive supporting evidence does not promote UNKNOWN to true;MAY evidence is never promoted to MUST	results/warning_ub_string/allocator_mismatch_ub.explain.json	MAY_ALLOCATION;MAY_DEALLOCATION;PATH_JOIN;QUERY_THREE_VALUED_PROPAGATION	1	1	allocator_family_mismatch	strong_abstract_evidence	0		
corpus	warning_ub_string	/home/af/Documenti/a-phd/repro-results/gate-l1-normal-execution-20260919T152848Z/main/raw/warning_ub_string/annotated_icfg_v2.json	allocator_mismatch_ub_v2	unk	unk_true	true	strong_abstract_evidence	cqpl_result_assessment_v1	contract_basis:structural_c_free_v1;cqpl_three_valued_model_check_v1;evidence:allocation_state_includes_allocated;evidence:allocator_families_differ;evidence:known_allocator_family;evidence:known_deallocator_family;evidence:may_deallocation_observed;evidence:producer_certified_deallocator_contract;finding:allocator_family_mismatch;finding_strength:strong_abstract_evidence	positive supporting evidence does not promote UNKNOWN to true;MAY evidence is never promoted to MUST	results/warning_ub_string/allocator_mismatch_ub_v2.explain.json	MAY_ALLOCATION;MAY_DEALLOCATION;PATH_JOIN;QUERY_THREE_VALUED_PROPAGATION	1	1	allocator_family_mismatch	strong_abstract_evidence	0		
corpus	warning_ub_string	/home/af/Documenti/a-phd/repro-results/gate-l1-normal-execution-20260919T152848Z/main/raw/warning_ub_string/annotated_icfg_v2.json	leak_alloc	unk	unk_true	true	observational_candidate	cqpl_result_assessment_v1	cqpl_three_valued_model_check_v1;disposition_basis:rustc_box_into_raw_v1;evidence:no_modeled_discharge_on_witness_path;evidence:normal_return_reachable;evidence:producer_certified_box_into_raw;external_effect_basis:structural_c_free_v1;external_effect_corroborating_basis:llvm16_tli_direct_callee_allockind_deallocation_v1;ffi_identity_basis:crema_bmulti_actual_formal_identity_v1;finding:normal_return_open_manual_obligation;finding_strength:observational_candidate;formal_mapping_basis:svf_formal_arg_index_v1	positive supporting evidence does not promote UNKNOWN to true;MAY evidence is never promoted to MUST	results/warning_ub_string/leak_alloc.explain.json	MAY_ALLOCATION;QUERY_THREE_VALUED_PROPAGATION	1	1	normal_return_open_manual_obligation	observational_candidate	0		
corpus	warning_ub_string	/home/af/Documenti/a-phd/repro-results/gate-l1-normal-execution-20260919T152848Z/main/raw/warning_ub_string/annotated_icfg_v2.json	leak_alloc_state	unk	unk_true	true	observational_candidate	cqpl_result_assessment_v1	assessment_scope:normal_execution;capability:typed_edge_flow_v1;cqpl_three_valued_model_check_v1;disposition_basis:rustc_box_into_raw_v1;evidence:no_modeled_discharge_on_witness_path;evidence:normal_return_reachable;evidence:producer_certified_box_into_raw;external_effect_basis:structural_c_free_v1;external_effect_corroborating_basis:llvm16_tli_direct_callee_allockind_deallocation_v1;ffi_identity_basis:crema_bmulti_actual_formal_identity_v1;finding:normal_return_open_manual_obligation;finding_strength:observational_candidate;formal_mapping_basis:svf_formal_arg_index_v1	positive supporting evidence does not promote UNKNOWN to true;MAY evidence is never promoted to MUST;directional assessment is restricted to typed normal edges; CQPL truth remains evaluated on the complete transition relation including unwind edges	results/warning_ub_string/leak_alloc_state.explain.json	MAY_ALLOCATION;QUERY_THREE_VALUED_PROPAGATION	1	1	normal_return_open_manual_obligation	observational_candidate	0		
corpus	wasm-demo	/home/af/Documenti/a-phd/repro-results/gate-l1-normal-execution-20260919T152848Z/main/raw/wasm-demo/annotated_icfg_v2.json	leak_alloc	unk	unk_unoriented	none	unresolved	cqpl_result_assessment_v1	cqpl_three_valued_model_check_v1	no directional supporting or refuting finding is certified beyond the uncertainty frontier;non-directional unresolved-contract candidates do not orient UNKNOWN toward true or false	results/wasm-demo/leak_alloc.explain.json	MAY_ALLOCATION;QUERY_THREE_VALUED_PROPAGATION	1	0			0		
corpus	wasm-demo	/home/af/Documenti/a-phd/repro-results/gate-l1-normal-execution-20260919T152848Z/main/raw/wasm-demo/annotated_icfg_v2.json	leak_alloc_state	unk	unk_unoriented	none	unresolved	cqpl_result_assessment_v1	assessment_scope:normal_execution;capability:typed_edge_flow_v1;cqpl_three_valued_model_check_v1	no directional supporting or refuting finding is certified beyond the uncertainty frontier;non-directional unresolved-contract candidates do not orient UNKNOWN toward true or false;directional assessment is restricted to typed normal edges; CQPL truth remains evaluated on the complete transition relation including unwind edges	results/wasm-demo/leak_alloc_state.explain.json	MAY_ALLOCATION;QUERY_THREE_VALUED_PROPAGATION	1	0			0		
corpus	whisper-rs-example	/home/af/Documenti/a-phd/repro-results/gate-l1-normal-execution-20260919T152848Z/main/raw/whisper-rs-example/annotated_icfg_v2.json	leak_alloc	unk	unk_true	true	observational_candidate	cqpl_result_assessment_v1	cqpl_three_valued_model_check_v1;disposition_basis:rustc_box_into_raw_v1;evidence:no_modeled_discharge_on_witness_path;evidence:normal_return_reachable;evidence:producer_certified_box_into_raw;finding:normal_return_open_manual_obligation;finding_strength:observational_candidate	positive supporting evidence does not promote UNKNOWN to true;MAY evidence is never promoted to MUST	results/whisper-rs-example/leak_alloc.explain.json	MAY_ALLOCATION;PATH_JOIN;QUERY_THREE_VALUED_PROPAGATION	1	1	normal_return_open_manual_obligation	observational_candidate	0		
corpus	whisper-rs-example	/home/af/Documenti/a-phd/repro-results/gate-l1-normal-execution-20260919T152848Z/main/raw/whisper-rs-example/annotated_icfg_v2.json	leak_alloc_state	unk	unk_true	true	observational_candidate	cqpl_result_assessment_v1	assessment_scope:normal_execution;capability:typed_edge_flow_v1;cqpl_three_valued_model_check_v1;disposition_basis:rustc_box_into_raw_v1;evidence:no_modeled_discharge_on_witness_path;evidence:normal_return_reachable;evidence:producer_certified_box_into_raw;finding:normal_return_open_manual_obligation;finding_strength:observational_candidate	positive supporting evidence does not promote UNKNOWN to true;MAY evidence is never promoted to MUST;directional assessment is restricted to typed normal edges; CQPL truth remains evaluated on the complete transition relation including unwind edges	results/whisper-rs-example/leak_alloc_state.explain.json	ABSTRACT_TOP_STATE;MAY_ALLOCATION;MAY_DEALLOCATION;QUERY_THREE_VALUED_PROPAGATION	1	1	normal_return_open_manual_obligation	observational_candidate	0		
experimental	bmulti_clean_two_args_ffi	/home/af/Documenti/a-phd/repro-results/gate-l1-normal-execution-20260919T152848Z/experimental/raw/bmulti_clean_two_args_ffi/annotated_icfg_v2.json	leak_alloc	unk	unk_unoriented	none	unresolved	cqpl_result_assessment_v1	cqpl_three_valued_model_check_v1	no directional supporting or refuting finding is certified beyond the uncertainty frontier;non-directional unresolved-contract candidates do not orient UNKNOWN toward true or false	results/bmulti_clean_two_args_ffi/leak_alloc.explain.json	MAY_ALLOCATION;MAY_DEALLOCATION;QUERY_THREE_VALUED_PROPAGATION	2	0			0		
experimental	bmulti_clean_two_args_ffi	/home/af/Documenti/a-phd/repro-results/gate-l1-normal-execution-20260919T152848Z/experimental/raw/bmulti_clean_two_args_ffi/annotated_icfg_v2.json	leak_alloc_state	unk	unk_unoriented	none	unresolved	cqpl_result_assessment_v1	assessment_scope:normal_execution;capability:typed_edge_flow_v1;cqpl_three_valued_model_check_v1	no directional supporting or refuting finding is certified beyond the uncertainty frontier;non-directional unresolved-contract candidates do not orient UNKNOWN toward true or false;directional assessment is restricted to typed normal edges; CQPL truth remains evaluated on the complete transition relation including unwind edges	results/bmulti_clean_two_args_ffi/leak_alloc_state.explain.json	MAY_ALLOCATION;MAY_DEALLOCATION;QUERY_THREE_VALUED_PROPAGATION	2	0			0		
experimental	bmulti_df_second_ffi	/home/af/Documenti/a-phd/repro-results/gate-l1-normal-execution-20260919T152848Z/experimental/raw/bmulti_df_second_ffi/annotated_icfg_v2.json	allocator_mismatch_ub	unk	unk_true	true	strong_abstract_evidence	cqpl_result_assessment_v1	contract_basis:structural_c_free_v1;cqpl_three_valued_model_check_v1;evidence:allocation_state_includes_allocated;evidence:allocator_families_differ;evidence:known_allocator_family;evidence:known_deallocator_family;evidence:may_deallocation_observed;evidence:producer_certified_deallocator_contract;finding:allocator_family_mismatch;finding_strength:strong_abstract_evidence	positive supporting evidence does not promote UNKNOWN to true;MAY evidence is never promoted to MUST	results/bmulti_df_second_ffi/allocator_mismatch_ub.explain.json	MAY_ALLOCATION;MAY_DEALLOCATION;QUERY_THREE_VALUED_PROPAGATION	1	1	allocator_family_mismatch	strong_abstract_evidence	0		
experimental	bmulti_df_second_ffi	/home/af/Documenti/a-phd/repro-results/gate-l1-normal-execution-20260919T152848Z/experimental/raw/bmulti_df_second_ffi/annotated_icfg_v2.json	allocator_mismatch_ub_v2	unk	unk_true	true	strong_abstract_evidence	cqpl_result_assessment_v1	contract_basis:structural_c_free_v1;cqpl_three_valued_model_check_v1;evidence:allocation_state_includes_allocated;evidence:allocator_families_differ;evidence:known_allocator_family;evidence:known_deallocator_family;evidence:may_deallocation_observed;evidence:producer_certified_deallocator_contract;finding:allocator_family_mismatch;finding_strength:strong_abstract_evidence	positive supporting evidence does not promote UNKNOWN to true;MAY evidence is never promoted to MUST	results/bmulti_df_second_ffi/allocator_mismatch_ub_v2.explain.json	MAY_ALLOCATION;MAY_DEALLOCATION;QUERY_THREE_VALUED_PROPAGATION	1	1	allocator_family_mismatch	strong_abstract_evidence	0		
experimental	bmulti_df_second_ffi	/home/af/Documenti/a-phd/repro-results/gate-l1-normal-execution-20260919T152848Z/experimental/raw/bmulti_df_second_ffi/annotated_icfg_v2.json	double_free_alloc	unk	unk_true	true	observational_candidate	cqpl_result_assessment_v1	contract_basis:rust_mem_drop_owned_box_global_v1;contract_basis:structural_c_free_v1;cqpl_three_valued_model_check_v1;evidence:allocation_state_includes_allocated;evidence:may_deallocation_observed;evidence:no_reallocation_between_events;evidence:two_ordered_drops_observed;finding:repeated_drop_without_reallocation;finding_strength:observational_candidate	positive supporting evidence does not promote UNKNOWN to true;MAY evidence is never promoted to MUST	results/bmulti_df_second_ffi/double_free_alloc.explain.json	MAY_ALLOCATION;MAY_DEALLOCATION;QUERY_THREE_VALUED_PROPAGATION	1	1	repeated_drop_without_reallocation	observational_candidate	0		
experimental	bmulti_df_second_ffi	/home/af/Documenti/a-phd/repro-results/gate-l1-normal-execution-20260919T152848Z/experimental/raw/bmulti_df_second_ffi/annotated_icfg_v2.json	double_free_alloc_state	unk	unk_true	true	observational_candidate	cqpl_result_assessment_v1	contract_basis:rust_mem_drop_owned_box_global_v1;contract_basis:structural_c_free_v1;cqpl_three_valued_model_check_v1;evidence:allocation_state_includes_allocated;evidence:may_deallocation_observed;evidence:no_reallocation_between_events;evidence:two_ordered_drops_observed;finding:repeated_drop_without_reallocation;finding_strength:observational_candidate	positive supporting evidence does not promote UNKNOWN to true;MAY evidence is never promoted to MUST	results/bmulti_df_second_ffi/double_free_alloc_state.explain.json	MAY_ALLOCATION;MAY_DEALLOCATION;QUERY_THREE_VALUED_PROPAGATION	1	1	repeated_drop_without_reallocation	observational_candidate	0		
experimental	bmulti_df_second_ffi	/home/af/Documenti/a-phd/repro-results/gate-l1-normal-execution-20260919T152848Z/experimental/raw/bmulti_df_second_ffi/annotated_icfg_v2.json	leak_alloc	unk	unk_unoriented	none	unresolved	cqpl_result_assessment_v1	cqpl_three_valued_model_check_v1	no directional supporting or refuting finding is certified beyond the uncertainty frontier;non-directional unresolved-contract candidates do not orient UNKNOWN toward true or false	results/bmulti_df_second_ffi/leak_alloc.explain.json	MAY_ALLOCATION;MAY_DEALLOCATION;QUERY_THREE_VALUED_PROPAGATION	2	0			0		
experimental	bmulti_df_second_ffi	/home/af/Documenti/a-phd/repro-results/gate-l1-normal-execution-20260919T152848Z/experimental/raw/bmulti_df_second_ffi/annotated_icfg_v2.json	leak_alloc_state	unk	unk_unoriented	none	unresolved	cqpl_result_assessment_v1	assessment_scope:normal_execution;capability:typed_edge_flow_v1;cqpl_three_valued_model_check_v1	no directional supporting or refuting finding is certified beyond the uncertainty frontier;non-directional unresolved-contract candidates do not orient UNKNOWN toward true or false;directional assessment is restricted to typed normal edges; CQPL truth remains evaluated on the complete transition relation including unwind edges	results/bmulti_df_second_ffi/leak_alloc_state.explain.json	MAY_ALLOCATION;MAY_DEALLOCATION;QUERY_THREE_VALUED_PROPAGATION	2	0			0		
experimental	bmulti_leak_second_ffi	/home/af/Documenti/a-phd/repro-results/gate-l1-normal-execution-20260919T152848Z/experimental/raw/bmulti_leak_second_ffi/annotated_icfg_v2.json	allocator_mismatch_ub	unk	unk_true	true	strong_abstract_evidence	cqpl_result_assessment_v1	contract_basis:structural_c_free_v1;cqpl_three_valued_model_check_v1;evidence:allocation_state_includes_allocated;evidence:allocator_families_differ;evidence:known_allocator_family;evidence:known_deallocator_family;evidence:may_deallocation_observed;evidence:producer_certified_deallocator_contract;finding:allocator_family_mismatch;finding_strength:strong_abstract_evidence	positive supporting evidence does not promote UNKNOWN to true;MAY evidence is never promoted to MUST	results/bmulti_leak_second_ffi/allocator_mismatch_ub.explain.json	MAY_ALLOCATION;MAY_DEALLOCATION;QUERY_THREE_VALUED_PROPAGATION	1	1	allocator_family_mismatch	strong_abstract_evidence	0		
experimental	bmulti_leak_second_ffi	/home/af/Documenti/a-phd/repro-results/gate-l1-normal-execution-20260919T152848Z/experimental/raw/bmulti_leak_second_ffi/annotated_icfg_v2.json	allocator_mismatch_ub_v2	unk	unk_true	true	strong_abstract_evidence	cqpl_result_assessment_v1	contract_basis:structural_c_free_v1;cqpl_three_valued_model_check_v1;evidence:allocation_state_includes_allocated;evidence:allocator_families_differ;evidence:known_allocator_family;evidence:known_deallocator_family;evidence:may_deallocation_observed;evidence:producer_certified_deallocator_contract;finding:allocator_family_mismatch;finding_strength:strong_abstract_evidence	positive supporting evidence does not promote UNKNOWN to true;MAY evidence is never promoted to MUST	results/bmulti_leak_second_ffi/allocator_mismatch_ub_v2.explain.json	MAY_ALLOCATION;MAY_DEALLOCATION;QUERY_THREE_VALUED_PROPAGATION	1	1	allocator_family_mismatch	strong_abstract_evidence	0		
experimental	bmulti_leak_second_ffi	/home/af/Documenti/a-phd/repro-results/gate-l1-normal-execution-20260919T152848Z/experimental/raw/bmulti_leak_second_ffi/annotated_icfg_v2.json	leak_alloc	unk	unk_true	true	observational_candidate	cqpl_result_assessment_v1	cqpl_three_valued_model_check_v1;disposition_basis:rustc_box_into_raw_v1;evidence:no_modeled_discharge_on_witness_path;evidence:normal_return_reachable;evidence:producer_certified_box_into_raw;external_effect_basis:structural_c_free_v1;external_effect_corroborating_basis:llvm16_tli_direct_callee_allockind_deallocation_v1;ffi_identity_basis:crema_bmulti_actual_formal_identity_v1;finding:normal_return_open_manual_obligation;finding_strength:observational_candidate;formal_mapping_basis:svf_formal_arg_index_v1	positive supporting evidence does not promote UNKNOWN to true;MAY evidence is never promoted to MUST	results/bmulti_leak_second_ffi/leak_alloc.explain.json	MAY_ALLOCATION;MAY_DEALLOCATION;QUERY_THREE_VALUED_PROPAGATION	2	1	normal_return_open_manual_obligation	observational_candidate	0		
experimental	bmulti_leak_second_ffi	/home/af/Documenti/a-phd/repro-results/gate-l1-normal-execution-20260919T152848Z/experimental/raw/bmulti_leak_second_ffi/annotated_icfg_v2.json	leak_alloc_state	unk	unk_true	true	observational_candidate	cqpl_result_assessment_v1	assessment_scope:normal_execution;capability:typed_edge_flow_v1;cqpl_three_valued_model_check_v1;disposition_basis:rustc_box_into_raw_v1;evidence:no_modeled_discharge_on_witness_path;evidence:normal_return_reachable;evidence:producer_certified_box_into_raw;external_effect_basis:structural_c_free_v1;external_effect_corroborating_basis:llvm16_tli_direct_callee_allockind_deallocation_v1;ffi_identity_basis:crema_bmulti_actual_formal_identity_v1;finding:normal_return_open_manual_obligation;finding_strength:observational_candidate;formal_mapping_basis:svf_formal_arg_index_v1	positive supporting evidence does not promote UNKNOWN to true;MAY evidence is never promoted to MUST;directional assessment is restricted to typed normal edges; CQPL truth remains evaluated on the complete transition relation including unwind edges	results/bmulti_leak_second_ffi/leak_alloc_state.explain.json	MAY_ALLOCATION;QUERY_THREE_VALUED_PROPAGATION	2	1	normal_return_open_manual_obligation	observational_candidate	0		
experimental	bmulti_uaf_second_ffi	/home/af/Documenti/a-phd/repro-results/gate-l1-normal-execution-20260919T152848Z/experimental/raw/bmulti_uaf_second_ffi/annotated_icfg_v2.json	allocator_mismatch_ub	unk	unk_true	true	strong_abstract_evidence	cqpl_result_assessment_v1	contract_basis:structural_c_free_v1;cqpl_three_valued_model_check_v1;evidence:allocation_state_includes_allocated;evidence:allocator_families_differ;evidence:known_allocator_family;evidence:known_deallocator_family;evidence:may_deallocation_observed;evidence:producer_certified_deallocator_contract;finding:allocator_family_mismatch;finding_strength:strong_abstract_evidence	positive supporting evidence does not promote UNKNOWN to true;MAY evidence is never promoted to MUST	results/bmulti_uaf_second_ffi/allocator_mismatch_ub.explain.json	MAY_ALLOCATION;MAY_DEALLOCATION;QUERY_THREE_VALUED_PROPAGATION	1	1	allocator_family_mismatch	strong_abstract_evidence	0		
experimental	bmulti_uaf_second_ffi	/home/af/Documenti/a-phd/repro-results/gate-l1-normal-execution-20260919T152848Z/experimental/raw/bmulti_uaf_second_ffi/annotated_icfg_v2.json	allocator_mismatch_ub_v2	unk	unk_true	true	strong_abstract_evidence	cqpl_result_assessment_v1	contract_basis:structural_c_free_v1;cqpl_three_valued_model_check_v1;evidence:allocation_state_includes_allocated;evidence:allocator_families_differ;evidence:known_allocator_family;evidence:known_deallocator_family;evidence:may_deallocation_observed;evidence:producer_certified_deallocator_contract;finding:allocator_family_mismatch;finding_strength:strong_abstract_evidence	positive supporting evidence does not promote UNKNOWN to true;MAY evidence is never promoted to MUST	results/bmulti_uaf_second_ffi/allocator_mismatch_ub_v2.explain.json	MAY_ALLOCATION;MAY_DEALLOCATION;QUERY_THREE_VALUED_PROPAGATION	1	1	allocator_family_mismatch	strong_abstract_evidence	0		
experimental	bmulti_uaf_second_ffi	/home/af/Documenti/a-phd/repro-results/gate-l1-normal-execution-20260919T152848Z/experimental/raw/bmulti_uaf_second_ffi/annotated_icfg_v2.json	leak_alloc	unk	unk_unoriented	none	unresolved	cqpl_result_assessment_v1	cqpl_three_valued_model_check_v1	no directional supporting or refuting finding is certified beyond the uncertainty frontier;non-directional unresolved-contract candidates do not orient UNKNOWN toward true or false	results/bmulti_uaf_second_ffi/leak_alloc.explain.json	MAY_ALLOCATION;MAY_DEALLOCATION;QUERY_THREE_VALUED_PROPAGATION	2	0			0		
experimental	bmulti_uaf_second_ffi	/home/af/Documenti/a-phd/repro-results/gate-l1-normal-execution-20260919T152848Z/experimental/raw/bmulti_uaf_second_ffi/annotated_icfg_v2.json	leak_alloc_state	unk	unk_unoriented	none	unresolved	cqpl_result_assessment_v1	assessment_scope:normal_execution;capability:typed_edge_flow_v1;cqpl_three_valued_model_check_v1	no directional supporting or refuting finding is certified beyond the uncertainty frontier;non-directional unresolved-contract candidates do not orient UNKNOWN toward true or false;directional assessment is restricted to typed normal edges; CQPL truth remains evaluated on the complete transition relation including unwind edges	results/bmulti_uaf_second_ffi/leak_alloc_state.explain.json	ABSTRACT_TOP_STATE;MAY_ALLOCATION;MAY_DEALLOCATION;QUERY_THREE_VALUED_PROPAGATION	2	0			0		
experimental	bmulti_uaf_second_ffi	/home/af/Documenti/a-phd/repro-results/gate-l1-normal-execution-20260919T152848Z/experimental/raw/bmulti_uaf_second_ffi/annotated_icfg_v2.json	use_after_free_alloc	unk	unk_true	true	observational_candidate	cqpl_result_assessment_v1	contract_basis:structural_c_free_v1;cqpl_three_valued_model_check_v1;evidence:allocation_state_includes_allocated;evidence:may_deallocation_observed;evidence:may_use_observed;evidence:no_reallocation_between_events;evidence:ordered_drop_before_use;finding:drop_then_use_without_reallocation;finding_strength:observational_candidate	positive supporting evidence does not promote UNKNOWN to true;MAY evidence is never promoted to MUST	results/bmulti_uaf_second_ffi/use_after_free_alloc.explain.json	MAY_ALLOCATION;MAY_DEALLOCATION;MAY_USE;QUERY_THREE_VALUED_PROPAGATION	1	1	drop_then_use_without_reallocation	observational_candidate	0		
experimental	bmulti_uaf_second_ffi	/home/af/Documenti/a-phd/repro-results/gate-l1-normal-execution-20260919T152848Z/experimental/raw/bmulti_uaf_second_ffi/annotated_icfg_v2.json	use_after_free_alloc_state	unk	unk_true	true	observational_candidate	cqpl_result_assessment_v1	contract_basis:structural_c_free_v1;cqpl_three_valued_model_check_v1;evidence:allocation_state_includes_allocated;evidence:may_deallocation_observed;evidence:may_use_observed;evidence:no_reallocation_between_events;evidence:ordered_drop_before_use;finding:drop_then_use_without_reallocation;finding_strength:observational_candidate	positive supporting evidence does not promote UNKNOWN to true;MAY evidence is never promoted to MUST	results/bmulti_uaf_second_ffi/use_after_free_alloc_state.explain.json	MAY_ALLOCATION;MAY_DEALLOCATION;MAY_USE;QUERY_THREE_VALUED_PROPAGATION	1	1	drop_then_use_without_reallocation	observational_candidate	0		
